page,total,returned,bytes,sha256
1,353,30,19000,309c9d5b65a2ab52cd4b7c7b161752c497586a9802f1b28a3cb110ba2a290667
2,353,30,19519,a32c7480b2f042ff430af766c90dc056958c873a836d98480dcf6092f91d133a
3,353,30,20008,bde74db244a47d6b6b541bfcfa107e583f0fe3164375408d161b90b9444c4c44
4,353,30,19749,651de636982b364d7dafb3f59423c94f792190383052a8ef56cda57e322f79f1
5,353,30,19301,59cd35bbd0f6091a88bf2e1d609386368f6f3a902c35401ccace4fe75c5edb92
6,353,30,19550,a7203204ea3693e44f818f47857ba978eeb53e6577a5c7a7bb812768ead6f06f
7,353,30,18841,b650dab2840648b7278a16fb22967d5ebb7bce28b39825dadf06581cb16c7e0f
8,353,30,18821,ca38ddf177f9c50523f5436ad938f8ee28069214580376063cd2699290125e2b
9,353,30,18826,5ba61021adc79ef2d6ebce14c6af380d0c8fe5625f9add4a38864e33cbd78c24
10,353,30,19069,187f9ba58a34df67f2037f5169083e02ab9d73355c4ee3375240daabe99e0a2c
11,353,30,19092,2c4a6e3629595bd8f0f9da6470f359e85ac2290a630e0613b0fd48c1031917af
12,353,23,14441,c9291f8979528bf8415de5a45323fe5ed388f0b56afe49ea28d487b69143b1ff
