date,close_raw
2010-01-04,8.87
2010-01-05,9.27
2010-01-06,9.13
2010-01-07,9.49
2010-01-08,9.68
2010-01-11,9.67
2010-01-12,9.73
2010-01-13,9.24
2010-01-14,9.35
2010-01-15,9.34
2010-01-18,9.8
2010-01-19,9.84
2010-01-20,9.69
2010-01-21,9.5
2010-01-22,9.22
2010-01-25,9.1
2010-01-26,8.69
2010-01-27,8.54
2010-01-28,8.88
2010-01-29,8.89
2010-02-01,9.05
2010-02-02,8.91
2010-02-03,9.44
2010-02-04,10.18
2010-02-08,9.86
2010-02-09,9.22
2010-02-10,9.21
2010-02-11,9.15
2010-02-12,9.28
2010-02-22,9.07
2010-02-23,8.98
2010-02-24,9.14
2010-02-25,9.6
2010-02-26,9.46
2010-03-01,9.64
2010-03-02,9.61
2010-03-03,9.64
2010-03-04,9.24
2010-03-05,9.3
2010-03-08,9.34
2010-03-09,9.21
2010-03-10,9.15
2010-03-11,9.1
2010-03-12,8.89
2010-03-15,8.91
2010-03-16,9.09
2010-03-17,9.17
2010-03-18,9.09
2010-03-19,9.21
2010-03-22,9.15
2010-03-23,8.97
2010-03-24,9.01
2010-03-25,8.73
2010-03-26,8.85
2010-03-29,8.95
2010-03-30,8.9
2010-03-31,8.8
2010-04-01,8.9
2010-04-02,8.92
2010-04-06,8.98
2010-04-07,8.98
2010-04-08,8.9
2010-04-09,8.92
2010-04-12,8.76
2010-04-13,8.7
2010-04-14,8.88
2010-04-15,8.72
2010-04-16,8.61
2010-04-19,8.07
2010-04-20,7.94
2010-04-21,8.09
2010-04-22,7.93
2010-04-23,7.9
2010-04-27,7.52
2010-04-28,7.57
2010-04-29,7.41
2010-04-30,7.28
2010-05-04,7.18
2010-05-05,7.29
2010-05-06,6.94
2010-05-07,6.76
2010-05-10,6.92
2010-05-11,6.78
2010-05-12,6.95
2010-05-13,7.16
2010-05-14,7.08
2010-05-17,6.44
2010-05-18,6.58
2010-05-19,6.57
2010-05-20,6.42
2010-05-21,6.42
2010-05-24,6.68
2010-05-25,6.49
2010-05-26,6.59
2010-05-27,6.7
2010-05-28,6.69
2010-05-31,6.43
2010-06-01,6.3
2010-06-02,6.4
2010-06-03,6.35
2010-06-04,6.44
2010-06-07,6.32
2010-06-08,6.34
2010-06-09,6.55
2010-06-10,6.51
2010-06-11,6.46
2010-06-17,6.43
2010-06-18,6.2
2010-06-21,6.82
2010-06-22,7.14
2010-06-23,6.88
2010-06-24,6.84
2010-06-25,6.69
2010-06-28,6.63
2010-06-29,6.22
2010-06-30,6.03
2010-07-01,5.97
2010-07-02,5.9
2010-07-05,5.8
2010-07-06,5.98
2010-07-07,6.18
2010-07-08,6.09
2010-07-09,6.21
2010-07-12,6.31
2010-07-13,6.14
2010-07-14,6.17
2010-07-15,6.03
2010-07-16,6.05
2010-07-19,6.2
2010-07-20,6.38
2010-07-21,6.37
2010-07-22,6.47
2010-07-23,6.44
2010-07-26,6.48
2010-07-27,6.42
2010-07-28,6.61
2010-07-29,6.7
2010-07-30,6.68
2010-08-02,6.74
2010-08-03,6.6
2010-08-04,6.61
2010-08-05,6.6
2010-08-06,6.76
2010-08-09,6.82
2010-08-10,6.52
2010-08-11,6.56
2010-08-12,6.44
2010-08-13,6.56
2010-08-16,6.86
2010-08-17,6.86
2010-08-18,6.79
2010-08-19,6.86
2010-08-20,6.8
2010-08-23,6.85
2010-08-24,6.94
2010-08-25,6.64
2010-08-26,6.6
2010-08-27,6.58
2010-08-30,6.77
2010-08-31,6.65
2010-09-01,6.56
2010-09-02,6.69
2010-09-03,6.79
2010-09-06,6.84
2010-09-07,6.92
2010-09-08,6.87
2010-09-09,6.64
2010-09-10,6.64
2010-09-13,6.71
2010-09-14,6.66
2010-09-15,6.71
2010-09-16,7.03
2010-09-17,6.86
2010-09-20,7.16
2010-09-21,7.13
2010-09-27,7.44
2010-09-28,7.33
2010-09-29,7.1
2010-09-30,7.14
2010-10-08,7.34
2010-10-11,7.31
2010-10-12,7.22
2010-10-13,7.23
2010-10-14,7.15
2010-10-15,7.18
2010-10-18,7.46
2010-10-19,7.51
2010-10-20,7.31
2010-10-21,7.49
2010-10-22,7.44
2010-10-25,7.6
2010-10-26,7.5
2010-10-27,7.78
2010-10-28,7.54
2010-11-01,7.75
2010-11-02,7.94
2010-11-03,7.78
2010-11-04,7.89
2010-11-05,8.15
2010-11-08,8.2
2010-11-09,8.44
2010-11-10,8.21
2010-11-11,8.01
2010-11-12,7.33
2010-11-15,7.48
2010-11-16,7.2
2010-11-17,7.02
2010-11-18,7.15
2010-11-19,7.21
2010-11-22,7.19
2010-11-23,6.86
2010-11-24,7.02
2010-11-25,7.12
2010-11-26,7.06
2010-11-29,7.16
2010-11-30,7.22
2010-12-01,7.82
2010-12-02,7.81
2010-12-03,7.63
2010-12-06,7.22
2010-12-07,7.2
2010-12-08,7.1
2010-12-09,7.01
2010-12-10,7.1
2010-12-13,7.22
2010-12-14,7.33
2010-12-15,7.23
2010-12-16,7.26
2010-12-17,7.2
2010-12-20,7.0
2010-12-21,7.11
2010-12-22,7.06
2010-12-23,6.92
2010-12-24,6.88
2010-12-27,6.66
2010-12-28,6.52
2010-12-29,6.57
2010-12-30,6.51
2010-12-31,6.61
2011-01-04,6.72
2011-01-05,6.75
2011-01-06,6.67
2011-01-10,6.48
2011-01-11,6.55
2011-01-12,6.59
2011-01-13,6.56
2011-01-14,6.4
2011-01-17,6.16
2011-01-18,6.2
2011-01-19,6.31
2011-01-20,6.1
2011-01-21,6.18
2011-01-24,6.17
2011-01-25,6.07
2011-01-26,6.18
2011-01-27,6.29
2011-01-28,6.29
2011-01-31,6.35
2011-02-01,6.32
2011-02-09,6.27
2011-02-10,6.45
2011-02-11,6.5
2011-02-14,6.61
2011-02-15,6.65
2011-02-16,6.7
2011-02-17,6.68
2011-02-18,6.55
2011-02-21,6.62
2011-02-22,6.45
2011-02-23,6.51
2011-02-24,6.61
2011-02-25,6.63
2011-02-28,6.73
2011-03-01,6.75
2011-03-02,6.88
2011-03-03,6.75
2011-03-04,6.78
2011-03-07,6.86
2011-03-08,6.96
2011-03-09,7.22
2011-03-10,7.02
2011-03-14,6.87
2011-03-15,6.68
2011-03-16,6.75
2011-03-17,6.62
2011-03-18,6.7
2011-03-21,6.77
2011-03-22,6.81
2011-03-23,6.84
2011-03-24,6.9
2011-03-25,6.97
2011-03-28,6.95
2011-03-29,6.79
2011-03-30,6.72
2011-03-31,6.68
2011-04-01,6.74
2011-04-06,6.8
2011-04-07,6.84
2011-04-08,6.88
2011-04-11,6.73
2011-04-12,6.81
2011-04-13,6.94
2011-04-14,6.88
2011-04-15,6.95
2011-04-18,6.97
2011-04-19,6.82
2011-04-20,6.86
2011-04-21,6.95
2011-04-25,6.71
2011-04-26,6.6
2011-04-27,6.5
2011-04-28,6.22
2011-04-29,6.32
2011-05-03,6.37
2011-05-04,6.29
2011-05-05,6.34
2011-05-06,6.34
2011-05-09,6.35
2011-05-10,6.37
2011-05-11,6.4
2011-05-12,6.39
2011-05-13,6.44
2011-05-16,6.45
2011-05-17,6.45
2011-05-18,6.54
2011-05-19,6.46
2011-05-23,6.12
2011-05-24,6.1
2011-05-25,6.03
2011-05-26,6.02
2011-05-27,5.96
2011-05-30,5.77
2011-05-31,5.87
2011-06-01,5.88
2011-06-02,5.76
2011-06-03,5.83
2011-06-07,5.88
2011-06-08,5.9
2011-06-09,5.81
2011-06-10,5.84
2011-06-13,5.85
2011-06-14,5.89
2011-06-15,5.85
2011-06-16,5.74
2011-06-17,5.65
2011-06-20,5.52
2011-06-21,5.57
2011-06-22,5.56
2011-06-23,5.64
2011-06-24,5.75
2011-06-27,5.78
2011-06-28,5.78
2011-06-29,5.73
2011-06-30,5.8
2011-07-01,5.8
2011-07-04,5.9
2011-07-05,5.91
2011-07-06,5.87
2011-07-07,5.86
2011-07-08,5.93
2011-07-11,5.98
2011-07-12,6.25
2011-07-13,6.34
2011-07-14,6.36
2011-07-15,6.27
2011-07-18,6.39
2011-07-19,6.37
2011-07-20,6.3
2011-07-21,6.06
2011-07-22,6.11
2011-07-25,5.79
2011-07-26,5.96
2011-07-27,6.07
2011-07-28,6.23
2011-07-29,6.14
2011-08-01,6.0
2011-08-02,6.04
2011-08-03,6.07
2011-08-04,6.18
2011-08-05,6.1
2011-08-08,5.61
2011-08-09,5.45
2011-08-10,5.5
2011-08-11,5.56
2011-08-12,6.01
2011-08-15,6.09
2011-08-16,5.94
2011-08-17,5.88
2011-08-18,5.71
2011-08-19,5.61
2011-08-22,5.58
2011-08-23,5.7
2011-08-24,5.67
2011-08-25,5.81
2011-08-26,5.8
2011-08-29,5.67
2011-08-30,5.69
2011-08-31,5.65
2011-09-01,5.61
2011-09-02,5.52
2011-09-05,5.52
2011-09-06,5.48
2011-09-07,5.58
2011-09-08,5.55
2011-09-09,5.49
2011-09-13,5.41
2011-09-14,5.47
2011-09-15,5.48
2011-09-19,5.42
2011-09-20,5.41
2011-09-21,5.53
2011-09-22,5.34
2011-09-23,5.33
2011-09-26,5.23
2011-09-27,5.27
2011-09-28,5.19
2011-09-29,5.07
2011-09-30,5.09
2011-10-10,5.1
2011-10-11,5.09
2011-10-12,5.24
2011-10-13,5.28
2011-10-14,5.22
2011-10-17,5.23
2011-10-18,5.08
2011-10-19,5.08
2011-10-20,5.0
2011-10-21,4.93
2011-10-24,5.03
2011-10-25,5.09
2011-10-26,5.09
2011-10-27,5.09
2011-10-28,5.2
2011-10-31,5.22
2011-11-01,5.18
2011-11-02,5.2
2011-11-03,5.25
2011-11-04,5.3
2011-11-07,5.3
2011-11-08,5.26
2011-11-09,5.24
2011-11-10,5.13
2011-11-11,5.17
2011-11-14,5.25
2011-11-15,5.28
2011-11-16,5.17
2011-11-17,5.12
2011-11-18,5.02
2011-11-21,5.0
2011-11-22,5.0
2011-11-23,4.94
2011-11-24,4.93
2011-11-25,4.89
2011-11-28,4.89
2011-11-29,4.93
2011-11-30,4.64
2011-12-01,4.73
2011-12-02,4.64
2011-12-05,4.53
2011-12-06,4.53
2011-12-07,4.5
2011-12-08,4.45
2011-12-09,4.4
2011-12-12,4.35
2011-12-13,4.18
2011-12-14,4.12
2011-12-15,3.99
2011-12-16,4.1
2011-12-19,4.07
2011-12-20,4.1
2011-12-21,4.0
2011-12-22,3.91
2011-12-23,3.98
2011-12-26,3.98
2011-12-27,3.9
2011-12-28,3.94
2011-12-29,3.94
2011-12-30,3.98
2012-01-04,3.85
2012-01-05,3.66
2012-01-06,3.69
2012-01-09,3.81
2012-01-10,3.96
2012-01-11,3.98
2012-01-12,3.96
2012-01-13,3.85
2012-01-16,3.83
2012-01-17,4.21
2012-01-18,4.12
2012-01-19,4.12
2012-01-20,4.1
2012-01-30,4.07
2012-01-31,4.07
2012-02-01,4.02
2012-02-02,4.08
2012-02-03,4.12
2012-02-06,4.14
2012-02-07,4.06
2012-02-08,4.14
2012-02-09,4.2
2012-02-10,4.21
2012-02-13,4.19
2012-02-14,4.21
2012-02-15,4.32
2012-02-16,4.28
2012-02-17,4.3
2012-02-20,4.29
2012-02-21,4.29
2012-02-22,4.35
2012-02-23,4.35
2012-02-24,4.42
2012-02-27,4.43
2012-02-28,4.48
2012-02-29,4.34
2012-03-01,4.37
2012-03-02,4.45
2012-03-05,4.42
2012-03-06,4.35
2012-03-07,4.33
2012-03-08,4.42
2012-03-09,4.47
2012-03-12,4.47
2012-03-13,4.52
2012-03-14,4.23
2012-03-15,4.2
2012-03-16,4.26
2012-03-19,4.32
2012-03-20,4.2
2012-03-21,4.25
2012-03-22,4.23
2012-03-23,4.16
2012-03-26,4.13
2012-03-27,4.09
2012-03-28,3.91
2012-03-29,3.81
2012-03-30,3.8
2012-04-05,3.95
2012-04-06,3.95
2012-04-09,3.87
2012-04-10,3.92
2012-04-11,4.05
2012-04-12,4.17
2012-04-13,4.26
2012-04-16,4.26
2012-04-17,4.11
2012-04-18,4.29
2012-04-19,4.27
2012-04-23,4.35
2012-04-24,4.5
2012-04-25,4.58
2012-04-26,4.48
2012-04-27,4.42
2012-05-02,4.39
2012-05-03,4.36
2012-05-04,4.4
2012-05-07,4.4
2012-05-08,4.35
2012-05-09,4.23
2012-05-10,4.21
2012-05-11,4.24
2012-05-14,4.2
2012-05-15,4.23
2012-05-16,4.2
2012-05-17,4.41
2012-05-18,4.29
2012-05-21,4.17
2012-05-22,4.18
2012-05-23,4.13
2012-05-24,4.11
2012-05-25,4.01
2012-05-28,4.1
2012-05-29,4.18
2012-05-30,4.19
2012-05-31,4.16
2012-06-01,4.17
2012-06-04,3.98
2012-06-05,3.98
2012-06-06,3.98
2012-06-07,3.94
2012-06-08,3.85
2012-06-11,3.91
2012-06-12,3.86
2012-06-13,3.95
2012-06-14,3.94
2012-06-15,3.93
2012-06-18,3.94
2012-06-19,3.89
2012-06-20,3.87
2012-06-21,3.79
2012-06-25,4.17
2012-06-26,4.59
2012-06-27,4.77
2012-06-28,4.31
2012-06-29,4.38
2012-07-02,4.31
2012-07-03,4.38
2012-07-04,4.29
2012-07-05,4.36
2012-07-06,4.36
2012-07-09,4.23
2012-07-10,3.95
2012-07-11,3.99
2012-07-12,3.95
2012-07-13,3.91
2012-07-16,3.7
2012-07-17,3.91
2012-07-18,4.2
2012-07-19,4.18
2012-07-20,4.0
2012-07-23,4.4
2012-07-24,4.39
2012-07-25,4.83
2012-07-26,4.58
2012-07-27,4.43
2012-07-30,4.13
2012-07-31,4.17
2012-08-01,4.18
2012-08-02,4.48
2012-08-03,4.42
2012-08-06,4.44
2012-08-07,4.64
2012-08-08,4.44
2012-08-09,4.69
2012-08-10,4.58
2012-08-13,4.41
2012-08-14,4.5
2012-08-15,4.34
2012-08-16,4.26
2012-08-17,4.28
2012-08-20,4.34
2012-08-21,4.4
2012-08-22,4.28
2012-08-23,4.26
2012-08-24,4.19
2012-08-27,4.02
2012-08-28,4.04
2012-08-29,4.07
2012-08-30,3.92
2012-08-31,3.94
2012-09-03,3.99
2012-09-04,3.89
2012-09-05,3.91
2012-09-06,3.97
2012-09-07,4.09
2012-09-10,4.08
2012-09-11,4.33
2012-09-12,4.34
2012-09-13,4.16
2012-09-14,4.15
2012-09-17,3.97
2012-09-18,3.99
2012-09-19,3.98
2012-09-20,3.79
2012-09-21,3.9
2012-09-24,3.89
2012-09-25,3.84
2012-09-26,3.79
2012-09-27,3.86
2012-09-28,3.91
2012-10-08,3.92
2012-10-09,4.01
2012-10-10,4.08
2012-10-11,3.95
2012-10-12,3.97
2012-10-15,3.91
2012-10-16,3.92
2012-10-17,3.94
2012-10-18,3.99
2012-10-19,3.97
2012-10-22,3.94
2012-10-23,3.92
2012-10-24,3.96
2012-10-25,3.94
2012-10-26,3.8
2012-10-29,3.78
2012-10-30,3.76
2012-10-31,3.75
2012-11-01,3.81
2012-11-02,3.86
2012-11-05,3.83
2012-11-06,3.79
2012-11-07,3.8
2012-11-08,3.7
2012-11-09,3.71
2012-11-12,3.75
2012-11-13,3.69
2012-11-14,3.71
2012-11-15,3.6
2012-11-16,3.62
2012-11-19,3.6
2012-11-20,3.61
2012-11-21,3.68
2012-11-22,3.61
2012-11-23,3.6
2012-11-26,3.64
2012-11-27,3.49
2012-11-28,3.34
2012-11-29,3.32
2012-11-30,3.36
2012-12-03,3.26
2012-12-04,3.31
2012-12-05,3.38
2012-12-06,3.42
2012-12-07,3.45
2012-12-10,3.48
2012-12-11,3.56
2012-12-12,3.51
2012-12-13,3.45
2012-12-14,3.8
2012-12-17,3.8
2012-12-18,3.72
2012-12-19,3.7
2012-12-20,3.72
2012-12-21,3.7
2012-12-24,3.68
2012-12-25,3.75
2012-12-26,3.75
2012-12-27,3.72
2012-12-28,3.72
2012-12-31,3.75
2013-01-04,3.77
2013-01-07,3.81
2013-01-08,3.8
2013-01-09,3.79
2013-01-10,3.86
2013-01-11,3.79
2013-01-14,3.83
2013-01-15,3.87
2013-01-16,3.85
2013-01-17,3.83
2013-01-18,3.87
2013-01-21,3.93
2013-01-22,3.83
2013-01-23,3.84
2013-01-24,3.73
2013-01-25,3.75
2013-01-28,3.81
2013-01-29,3.87
2013-01-30,3.91
2013-01-31,3.87
2013-02-01,4.0
2013-02-04,4.14
2013-02-05,4.04
2013-02-06,4.05
2013-02-07,4.06
2013-02-08,4.06
2013-02-18,4.02
2013-02-19,3.93
2013-02-20,3.98
2013-02-21,3.88
2013-02-22,3.89
2013-02-25,3.91
2013-02-26,3.81
2013-02-27,3.82
2013-02-28,3.92
2013-03-01,3.9
2013-03-04,3.82
2013-03-05,3.87
2013-03-06,3.91
2013-03-07,3.98
2013-03-08,3.92
2013-03-11,3.9
2013-03-12,3.83
2013-03-13,3.79
2013-03-14,3.77
2013-03-15,3.78
2013-03-18,3.67
2013-03-19,3.71
2013-03-20,3.78
2013-03-21,3.78
2013-03-22,3.81
2013-03-25,3.8
2013-03-26,3.75
2013-03-27,3.81
2013-03-28,3.92
2013-03-29,3.89
2013-04-01,3.79
2013-04-02,3.99
2013-04-03,3.89
2013-04-08,3.81
2013-04-09,3.94
2013-04-10,3.89
2013-04-11,4.13
2013-04-12,3.88
2013-04-15,3.77
2013-04-16,3.76
2013-04-17,3.8
2013-04-18,3.74
2013-04-19,3.75
2013-04-22,3.75
2013-04-23,3.76
2013-04-24,3.79
2013-04-25,3.58
2013-04-26,3.44
2013-05-02,3.46
2013-05-03,3.51
2013-05-06,3.53
2013-05-07,3.54
2013-05-08,3.52
2013-05-09,3.46
2013-05-10,3.48
2013-05-13,3.51
2013-05-14,3.46
2013-05-15,3.47
2013-05-16,3.49
2013-05-17,3.54
2013-05-20,3.57
2013-05-21,3.64
2013-05-22,3.63
2013-05-23,3.58
2013-05-24,3.6
2013-05-27,3.6
2013-05-28,3.64
2013-05-29,3.62
2013-05-30,3.62
2013-05-31,3.57
2013-06-03,3.59
2013-06-04,3.56
2013-06-05,3.57
2013-06-06,3.49
2013-06-07,3.42
2013-06-13,3.28
2013-06-14,3.42
2013-06-17,3.38
2013-06-18,3.35
2013-06-19,3.36
2013-06-20,3.23
2013-06-21,3.2
2013-06-24,3.0
2013-06-25,2.95
2013-06-26,2.91
2013-06-27,2.85
2013-06-28,2.86
2013-07-01,3.0
2013-07-02,2.99
2013-07-03,3.05
2013-07-04,3.09
2013-07-05,3.13
2013-07-08,2.99
2013-07-09,2.97
2013-07-10,3.08
2013-07-11,3.17
2013-07-12,3.07
2013-07-15,3.14
2013-07-16,3.14
2013-07-17,3.08
2013-07-18,3.06
2013-07-19,2.99
2013-07-22,2.98
2013-07-23,3.04
2013-07-24,3.06
2013-07-25,3.0
2013-07-26,2.97
2013-07-29,2.96
2013-07-30,2.93
2013-07-31,2.92
2013-08-01,2.99
2013-08-02,3.0
2013-08-05,3.3
2013-08-06,3.23
2013-08-07,3.25
2013-08-08,3.18
2013-08-09,3.19
2013-08-12,3.22
2013-08-13,3.33
2013-08-14,3.25
2013-08-15,3.22
2013-08-16,3.18
2013-08-19,3.21
2013-08-20,3.19
2013-08-21,3.19
2013-08-22,3.19
2013-08-23,3.14
2013-08-26,3.24
2013-08-27,3.28
2013-08-28,3.37
2013-08-29,3.5
2013-08-30,3.61
2013-09-02,3.35
2013-09-03,3.5
2013-09-04,3.42
2013-09-05,3.36
2013-09-06,3.47
2013-09-09,3.56
2013-09-10,3.92
2013-09-11,4.06
2013-09-12,3.93
2013-09-13,3.76
2013-09-16,3.81
2013-09-17,3.64
2013-09-18,3.67
2013-09-23,3.72
2013-09-24,3.9
2013-09-25,3.78
2013-09-26,3.6
2013-09-27,3.56
2013-09-30,3.57
2013-10-08,3.63
2013-10-09,3.82
2013-10-10,3.7
2013-10-11,3.75
2013-10-14,3.78
2013-10-15,3.82
2013-10-16,3.68
2013-10-17,3.82
2013-10-18,3.79
2013-10-21,3.8
2013-10-22,3.84
2013-10-23,3.68
2013-10-24,3.6
2013-10-25,3.56
2013-10-28,3.6
2013-10-29,3.45
2013-10-30,3.55
2013-10-31,3.54
2013-11-01,3.51
2013-11-04,3.51
2013-11-05,3.52
2013-11-06,3.54
2013-11-07,3.53
2013-11-08,3.48
2013-11-11,3.46
2013-11-12,3.64
2013-11-13,3.57
2013-11-14,3.53
2013-11-15,3.61
2013-11-18,3.69
2013-11-19,3.7
2013-11-20,3.8
2013-11-21,3.78
2013-11-22,3.69
2013-11-25,3.79
2013-11-26,3.84
2013-11-27,3.82
2013-11-28,3.78
2013-11-29,3.83
2013-12-02,3.71
2013-12-03,3.85
2013-12-04,4.24
2013-12-05,4.66
2013-12-06,4.57
2013-12-09,4.51
2013-12-10,4.46
2013-12-11,4.36
2013-12-12,4.26
2013-12-13,4.27
2013-12-16,4.06
2013-12-17,3.98
2013-12-18,3.97
2013-12-19,3.94
2013-12-20,3.97
2013-12-23,3.91
2013-12-24,3.87
2013-12-25,3.9
2013-12-26,3.74
2013-12-27,3.82
2013-12-30,3.81
2013-12-31,3.81
2014-01-02,3.82
2014-01-03,3.73
2014-01-06,3.54
2014-01-07,3.56
2014-01-08,3.58
2014-01-09,3.51
2014-01-10,3.46
2014-01-13,3.36
2014-01-14,3.43
2014-01-15,3.51
2014-01-16,3.49
2014-01-17,3.4
2014-01-20,3.39
2014-01-21,3.46
2014-01-22,3.56
2014-01-23,3.54
2014-01-24,3.58
2014-01-27,3.54
2014-01-28,3.57
2014-01-29,3.57
2014-01-30,3.52
2014-02-07,3.57
2014-02-10,3.66
2014-02-11,3.74
2014-02-12,3.88
2014-02-13,3.78
2014-02-14,3.82
2014-02-17,3.85
2014-02-18,3.81
2014-02-19,3.92
2014-02-20,3.98
2014-02-21,3.84
2014-02-24,3.77
2014-02-25,3.66
2014-02-26,3.68
2014-02-27,3.62
2014-02-28,3.67
2014-03-03,3.77
2014-03-04,3.79
2014-03-05,3.83
2014-03-06,3.84
2014-03-07,3.76
2014-03-10,3.64
2014-03-11,3.66
2014-03-12,3.63
2014-03-13,3.65
2014-03-14,3.63
2014-03-17,3.68
2014-03-18,3.67
2014-03-19,3.6
2014-03-20,3.56
2014-03-21,3.64
2014-03-24,3.7
2014-03-25,3.74
2014-03-26,3.74
2014-03-27,3.68
2014-03-28,3.64
2014-03-31,3.61
2014-04-01,3.97
2014-04-02,3.91
2014-04-03,3.82
2014-04-04,3.85
2014-04-08,3.86
2014-04-09,3.83
2014-04-10,3.86
2014-04-11,3.8
2014-04-14,3.86
2014-04-15,3.85
2014-04-16,3.89
2014-04-17,3.91
2014-04-18,3.99
2014-04-21,3.83
2014-04-22,3.78
2014-04-23,3.74
2014-04-24,3.63
2014-04-25,3.51
2014-04-28,3.43
2014-04-29,3.53
2014-04-30,3.56
2014-05-05,3.54
2014-05-06,3.51
2014-05-07,3.39
2014-05-08,3.43
2014-05-09,3.4
2014-05-12,3.52
2014-05-13,3.48
2014-05-14,3.51
2014-05-15,3.43
2014-05-16,3.46
2014-05-19,3.41
2014-05-20,3.43
2014-05-21,3.43
2014-05-22,3.43
2014-05-23,3.46
2014-05-26,3.49
2014-05-27,3.48
2014-05-28,3.5
2014-05-29,3.47
2014-05-30,3.45
2014-06-03,3.48
2014-06-04,3.47
2014-06-05,3.48
2014-06-06,3.45
2014-06-09,3.4
2014-06-10,3.43
2014-06-11,3.44
2014-06-12,3.46
2014-06-13,3.47
2014-06-16,3.51
2014-06-17,3.47
2014-06-18,3.45
2014-06-19,3.35
2014-06-20,3.38
2014-06-23,3.37
2014-06-24,3.38
2014-06-25,3.37
2014-06-26,3.41
2014-06-27,3.47
2014-06-30,3.47
2014-07-01,3.51
2014-07-02,3.55
2014-07-03,3.64
2014-07-04,3.55
2014-07-07,3.55
2014-07-08,3.57
2014-07-09,3.48
2014-07-10,3.49
2014-07-11,3.6
2014-07-14,3.6
2014-07-15,3.62
2014-07-16,3.73
2014-07-17,3.72
2014-07-18,3.65
2014-07-21,3.67
2014-07-22,3.74
2014-07-23,3.68
2014-07-24,3.71
2014-07-25,3.73
2014-07-28,3.78
2014-07-29,3.76
2014-07-30,3.75
2014-07-31,3.81
2014-08-01,3.72
2014-08-04,3.77
2014-08-05,3.82
2014-08-06,3.85
2014-08-07,3.89
2014-08-08,3.82
2014-08-11,3.86
2014-08-12,3.86
2014-08-13,3.9
2014-08-14,3.88
2014-08-15,3.91
2014-08-18,3.97
2014-08-19,3.98
2014-08-20,3.98
2014-08-21,3.94
2014-08-22,4.1
2014-08-25,4.07
2014-08-26,3.97
2014-08-27,3.95
2014-08-28,3.89
2014-08-29,3.91
2014-09-01,4.01
2014-09-02,4.07
2014-09-03,4.09
2014-09-04,4.12
2014-09-05,4.16
2014-09-09,4.17
2014-09-10,4.22
2014-09-11,4.22
2014-09-12,4.32
2014-09-15,4.46
2014-09-16,4.41
2014-09-17,4.71
2014-09-18,4.66
2014-09-19,4.59
2014-09-22,4.43
2014-09-23,4.68
2014-09-24,4.71
2014-09-25,4.64
2014-09-26,4.66
2014-09-29,4.8
2014-09-30,4.81
2014-10-08,4.88
2014-10-09,4.82
2014-10-10,4.74
2014-10-13,4.7
2014-10-14,4.72
2014-10-15,4.73
2014-10-16,4.68
2014-10-17,4.54
2014-10-20,4.59
2014-10-21,4.48
2014-10-22,4.35
2014-10-23,4.23
2014-10-24,4.29
2014-10-27,4.32
2014-10-28,4.53
2014-10-29,4.66
2014-10-30,4.73
2014-10-31,4.67
2014-11-03,5.14
2014-11-04,5.65
2014-11-05,5.46
2014-11-06,5.47
2014-11-07,5.27
2014-11-10,5.36
2014-11-11,5.06
2014-11-12,5.2
2014-11-13,5.16
2014-11-14,5.09
2014-11-17,5.14
2014-11-18,5.14
2014-11-19,5.12
2014-11-20,5.24
2014-11-21,5.26
2014-11-24,5.36
2014-11-25,5.46
2014-11-26,5.33
2014-11-27,5.44
2014-11-28,5.62
2014-12-01,5.66
2014-12-02,5.57
2014-12-03,5.49
2014-12-04,5.74
2014-12-05,5.82
2014-12-08,6.16
2014-12-09,5.72
2014-12-10,5.81
2014-12-11,6.07
2014-12-12,5.9
2014-12-15,5.92
2014-12-16,6.1
2014-12-17,6.39
2014-12-18,7.03
2014-12-19,7.73
2014-12-22,6.96
2014-12-23,6.33
2014-12-24,6.42
2014-12-25,6.73
2014-12-26,6.84
2014-12-29,7.0
2014-12-30,6.65
2014-12-31,6.67
2015-01-05,6.9
2015-01-06,7.01
2015-01-07,6.86
2015-01-08,6.65
2015-01-09,6.42
2015-01-12,6.05
2015-01-13,6.06
2015-01-14,6.08
2015-01-15,6.2
2015-01-16,6.16
2015-01-19,5.54
2015-01-20,5.65
2015-01-21,5.88
2015-01-22,5.97
2015-01-23,6.01
2015-01-26,6.08
2015-01-27,6.05
2015-01-28,5.95
2015-01-29,5.89
2015-01-30,5.67
2015-02-02,5.54
2015-02-03,5.76
2015-02-04,5.66
2015-02-05,5.61
2015-02-06,5.56
2015-02-09,5.72
2015-02-10,5.86
2015-02-11,5.83
2015-02-12,5.9
2015-02-13,5.97
2015-02-16,6.1
2015-02-17,6.39
2015-02-25,6.29
2015-02-26,6.59
2015-02-27,6.61
2015-03-02,6.71
2015-03-03,6.46
2015-03-04,6.52
2015-03-05,6.49
2015-03-06,6.66
2015-03-09,6.65
2015-03-10,6.95
2015-03-11,6.95
2015-03-12,6.88
2015-03-13,6.99
2015-03-16,7.12
2015-03-17,7.52
2015-03-18,7.55
2015-03-19,7.44
2015-03-20,7.52
2015-03-23,7.57
2015-03-24,7.34
2015-03-25,7.19
2015-03-26,7.25
2015-03-27,7.31
2015-03-30,7.53
2015-03-31,7.44
2015-04-01,7.68
2015-04-02,7.66
2015-04-03,7.67
2015-04-07,7.92
2015-04-08,7.7
2015-04-09,7.36
2015-04-10,7.65
2015-04-13,7.88
2015-04-14,8.35
2015-06-11,9.19
2015-06-12,10.11
2015-06-15,11.12
2015-06-16,12.23
2015-06-17,13.45
2015-06-18,14.8
2015-06-19,15.64
2015-06-23,14.45
2015-06-24,15.9
2015-06-25,17.49
2015-06-26,16.68
2015-06-29,15.03
2015-06-30,16.11
2015-07-01,15.27
2015-07-02,13.74
2015-07-03,12.69
2015-07-06,13.21
2015-07-07,11.89
2015-07-13,13.08
2015-07-14,14.39
2015-07-15,12.95
2015-07-16,12.75
2015-07-17,13.47
2015-07-20,13.82
2015-07-21,13.68
2015-07-22,15.05
2015-07-23,16.56
2015-07-24,15.99
2015-07-27,14.85
2015-07-28,15.22
2015-07-29,16.7
2015-07-30,15.98
2015-07-31,14.91
2015-08-03,13.42
2015-08-04,14.76
2015-08-05,14.4
2015-08-06,14.65
2015-08-07,16.12
2015-08-10,17.4
2015-08-11,16.96
2015-08-12,16.24
2015-08-13,16.96
2015-08-14,16.44
2015-08-17,18.08
2015-08-18,16.86
2015-08-19,17.9
2015-08-20,16.32
2015-08-21,15.4
2015-08-24,13.86
2015-08-25,12.47
2015-08-26,12.17
2015-08-27,12.98
2015-08-28,14.2
2015-08-31,13.13
2015-09-01,12.1
2015-09-02,11.56
2015-09-07,12.03
2015-09-08,12.67
2015-09-09,12.94
2015-09-10,12.65
2015-09-11,12.76
2015-09-14,11.48
2015-09-15,10.55
2015-09-16,11.61
2015-09-17,11.22
2015-09-18,11.51
2015-09-21,12.07
2015-09-22,12.11
2015-09-23,11.96
2015-09-24,12.04
2015-09-25,11.39
2015-09-28,11.46
2015-09-29,11.59
2015-09-30,11.83
2015-10-08,12.23
2015-10-09,12.23
2015-10-12,12.78
2015-10-13,13.08
2015-10-14,12.94
2015-10-15,13.13
2015-10-16,13.25
2015-10-19,13.08
2015-10-20,13.17
2015-10-21,12.76
2015-10-22,13.19
2015-10-23,13.87
2015-10-26,13.96
2015-10-27,14.12
2015-10-28,13.79
2015-10-29,13.64
2015-10-30,15.0
2015-11-02,14.4
2015-11-03,14.24
2015-11-04,14.95
2015-11-05,14.76
2015-11-06,14.89
2015-11-09,15.02
2015-11-10,14.89
2015-11-11,15.02
2015-11-12,14.73
2015-11-13,14.25
2015-11-16,14.86
2015-11-17,15.03
2015-11-18,15.05
2015-11-19,15.24
2015-11-20,16.09
2015-11-23,15.93
2015-11-24,16.18
2015-11-25,17.8
2015-11-26,19.58
2015-11-27,18.26
2015-11-30,18.66
2015-12-01,17.57
2015-12-02,17.24
2015-12-03,17.87
2015-12-04,17.58
2015-12-07,17.3
2015-12-08,17.09
2015-12-09,17.02
2015-12-10,18.17
2015-12-11,17.08
2015-12-14,16.81
2015-12-15,16.9
2015-12-16,17.51
2015-12-17,17.96
2015-12-18,17.47
2015-12-21,17.49
2015-12-22,17.8
2015-12-23,18.1
2015-12-24,17.5
2015-12-25,17.54
2015-12-28,16.44
2015-12-29,16.54
2015-12-30,16.41
2015-12-31,16.17
2016-01-04,14.55
2016-01-05,14.17
2016-01-06,14.38
2016-01-07,12.95
2016-01-08,12.83
2016-01-11,11.93
2016-01-12,12.17
2016-01-13,11.99
2016-01-14,12.4
2016-01-15,11.87
2016-01-18,12.01
2016-01-19,12.49
2016-01-20,12.18
2016-01-21,11.59
2016-01-22,11.65
2016-01-25,12.09
2016-01-26,11.31
2016-01-27,10.73
2016-01-28,10.21
2016-01-29,10.57
2016-02-01,10.43
2016-02-02,11.47
2016-02-03,11.82
2016-02-04,12.07
2016-02-05,12.46
2016-02-15,12.48
2016-02-16,13.06
2016-02-17,13.16
2016-02-18,12.97
2016-02-19,12.78
2016-02-22,12.87
2016-02-23,12.89
2016-02-24,12.85
2016-02-25,11.57
2016-02-26,11.41
2016-02-29,10.39
2016-03-01,10.65
2016-03-02,11.27
2016-03-03,11.26
2016-03-04,10.89
2016-03-07,11.14
2016-03-08,11.45
2016-03-09,11.54
2016-03-10,11.97
2016-03-11,11.66
2016-03-14,11.9
2016-03-15,11.91
2016-03-16,11.59
2016-03-17,11.94
2016-03-18,12.24
2016-03-21,12.44
2016-03-22,12.4
2016-03-23,12.52
2016-03-24,12.39
2016-03-25,12.37
2016-03-28,12.33
2016-03-29,11.91
2016-03-30,12.44
2016-03-31,12.57
2016-04-01,12.4
2016-04-05,12.89
2016-04-06,12.66
2016-04-07,12.46
2016-04-08,12.21
2016-04-11,12.56
2016-04-12,13.15
2016-04-13,13.05
2016-04-14,13.01
2016-04-15,12.96
2016-04-18,12.6
2016-04-19,12.65
2016-04-20,11.82
2016-04-21,11.64
2016-04-22,11.7
2016-04-25,11.68
2016-04-26,11.75
2016-04-27,11.73
2016-04-28,11.5
2016-04-29,11.6
2016-05-03,11.93
2016-05-04,11.85
2016-05-05,11.86
2016-05-06,11.35
2016-05-09,10.9
2016-05-10,11.03
2016-05-11,10.68
2016-05-12,10.48
2016-05-13,10.62
2016-05-16,10.66
2016-05-17,10.84
2016-05-18,10.42
2016-05-19,10.53
2016-05-20,10.54
2016-09-06,11.59
2016-09-07,12.75
2016-09-08,12.54
2016-09-09,12.66
2016-09-12,12.48
2016-09-13,12.81
2016-09-14,12.5
2016-09-19,12.6
2016-09-20,12.46
2016-09-21,12.58
2016-09-22,12.59
2016-09-23,12.75
2016-09-26,12.39
2016-09-27,12.15
2016-09-28,12.19
2016-09-29,12.08
2016-09-30,12.1
2016-10-10,12.29
2016-10-11,12.37
2016-10-12,12.37
2016-10-13,12.2
2016-10-14,12.29
2016-10-17,12.02
2016-10-18,12.16
2016-10-19,12.33
2016-10-20,12.21
2016-10-21,12.06
2016-10-24,12.13
2016-10-25,12.11
2016-10-26,12.08
2016-10-27,12.03
2016-10-28,12.04
2016-10-31,12.52
2016-11-01,12.48
2016-11-02,12.36
2016-11-03,12.4
2016-11-04,12.44
2016-11-07,12.44
2016-11-08,12.52
2016-11-09,12.68
2016-11-10,12.79
2016-11-11,12.68
2016-11-14,12.68
2016-11-15,13.25
2016-11-16,13.31
2016-11-17,13.87
2016-11-18,13.26
2016-11-21,13.46
2016-11-22,13.4
2016-11-23,13.15
2016-11-24,13.11
2016-11-25,13.69
2016-11-28,13.66
2016-12-12,13.15
2016-12-13,12.68
2016-12-14,12.35
2016-12-15,12.34
2016-12-16,12.46
2016-12-19,12.34
2016-12-20,12.23
2016-12-21,12.35
2016-12-22,12.41
2016-12-23,12.15
2016-12-26,12.11
2016-12-27,11.84
2016-12-28,12.27
2016-12-29,12.2
2016-12-30,12.36
2017-01-03,12.36
2017-01-04,12.4
2017-01-05,12.35
2017-01-06,12.01
2017-01-09,11.95
2017-01-10,12.01
2017-01-11,11.66
2017-01-12,11.46
2017-01-13,11.48
2017-01-16,11.17
2017-01-17,11.18
2017-01-18,10.96
2017-01-19,11.03
2017-01-20,11.18
2017-01-23,11.37
2017-01-24,11.26
2017-01-25,11.32
2017-01-26,11.41
2017-02-03,11.07
2017-02-06,11.13
2017-02-07,11.1
2017-02-08,11.18
2017-02-09,11.34
2017-02-10,11.23
2017-02-13,11.44
2017-02-14,11.39
2017-02-15,11.12
2017-02-16,11.04
2017-02-17,11.18
2017-02-20,11.13
2017-02-21,11.05
2017-02-22,11.13
2017-02-23,11.03
2017-02-24,11.07
2017-02-27,10.97
2017-02-28,10.86
2017-03-01,11.13
2017-03-02,10.9
2017-03-03,10.77
2017-03-06,10.78
2017-03-07,10.9
2017-03-08,10.95
2017-03-09,10.73
2017-03-10,10.72
2017-03-13,10.73
2017-03-14,10.8
2017-03-15,10.67
2017-03-16,10.7
2017-03-17,10.62
2017-03-20,10.56
2017-03-21,10.48
2017-03-22,10.28
2017-03-23,10.18
2017-03-24,10.97
2017-03-27,10.76
2017-03-28,10.58
2017-03-29,10.81
2017-03-30,10.37
2017-03-31,10.61
2017-04-05,10.73
2017-04-06,10.99
2017-04-07,10.94
2017-04-10,10.81
2017-04-11,10.75
2017-04-12,10.77
2017-04-13,10.72
2017-04-14,10.45
2017-04-17,10.34
2017-04-18,10.29
2017-04-19,10.04
2017-04-20,9.87
2017-04-21,9.97
2017-04-24,9.89
2017-04-25,9.83
2017-04-26,9.76
2017-04-27,9.69
2017-04-28,9.46
2017-05-02,9.22
2017-05-03,9.23
2017-05-04,9.28
2017-05-05,9.32
2017-05-08,9.11
2017-05-09,9.07
2017-05-10,8.83
2017-05-11,8.39
2017-05-12,8.47
2017-05-15,8.34
2017-05-16,8.45
2017-05-17,8.48
2017-05-18,8.43
2017-05-19,8.4
2017-05-22,8.19
2017-05-23,7.89
2017-05-24,7.99
2017-05-25,8.2
2017-05-26,8.15
2017-05-31,8.25
2017-06-01,8.21
2017-06-02,8.99
2017-06-05,8.92
2017-06-06,8.86
2017-06-07,9.1
2017-06-08,9.0
2017-06-09,8.88
2017-06-12,8.76
2017-06-13,8.85
2017-06-14,8.93
2017-06-16,8.95
2017-06-19,8.88
2017-06-20,8.88
2017-06-21,8.9
2017-06-22,8.63
2017-06-23,8.5
2017-06-26,8.56
2017-06-27,8.49
2017-06-28,8.5
2017-06-29,8.47
2017-06-30,8.47
2017-07-03,8.49
2017-07-04,8.66
2017-07-05,8.64
2017-07-06,8.61
2017-07-07,8.5
2017-07-10,8.38
2017-07-11,8.38
2017-07-12,8.25
2017-07-13,8.24
2017-07-14,8.15
2017-07-17,7.87
2017-07-18,8.05
2017-07-19,8.01
2017-07-20,8.63
2017-07-21,8.39
2017-07-24,8.26
2017-07-25,8.17
2017-07-26,8.07
2017-07-27,8.09
2017-07-28,8.09
2017-07-31,8.04
2017-08-01,8.04
2017-08-02,7.99
2017-08-03,8.0
2017-08-04,7.92
2017-08-07,7.9
2017-08-08,7.97
2017-08-09,7.99
2017-08-10,7.93
2017-08-11,7.97
2017-08-14,7.99
2017-08-15,8.19
2017-08-16,8.12
2017-08-17,8.2
2017-08-18,8.19
2017-08-21,8.28
2017-08-22,8.2
2017-08-23,8.12
2017-08-24,8.46
2017-08-25,8.31
2017-08-28,8.39
2017-08-29,8.22
2017-08-30,8.22
2017-08-31,8.17
2017-09-01,8.25
2017-09-04,8.06
2017-09-05,8.01
2017-09-06,8.04
2017-09-07,8.01
2017-09-08,8.03
2017-09-11,8.04
2017-09-12,7.9
2017-09-13,7.95
2017-09-14,8.07
2017-09-15,7.98
2017-09-18,7.93
2017-09-19,7.94
2017-09-20,7.96
2017-09-21,8.02
2017-09-22,7.92
2017-09-25,7.81
2017-09-26,8.11
2017-09-27,8.04
2017-09-28,8.16
2017-09-29,8.17
2017-10-09,8.19
2017-10-10,8.33
2017-10-11,8.5
2017-10-12,8.47
2017-10-13,8.69
2017-10-16,8.4
2017-10-17,8.79
2017-10-18,8.54
2017-10-19,8.54
2017-10-20,8.87
2017-10-23,8.95
2017-10-24,9.08
2017-10-25,9.05
2017-10-26,8.9
2017-10-27,8.86
2017-10-30,8.42
2017-10-31,8.52
2017-11-01,8.49
2017-11-02,8.31
2017-11-03,8.32
2017-11-06,8.16
2017-11-07,8.19
2017-11-08,8.23
2017-11-09,8.21
2017-11-10,8.3
2017-11-13,8.14
2017-11-14,8.21
2017-11-15,8.1
2017-11-16,7.94
2017-11-17,7.78
2017-11-20,7.72
2017-11-21,7.67
2017-11-22,7.58
2017-11-23,7.36
2017-11-24,7.27
2017-11-27,7.02
2017-11-28,7.15
2017-11-29,7.11
2017-11-30,7.07
2017-12-01,7.16
2017-12-04,7.42
2017-12-05,7.22
2017-12-06,7.3
2017-12-07,7.3
2017-12-08,7.24
2017-12-11,7.17
2017-12-12,7.11
2017-12-13,7.11
2017-12-14,7.08
2017-12-15,7.16
2017-12-18,7.02
2017-12-19,7.42
2017-12-20,7.3
2017-12-21,7.21
2017-12-22,7.25
2017-12-25,7.08
2017-12-26,7.11
2017-12-27,7.04
2017-12-28,7.09
2017-12-29,7.15
2018-01-02,7.09
2018-01-03,7.13
2018-01-04,7.14
2018-01-05,7.17
2018-01-08,7.17
2018-01-09,7.16
2018-01-10,7.09
2018-01-11,7.12
2018-01-12,7.04
2018-01-15,7.03
2018-01-16,7.04
2018-01-17,7.02
2018-01-18,6.91
2018-01-19,6.77
2018-01-22,6.65
2018-01-23,6.48
2018-01-24,6.44
2018-01-25,6.45
2018-01-26,6.46
2018-01-29,6.34
2018-01-30,6.24
2018-01-31,6.21
2018-02-01,6.1
2018-02-02,6.04
2018-02-05,6.33
2018-02-06,6.03
2018-02-07,5.99
2018-02-08,6.0
2018-02-09,5.93
2018-02-12,5.95
2018-02-13,5.91
2018-02-14,6.14
2018-02-22,6.17
2018-02-23,6.0
2018-02-26,6.1
2018-02-27,6.02
2018-02-28,6.0
2018-03-01,6.02
2018-03-02,6.0
2018-03-05,6.02
2018-03-06,6.02
2018-03-07,6.15
2018-03-08,6.09
2018-03-09,6.1
2018-03-12,6.15
2018-03-13,6.45
2018-03-14,6.29
2018-03-15,6.17
2018-03-16,6.2
2018-03-19,5.88
2018-03-20,5.86
2018-03-21,6.01
2018-03-22,5.92
2018-03-23,5.64
2018-03-26,5.6
2018-03-27,5.7
2018-03-28,5.68
2018-03-29,5.67
2018-03-30,5.69
2018-04-02,5.71
2018-04-03,5.96
2018-04-04,5.79
2018-04-09,6.37
2018-04-10,7.01
2018-04-11,7.32
2018-04-12,8.05
2018-04-13,7.43
2018-04-16,8.17
2018-04-17,7.5
2018-04-18,7.04
2018-04-19,6.93
2018-04-20,6.4
2018-04-23,5.96
2018-04-24,6.01
2018-04-25,6.09
2018-04-26,5.61
2018-04-27,5.67
2018-05-03,5.39
2018-05-04,5.12
2018-07-13,4.86
2018-07-16,4.62
2018-07-17,4.39
2018-07-18,4.17
2018-07-19,3.96
2018-07-20,3.76
2018-07-23,3.78
2018-07-24,3.79
2018-07-25,3.83
2018-07-26,3.83
2018-07-27,3.93
2018-07-30,3.81
2018-07-31,3.77
2018-08-01,3.75
2018-08-02,3.71
2018-08-03,3.67
2018-08-06,3.49
2018-08-07,3.48
2018-08-08,3.47
2018-08-09,3.52
2018-08-10,3.55
2018-08-13,3.58
2018-08-14,3.64
2018-08-15,3.67
2018-08-16,3.51
2018-08-17,3.46
2018-08-20,3.46
2018-08-21,3.54
2018-08-22,3.72
2018-08-23,3.7
2018-08-24,3.82
2018-08-27,3.87
2018-08-28,3.78
2018-08-29,3.76
2018-08-30,3.81
2018-08-31,3.73
2018-09-03,3.66
2018-09-04,3.73
2018-09-05,3.69
2018-09-06,3.62
2018-09-07,3.64
2018-09-10,3.58
2018-09-11,3.57
2018-09-12,3.57
2018-09-13,3.55
2018-09-14,3.6
2018-09-17,3.55
2018-09-18,3.56
2018-09-19,3.55
2018-09-20,3.45
2018-09-21,3.45
2018-09-25,3.61
2018-09-26,3.79
2018-09-27,3.74
2018-09-28,3.93
2018-10-08,3.92
2018-10-09,3.94
2018-10-10,3.88
2018-10-11,3.69
2018-10-12,3.55
2018-10-15,3.58
2018-10-16,3.49
2018-10-17,3.55
2018-10-18,3.45
2018-10-19,3.5
2018-10-22,3.65
2018-10-23,3.63
2018-10-24,3.65
2018-10-25,3.54
2018-10-26,3.58
2018-10-29,3.76
2018-10-30,3.84
2018-10-31,3.84
2018-11-01,3.82
2018-11-02,3.89
2018-11-05,3.91
2018-11-06,3.83
2018-11-07,3.84
2018-11-08,4.03
2018-11-09,4.01
2018-11-12,4.21
2018-11-13,4.42
2018-11-14,4.24
2018-11-15,4.18
2018-11-16,4.29
2018-11-19,4.18
2018-11-20,4.16
2018-11-21,4.19
2018-11-22,4.26
2018-11-23,4.05
2018-11-26,3.95
2018-11-27,4.01
2018-11-28,4.02
2018-11-29,3.9
2018-11-30,3.92
2018-12-03,4.01
2018-12-04,4.02
2018-12-05,4.04
2018-12-06,3.96
2018-12-07,3.94
2018-12-10,3.93
2018-12-11,3.91
2018-12-12,3.9
2018-12-13,3.88
2018-12-14,3.86
2018-12-17,3.84
2018-12-18,3.86
2018-12-19,3.84
2018-12-20,3.85
2018-12-21,3.76
2018-12-24,3.76
2018-12-25,3.61
2018-12-26,3.61
2018-12-27,3.59
2018-12-28,3.77
2019-01-02,3.85
2019-01-03,3.86
2019-01-04,4.05
2019-01-07,4.06
2019-01-08,4.17
2019-01-09,4.11
2019-01-10,4.01
2019-01-11,4.04
2019-01-14,4.14
2019-01-15,4.15
2019-01-16,4.14
2019-01-17,4.12
2019-01-18,4.15
2019-01-21,4.11
2019-01-22,4.15
2019-01-23,4.14
2019-01-24,4.19
2019-01-25,4.25
2019-01-28,4.14
2019-01-29,3.98
2019-01-30,3.92
2019-01-31,3.95
2019-02-01,4.03
2019-02-11,4.22
2019-02-12,4.23
2019-02-13,4.24
2019-02-14,4.23
2019-02-15,4.23
2019-02-18,4.28
2019-02-19,4.29
2019-02-20,4.5
2019-02-21,4.45
2019-02-22,4.54
2019-02-25,4.71
2019-02-26,4.64
2019-02-27,4.6
2019-02-28,4.7
2019-03-01,4.8
2019-03-04,4.77
2019-03-05,4.87
2019-03-06,5.02
2019-03-07,5.23
2019-03-08,5.14
2019-03-11,5.4
2019-03-12,5.4
2019-03-13,5.17
2019-03-14,4.95
2019-03-15,5.04
2019-03-18,5.29
2019-03-19,5.37
2019-03-20,5.38
2019-03-21,5.46
2019-03-22,5.64
2019-03-25,5.69
2019-03-26,5.41
2019-03-27,5.14
2019-03-28,5.4
2019-03-29,5.57
2019-04-01,5.85
2019-04-02,6.14
2019-04-03,6.45
2019-04-08,7.1
2019-04-09,6.82
2019-04-10,6.36
2019-04-11,6.03
2019-04-12,6.63
2019-04-15,6.47
2019-04-16,6.48
2019-04-17,6.28
2019-04-18,6.3
2019-04-19,6.17
2019-04-22,6.04
2019-04-23,5.89
2019-04-24,5.91
2019-04-25,5.89
2019-04-26,5.51
2019-04-29,5.06
2019-04-30,5.37
2019-05-06,4.89
2019-05-07,4.95
2019-05-08,4.87
2019-05-09,4.87
2019-05-10,4.96
2019-05-13,5.46
2019-05-14,5.7
2019-05-15,5.7
2019-05-16,5.58
2019-05-17,5.25
2019-05-20,5.19
2019-05-21,5.2
2019-05-22,5.72
2019-05-23,5.65
2019-05-24,5.37
2019-05-27,5.46
2019-05-28,5.51
2019-05-29,5.48
2019-05-30,5.39
2019-05-31,5.39
2019-06-03,5.39
2019-06-04,5.11
2019-06-05,5.05
2019-06-06,4.79
2019-06-10,4.85
2019-06-11,5.04
2019-06-12,4.98
2019-06-13,5.03
2019-06-14,4.8
2019-06-17,4.94
2019-06-18,4.88
2019-06-19,5.09
2019-06-20,5.06
2019-06-21,5.13
2019-06-24,5.07
2019-06-25,4.93
2019-06-26,5.05
2019-06-27,5.2
2019-06-28,5.05
2019-07-01,5.1
2019-07-02,5.07
2019-07-03,4.98
2019-07-04,4.99
2019-07-05,5.03
2019-07-08,4.84
2019-07-09,4.85
2019-07-10,4.8
2019-07-11,4.81
2019-07-12,4.79
2019-07-15,4.72
2019-07-16,4.79
2019-07-17,4.73
2019-07-18,4.57
2019-07-19,4.51
2019-07-22,4.37
2019-07-23,4.49
2019-07-24,4.49
2019-07-25,4.48
2019-07-26,4.46
2019-07-29,4.47
2019-07-30,4.49
2019-07-31,4.3
2019-08-01,4.12
2019-08-02,4.09
2019-08-05,4.05
2019-08-06,3.9
2019-08-07,3.97
2019-08-08,3.92
2019-08-09,3.88
2019-08-12,3.96
2019-08-13,3.98
2019-08-14,3.98
2019-08-15,4.02
2019-08-16,4.03
2019-08-19,4.12
2019-08-20,4.18
2019-08-21,4.14
2019-08-22,4.1
2019-08-23,4.12
2019-08-26,4.09
2019-08-27,4.16
2019-08-28,4.14
2019-08-29,4.08
2019-08-30,4.02
2019-09-02,4.09
2019-09-03,4.08
2019-09-04,4.22
2019-09-05,4.2
2019-09-06,4.18
2019-09-09,4.23
2019-09-10,4.25
2019-09-11,4.2
2019-09-12,4.23
2019-09-16,4.27
2019-09-17,4.7
2019-09-18,5.17
2019-09-19,5.67
2019-09-20,5.14
2019-09-23,4.87
2019-09-24,4.82
2019-09-25,4.69
2019-09-26,4.44
2019-09-27,4.44
2019-09-30,4.47
2019-10-08,4.62
2019-10-09,4.55
2019-10-10,4.52
2019-10-11,4.45
2019-10-14,4.56
2019-10-15,4.48
2019-10-16,4.48
2019-10-17,4.35
2019-10-18,4.28
2019-10-21,4.29
2019-10-22,4.4
2019-10-23,4.38
2019-10-24,4.33
2019-10-25,4.45
2019-10-28,4.45
2019-10-29,4.31
2019-10-30,4.23
2019-10-31,4.17
2019-11-01,4.25
2019-11-04,4.31
2019-11-05,4.32
2019-11-06,4.27
2019-11-07,4.29
2019-11-08,4.3
2019-11-11,4.18
2019-11-12,4.2
2019-11-13,4.1
2019-11-14,4.03
2019-11-15,4.04
2019-11-18,4.05
2019-11-19,4.1
2019-11-20,4.17
2019-11-21,4.37
2019-11-22,4.28
2019-11-25,4.1
2019-11-26,4.06
2019-11-27,4.07
2019-11-28,4.03
2019-11-29,4.04
2019-12-02,4.03
2019-12-03,4.06
2019-12-04,4.12
2019-12-05,4.13
2019-12-06,4.14
2019-12-09,4.11
2019-12-10,4.14
2019-12-11,4.09
2019-12-12,4.07
2019-12-13,4.12
2019-12-16,4.2
2019-12-17,4.25
2019-12-18,4.22
2019-12-19,4.27
2019-12-20,4.33
2019-12-23,4.15
2019-12-24,4.31
2019-12-25,4.44
2019-12-26,4.39
2019-12-27,4.33
2019-12-30,4.31
2019-12-31,4.28
2020-01-02,4.35
2020-01-03,4.35
2020-01-06,4.34
2020-01-07,4.41
2020-01-08,4.33
2020-01-09,4.38
2020-01-10,4.38
2020-01-13,4.37
2020-01-14,4.32
2020-01-15,4.29
2020-01-16,4.25
2020-01-17,4.22
2020-01-20,4.55
2020-01-21,4.38
2020-01-22,4.33
2020-01-23,4.17
2020-02-03,3.75
2020-02-04,4.01
2020-02-05,4.1
2020-02-06,4.15
2020-02-07,4.08
2020-02-10,4.05
2020-02-11,4.03
2020-02-12,4.04
2020-02-13,3.92
2020-02-14,3.87
2020-02-17,4.01
2020-02-18,4.04
2020-02-19,4.01
2020-02-20,4.07
2020-02-21,4.05
2020-02-24,4.07
2020-02-25,3.98
2020-02-26,3.97
2020-02-27,3.93
2020-02-28,3.77
2020-03-02,3.93
2020-03-03,3.96
2020-03-04,3.96
2020-03-05,4.09
2020-03-06,4.5
2020-03-09,4.95
2020-03-10,5.45
2020-03-11,6.0
2020-03-12,6.53
2020-03-13,5.88
2020-03-16,5.29
2020-03-17,4.78
2020-03-18,4.89
2020-03-19,4.64
2020-03-20,4.86
2020-03-23,4.52
2020-03-24,4.52
2020-03-25,4.78
2020-03-26,5.26
2020-03-27,5.44
2020-03-30,5.18
2020-03-31,5.2
2020-04-01,4.9
2020-04-02,5.15
2020-04-03,5.11
2020-04-07,5.17
2020-04-08,5.04
2020-04-09,5.24
2020-04-10,4.94
2020-04-13,4.77
2020-04-14,4.79
2020-04-15,4.8
2020-04-16,4.77
2020-04-17,4.79
2020-04-20,4.82
2020-04-21,4.68
2020-04-22,4.66
2020-04-23,4.72
2020-04-24,4.53
2020-04-27,4.35
2020-04-28,4.25
2020-04-29,4.16
2020-04-30,4.34
2020-05-06,4.33
2020-05-07,4.28
2020-05-08,4.33
2020-05-11,4.31
2020-05-12,4.34
2020-05-13,4.51
2020-05-14,4.35
2020-05-15,4.28
2020-05-18,4.26
2020-05-19,4.29
2020-05-20,4.34
2020-05-21,4.4
2020-05-22,4.27
2020-05-25,4.34
2020-05-26,4.41
2020-05-27,4.76
2020-05-28,4.62
2020-05-29,4.97
2020-06-01,5.21
2020-06-02,5.0
2020-06-03,4.71
2020-06-04,4.68
2020-06-05,4.71
2020-06-08,4.68
2020-06-09,4.59
2020-06-10,4.61
2020-06-11,4.55
2020-06-12,4.51
2020-06-15,4.62
2020-06-16,4.61
2020-06-17,4.67
2020-06-18,4.54
2020-06-19,4.46
2020-06-22,4.38
2020-06-23,4.39
2020-06-24,4.31
2020-06-29,4.3
2020-06-30,4.38
2020-07-01,4.32
2020-07-02,4.35
2020-07-03,4.42
2020-07-06,4.63
2020-07-07,4.68
2020-07-08,4.69
2020-07-09,4.79
2020-07-10,4.85
2020-07-13,4.97
2020-07-14,5.03
2020-07-15,4.79
2020-07-16,4.53
2020-07-17,4.62
2020-07-20,4.68
2020-07-21,5.07
2020-07-22,4.93
2020-07-23,4.9
2020-07-24,4.74
2020-07-27,4.66
2020-07-28,4.65
2020-07-29,4.82
2020-07-30,4.97
2020-07-31,5.04
2020-08-03,5.05
2020-08-04,5.03
2020-08-05,5.03
2020-08-06,5.13
2020-08-07,5.2
2020-08-10,5.11
2020-08-11,4.85
2020-08-12,4.97
2020-08-13,4.94
2020-08-14,5.03
2020-08-17,5.05
2020-08-18,5.09
2020-08-19,5.03
2020-08-20,5.22
2020-08-21,5.12
2020-08-24,5.13
2020-08-25,5.2
2020-08-26,5.43
2020-08-27,5.18
2020-08-28,5.21
2020-08-31,5.31
2020-09-01,5.22
2020-09-02,5.35
2020-09-03,5.34
2020-09-04,5.36
2020-09-07,5.21
2020-09-08,5.2
2020-09-09,4.93
2020-09-10,4.79
2020-09-11,4.77
2020-09-14,4.77
2020-09-15,4.67
2020-09-16,4.68
2020-09-17,4.6
2020-09-18,4.63
2020-09-21,4.66
2020-09-22,4.68
2020-09-23,4.68
2020-09-24,4.58
2020-09-25,4.52
2020-09-28,4.42
2020-09-29,4.52
2020-09-30,4.54
2020-10-09,4.62
2020-10-12,4.66
2020-10-13,4.8
2020-10-14,4.79
2020-10-15,4.71
2020-10-16,4.67
2020-10-19,4.61
2020-10-20,4.6
2020-10-21,4.51
2020-10-22,4.49
2020-10-23,4.5
2020-10-26,4.46
2020-10-27,4.31
2020-10-28,4.27
2020-10-29,4.3
2020-10-30,4.19
2020-11-02,4.21
2020-11-03,4.34
2020-11-04,4.31
2020-11-05,4.33
2020-11-06,4.32
2020-11-09,4.47
2020-11-10,4.4
2020-11-11,4.36
2020-11-12,4.33
2020-11-13,4.3
2020-11-16,4.43
2020-11-17,4.45
2020-11-18,4.43
2020-11-19,4.37
2020-11-20,4.35
2020-11-23,4.34
2020-11-24,4.27
2020-11-25,4.2
2020-11-26,4.21
2020-11-27,4.2
2020-11-30,4.19
2020-12-01,4.22
2020-12-02,4.25
2020-12-03,4.26
2020-12-04,4.28
2020-12-07,4.23
2020-12-08,4.2
2020-12-09,4.62
2020-12-10,4.55
2020-12-11,4.85
2020-12-14,4.72
2020-12-15,4.61
2020-12-16,4.36
2020-12-17,4.12
2020-12-18,4.06
2020-12-21,4.08
2020-12-22,4.05
2020-12-23,3.96
2020-12-24,3.85
2020-12-25,3.84
2020-12-28,3.99
2020-12-29,3.95
2020-12-30,4.02
2020-12-31,4.02
2021-01-04,3.97
2021-01-05,3.89
2021-01-06,3.93
2021-01-07,3.82
2021-01-08,3.93
2021-01-11,3.85
2021-01-12,3.85
2021-01-13,3.96
2021-01-14,3.9
2021-01-15,3.98
2021-01-18,4.0
2021-01-19,4.01
2021-01-20,4.18
2021-01-21,4.16
2021-01-22,4.2
2021-01-25,4.03
2021-01-26,3.97
2021-01-27,3.93
2021-01-28,3.89
2021-01-29,3.92
2021-02-01,3.8
2021-02-02,3.84
2021-02-03,3.84
2021-02-04,3.87
2021-02-05,4.0
2021-02-08,3.88
2021-02-09,3.9
2021-02-10,3.88
2021-02-18,3.94
2021-02-19,4.03
2021-02-22,4.0
2021-02-23,4.4
2021-02-24,4.84
2021-02-25,4.46
2021-02-26,4.2
2021-03-01,4.32
2021-03-02,4.19
2021-03-03,4.2
2021-03-04,4.26
2021-03-05,4.46
2021-03-08,4.46
2021-03-09,4.26
2021-03-10,4.69
2021-03-11,4.68
2021-03-12,4.61
2021-03-15,4.51
2021-03-16,4.56
2021-03-17,4.45
2021-03-18,4.9
2021-03-19,5.14
2021-03-22,5.14
2021-03-23,4.83
2021-03-24,5.01
2021-03-25,4.76
2021-03-26,4.83
2021-03-29,5.0
2021-03-30,5.05
2021-03-31,5.11
2021-04-01,5.62
2021-04-02,5.56
2021-04-06,5.98
2021-04-07,5.8
2021-04-08,6.38
2021-04-09,7.02
2021-04-12,7.35
2021-04-13,6.62
2021-04-14,6.59
2021-04-15,6.16
2021-04-16,6.03
2021-04-19,5.43
2021-04-20,5.08
2021-04-21,5.21
2021-04-22,5.3
2021-04-23,5.0
2021-04-26,4.84
2021-04-27,4.99
2021-04-28,5.18
2021-04-29,4.85
2021-05-06,4.61
2021-05-07,4.38
2021-05-10,4.21
2021-05-11,4.0
2021-05-12,4.2
2021-05-13,4.41
2021-05-14,4.31
2021-05-17,4.09
2021-05-18,4.14
2021-05-19,4.35
2021-05-20,4.2
2021-05-21,4.24
2021-05-24,4.2
2021-05-25,4.27
2021-05-26,4.23
2021-05-27,4.28
2021-05-28,4.25
2021-05-31,4.24
2021-06-01,4.25
2021-06-02,4.08
2021-06-03,4.16
2021-06-04,4.12
2021-06-07,4.12
2021-06-08,4.15
2021-06-09,4.29
2021-06-10,4.21
2021-06-11,4.17
2021-06-15,4.1
2021-06-16,4.01
2021-06-17,4.03
2021-06-18,4.04
2021-06-21,4.08
2021-06-22,4.07
2021-06-23,4.15
2021-06-24,4.18
2021-06-25,4.27
2021-06-28,4.48
2021-06-29,4.29
2021-06-30,4.13
2021-07-01,4.11
2021-07-02,4.11
2021-07-05,4.19
2021-07-06,4.14
2021-07-07,4.15
2021-07-08,4.12
2021-07-09,4.15
2021-07-12,4.21
2021-07-13,4.18
2021-07-14,4.2
2021-07-15,4.14
2021-07-16,4.11
2021-07-19,4.1
2021-07-20,4.11
2021-07-21,4.05
2021-07-22,3.94
2021-07-23,3.82
2021-07-26,4.01
2021-07-27,3.89
2021-07-28,3.85
2021-07-29,3.87
2021-07-30,3.8
2021-08-02,3.81
2021-08-03,3.88
2021-08-04,3.86
2021-08-05,3.83
2021-08-06,3.81
2021-08-09,3.85
2021-08-10,3.86
2021-08-11,3.83
2021-08-12,3.83
2021-08-13,3.85
2021-08-16,3.86
2021-08-17,3.83
2021-08-18,3.85
2021-08-19,3.82
2021-08-20,3.79
2021-08-23,3.8
2021-08-24,3.79
2021-08-25,3.86
2021-08-26,3.8
2021-08-27,3.81
2021-08-30,3.79
2021-08-31,3.77
2021-09-01,3.79
2021-09-02,3.86
2021-09-03,3.91
2021-09-06,4.05
2021-09-07,4.09
2021-09-08,4.1
2021-09-09,4.08
2021-09-10,4.03
2021-09-13,4.05
2021-09-14,4.05
2021-09-15,4.01
2021-09-16,4.0
2021-09-17,4.08
2021-09-22,4.19
2021-09-23,4.18
2021-09-24,4.23
2021-09-27,4.22
2021-09-28,4.2
2021-09-29,4.2
2021-09-30,4.24
2021-10-08,4.38
2021-10-11,4.46
2021-10-12,4.45
2021-10-13,4.4
2021-10-14,4.3
2021-10-15,4.23
2021-10-18,4.31
2021-10-19,4.33
2021-10-20,4.35
2021-10-21,4.33
2021-10-22,4.31
2021-10-25,4.36
2021-10-26,4.34
2021-10-27,4.13
2021-10-28,4.12
2021-10-29,4.16
2021-11-01,4.22
2021-11-02,4.1
2021-11-03,4.11
2021-11-04,4.12
2021-11-05,4.18
2021-11-08,4.19
2021-11-09,4.18
2021-11-10,4.18
2021-11-11,4.25
2021-11-12,4.34
2021-11-15,4.4
2021-11-16,4.62
2021-11-17,4.78
2021-11-18,4.97
2021-11-19,5.12
2021-11-22,5.34
2021-11-23,5.61
2021-11-24,5.33
2021-11-25,5.42
2021-11-26,5.15
2021-11-29,5.15
2021-11-30,5.33
2021-12-01,5.14
2021-12-02,5.18
2021-12-03,5.14
2021-12-06,5.2
2021-12-07,5.17
2021-12-08,5.21
2021-12-09,5.32
2021-12-10,5.31
2021-12-13,5.21
2021-12-14,5.15
2021-12-15,4.89
2021-12-16,4.89
2021-12-17,4.91
2021-12-20,4.81
2021-12-21,4.89
2021-12-22,4.94
2021-12-23,4.89
2021-12-24,4.81
2021-12-27,4.74
2021-12-28,4.81
2021-12-29,4.78
2021-12-30,5.02
2021-12-31,5.22
2022-01-04,5.33
2022-01-05,5.39
2022-01-06,5.42
2022-01-07,5.47
2022-01-10,5.31
2022-01-11,5.45
2022-01-12,5.5
2022-01-13,5.34
2022-01-14,5.15
2022-01-17,5.18
2022-01-18,5.02
2022-01-19,5.08
2022-01-20,5.04
2022-01-21,5.06
2022-01-24,5.03
2022-01-25,4.78
2022-01-26,4.68
2022-01-27,4.56
2022-01-28,4.54
2022-02-07,4.31
2022-02-08,4.12
2022-02-09,4.33
2022-02-10,4.39
2022-02-11,4.27
2022-02-14,4.06
2022-02-15,3.89
2022-02-16,3.89
2022-02-17,3.82
2022-02-18,3.89
2022-02-21,3.93
2022-02-22,3.78
2022-02-23,3.83
2022-02-24,3.64
2022-02-25,3.48
2022-02-28,3.47
2022-03-01,3.48
2022-03-02,3.53
2022-03-03,3.49
2022-03-04,3.66
2022-03-07,3.59
2022-03-08,3.41
2022-03-09,3.25
2022-03-10,3.24
2022-03-11,3.11
2022-03-14,3.1
2022-03-15,2.95
2022-03-16,2.88
2022-03-17,3.02
2022-03-18,3.0
2022-03-21,3.15
2022-03-22,3.15
2022-03-23,3.11
2022-03-24,3.09
2022-03-25,3.02
2022-03-28,3.0
2022-03-29,3.05
2022-03-30,3.08
2022-03-31,3.12
2022-04-01,3.14
2022-04-06,3.3
2022-04-07,3.14
2022-04-08,3.1
2022-04-11,3.03
2022-04-12,3.03
2022-04-13,3.07
2022-04-14,3.05
2022-04-15,2.9
2022-04-18,2.76
2022-04-19,2.62
2022-04-20,2.49
2022-04-21,2.37
2022-04-22,2.25
2022-04-25,2.14
2022-04-26,2.03
2022-04-27,1.93
2022-04-28,1.83
2022-04-29,1.74
2022-06-28,0.97
2022-06-29,0.98
2022-06-30,0.96
2022-07-01,0.97
2022-07-04,0.96
2022-07-05,1.0
2022-07-06,1.01
2022-07-07,1.11
2022-07-08,1.12
2022-07-11,1.01
2022-07-12,1.02
2022-07-13,1.02
2022-07-14,1.06
2022-07-15,1.08
2022-07-18,1.12
