removed_from_replay,added_to_formal_candidate,max_abs_daily_sum_error
600862,002082,9.381384558082573e-15
600862,300106,0.014721678725721457
600862,600689,0.014945645190297771
600862,600116,0.01504982713035491
600862,002718,0.015808982433715674
600862,002026,0.016417688261119293
600862,002591,0.016439874391961984
600862,600371,0.01692345464865737
600862,300327,0.016998718985974715
600862,300371,0.018436636399517148
600862,002590,0.018660812294186577
600862,600051,0.019040052962594173
600862,002691,0.019284051413214265
600862,002046,0.019314265898969618
600862,600732,0.019675026492396552
600862,002694,0.020481203007518017
600862,002622,0.020656916315351492
600862,300334,0.021238129049435367
600862,002598,0.02171858216970915
600862,002513,0.022069616366174605
600862,600232,0.022071260981057106
600862,300239,0.022215612741927654
600862,600543,0.022251221473188615
600862,000755,0.022404071326704356
600862,600539,0.02260244707710171
600862,002094,0.022740825611233473
600862,300222,0.023283586709233528
600862,002615,0.023464655368646267
600862,002494,0.023520896405329617
600862,000692,0.02395831151391442
