date,symbol,derived_short_name,official_issuer_short_name,official_status,name_match_normalized,status_match,official_pre_notice_url,official_post_notice_url
2010-01-04,000018,*ST中冠A,*ST中冠A,proven_ST,True,True,https://static.cninfo.com.cn/finalpage/2009-12-04/57361848.PDF,https://static.cninfo.com.cn/finalpage/2010-01-22/57530104.PDF
2010-01-04,000023,深天地Ａ,深天地A,proven_non_ST,True,True,https://static.cninfo.com.cn/finalpage/2009-12-29/57446825.PDF,https://static.cninfo.com.cn/finalpage/2010-01-21/57525994.PDF
2010-01-04,000502,绿景地产,绿景地产,proven_non_ST,True,True,https://static.cninfo.com.cn/finalpage/2009-12-30/57451604.PDF,https://static.cninfo.com.cn/finalpage/2010-01-16/57510226.PDF
2010-01-04,000971,ST迈亚,ST迈亚,proven_ST,True,True,https://static.cninfo.com.cn/finalpage/2009-12-29/57446853.PDF,https://static.cninfo.com.cn/finalpage/2010-01-05/57467430.PDF
2010-01-04,000982,中银绒业,中银绒业,proven_non_ST,True,True,https://static.cninfo.com.cn/finalpage/2009-12-18/57411376.PDF,https://static.cninfo.com.cn/finalpage/2010-01-15/57506748.PDF
2010-01-04,002002,*ST琼花,*ST琼花,proven_ST,True,True,https://static.cninfo.com.cn/finalpage/2009-12-22/57422689.PDF,https://static.cninfo.com.cn/finalpage/2010-01-12/57494529.PDF
2010-01-04,002013,中航精机,中航精机,proven_non_ST,True,True,https://static.cninfo.com.cn/finalpage/2009-11-24/57323076.PDF,https://static.cninfo.com.cn/finalpage/2010-01-20/57520914.PDF
2010-01-04,002071,江苏宏宝,江苏宏宝,proven_non_ST,True,True,https://static.cninfo.com.cn/finalpage/2009-12-30/57452023.PDF,https://static.cninfo.com.cn/finalpage/2010-01-13/57502318.PDF
2010-01-04,002113,天润发展,天润发展,proven_non_ST,True,True,https://static.cninfo.com.cn/finalpage/2010-01-04/57461562.PDF,https://static.cninfo.com.cn/finalpage/2010-01-04/57461562.PDF
2010-01-04,002260,伊 立 浦,伊立浦,proven_non_ST,True,True,https://static.cninfo.com.cn/finalpage/2010-01-04/57461074.PDF,https://static.cninfo.com.cn/finalpage/2010-01-04/57461074.PDF
2010-01-14,000018,*ST中冠A,*ST中冠A,proven_ST,True,True,https://static.cninfo.com.cn/finalpage/2009-12-04/57361848.PDF,https://static.cninfo.com.cn/finalpage/2010-01-22/57530104.PDF
2010-01-14,000023,深天地Ａ,深天地A,proven_non_ST,True,True,https://static.cninfo.com.cn/finalpage/2009-12-29/57446825.PDF,https://static.cninfo.com.cn/finalpage/2010-01-21/57525994.PDF
2010-01-14,000673,ST 大 水,ST大水,proven_ST,True,True,https://static.cninfo.com.cn/finalpage/2010-01-05/57467731.PDF,https://static.cninfo.com.cn/finalpage/2010-04-22/57849264.PDF
2010-01-14,000971,ST迈亚,ST迈亚,proven_ST,True,True,https://static.cninfo.com.cn/finalpage/2010-01-09/57487441.PDF,https://static.cninfo.com.cn/finalpage/2010-01-20/57521542.PDF
2010-01-14,000979,*ST科苑,*ST科苑,proven_ST,True,True,https://static.cninfo.com.cn/finalpage/2010-01-12/57494454.PDF,https://static.cninfo.com.cn/finalpage/2010-01-15/57506888.PDF
2010-01-14,000982,中银绒业,中银绒业,proven_non_ST,True,True,https://static.cninfo.com.cn/finalpage/2009-12-18/57411376.PDF,https://static.cninfo.com.cn/finalpage/2010-01-15/57506748.PDF
2010-01-14,002002,*ST琼花,*ST琼花,proven_ST,True,True,https://static.cninfo.com.cn/finalpage/2010-01-12/57494529.PDF,https://static.cninfo.com.cn/finalpage/2010-01-15/57506921.PDF
2010-01-14,002071,江苏宏宝,江苏宏宝,proven_non_ST,True,True,https://static.cninfo.com.cn/finalpage/2010-01-13/57502318.PDF,https://static.cninfo.com.cn/finalpage/2010-01-16/57510469.PDF
2010-01-14,002113,天润发展,天润发展,proven_non_ST,True,True,https://static.cninfo.com.cn/finalpage/2010-01-14/57503136.PDF,https://static.cninfo.com.cn/finalpage/2010-01-14/57503135.PDF
2010-01-14,002260,伊 立 浦,伊立浦,proven_non_ST,True,True,https://static.cninfo.com.cn/finalpage/2010-01-04/57461074.PDF,https://static.cninfo.com.cn/finalpage/2010-01-26/57542637.PDF
