change_date,notice_date,listing_date,total_shares_10k,reason
1994-02-24,1992-06-18,1994-02-24,41000.0,首发A股上市
1994-07-25,1994-07-01,1994-07-25,43084.772,配售A股上市
1997-06-09,1997-06-03,1997-06-09,51701.7264,送股上市
1997-08-25,1997-08-25,1997-10-29,64627.158,配售A股上市
2000-04-03,2000-04-03,2000-04-03,64627.158,其他限售股上市
2001-02-20,2001-02-20,2001-03-28,68802.871,配售A股上市
2003-07-04,2003-06-30,2003-07-07,96324.0198,"送股上市,转增股上市"
2005-08-05,2005-08-02,2005-08-05,96324.0198,送股上市
2006-04-14,2006-04-10,2006-04-17,192648.0396,转增股上市
2006-08-07,2006-08-02,2006-08-07,192648.0396,股改限售流通股上市
2007-08-06,2007-08-01,2007-08-06,192648.0396,首发限售股份上市
2007-12-20,2008-01-03,2008-01-04,199145.9296,增发A股上市
2008-02-04,2008-01-31,2008-02-04,199145.9296,网下配售股份上市
2008-07-11,2008-07-07,2008-07-14,318633.4874,送股上市
2008-08-05,2008-07-31,2008-08-05,318633.4874,股改限售流通股上市
