rule,full_annual,full_vol,full_sharpe,full_max_dd,full_total_return,full_annual_delta,full_sharpe_delta,full_max_dd_delta,last_10y_annual,last_10y_vol,last_10y_sharpe,last_10y_max_dd,last_10y_total_return,last_10y_annual_delta,last_10y_sharpe_delta,last_10y_max_dd_delta,last_5y_annual,last_5y_vol,last_5y_sharpe,last_5y_max_dd,last_5y_total_return,last_5y_annual_delta,last_5y_sharpe_delta,last_5y_max_dd_delta,last_3y_annual,last_3y_vol,last_3y_sharpe,last_3y_max_dd,last_3y_total_return,last_3y_annual_delta,last_3y_sharpe_delta,last_3y_max_dd_delta,last_1y_annual,last_1y_vol,last_1y_sharpe,last_1y_max_dd,last_1y_total_return,last_1y_annual_delta,last_1y_sharpe_delta,last_1y_max_dd_delta,family,direction,ma,days,scale,trigger_days,score_3_5_10,robust_pass
zz2000_and_cyb_below_ma54_days13:scale0.00,37.94084013285142,13.519221033842122,2.806436852972197,-17.608686471762102,16605.02787670298,-1.8009508579917224,-0.004027318417343384,-3.197442310920451e-14,34.670605530407215,15.041982694046197,2.3049225780674694,-17.60868647176206,1856.5429003208567,-0.42034375252679723,0.07902292076838213,-2.4868995751603507e-14,38.57073356131351,17.422408509316845,2.2138577189650523,-17.60868647176208,408.08147255631997,1.4764153435397276,0.18851231389954215,0.0,49.716992740648244,17.10409441951624,2.9067304892751173,-14.766054859709431,234.20564992120356,-0.20724975976405347,0.1273355589123688,1.0277670643590984,37.924852581561154,18.15876534123322,2.0885149330855084,-14.766054859709431,37.16806933331378,6.444617305854706,0.451638071228331,1.0277670643590984,zz2000_and_cyb,below,54.0,13.0,0.0,316.0,0.24980122093367269,False
zz2000_and_cyb_below_ma53_days13:scale0.00,38.16654613303745,13.523682610511498,2.822200670649568,-17.60868647176209,17045.318237743864,-1.5752448578056928,0.011736499260027511,-2.1316282072803006e-14,34.670605530407215,15.041982694046197,2.3049225780674694,-17.60868647176206,1856.5429003208567,-0.42034375252679723,0.07902292076838213,-2.4868995751603507e-14,38.57073356131351,17.422408509316845,2.2138577189650523,-17.60868647176208,408.08147255631997,1.4764153435397276,0.18851231389954215,0.0,49.716992740648244,17.10409441951624,2.9067304892751173,-14.766054859709431,234.20564992120356,-0.20724975976405347,0.1273355589123688,1.0277670643590984,37.924852581561154,18.15876534123322,2.0885149330855084,-14.766054859709431,37.16806933331378,6.444617305854706,0.451638071228331,1.0277670643590984,zz2000_and_cyb,below,53.0,13.0,0.0,311.0,0.24980122093367269,False
zz2000_and_cyb_below_ma53_days13:scale0.25,38.58130464263858,13.560770754778922,2.8450672414060407,-17.608686471762024,17882.886853026204,-1.1604863482045644,0.034603070016500315,4.618527782440651e-14,34.80366151536729,15.088744590316908,2.306597563968462,-17.60868647176208,1875.9412259169294,-0.28728776756672403,0.08069790666937493,-4.618527782440651e-14,38.239766297263955,17.48729775955135,2.186716714214914,-17.60868647176207,402.0633317237356,1.1454480794901727,0.16137130914940379,1.0658141036401503e-14,49.80823765818698,17.170069317653645,2.900875747017279,-14.934332709011711,234.81497223711608,-0.11600484222531549,0.12148081665453025,0.8594892150568185,36.331035704013104,18.252680581658268,1.9904493228529618,-14.934332709011711,35.60996603201592,4.8508004283066555,0.35357246099578443,0.8594892150568185,zz2000_and_cyb,below,53.0,13.0,0.25,311.0,0.2263766808150584,False
zz2000_and_cyb_below_ma54_days13:scale0.25,38.41184062902185,13.555506412077342,2.833670647287559,-17.60868647176208,17536.140234311722,-1.3299503618212896,0.023206475898018386,-1.0658141036401503e-14,34.80366151536729,15.088744590316908,2.306597563968462,-17.60868647176208,1875.9412259169294,-0.28728776756672403,0.08069790666937493,-4.618527782440651e-14,38.239766297263955,17.48729775955135,2.186716714214914,-17.60868647176207,402.0633317237356,1.1454480794901727,0.16137130914940379,1.0658141036401503e-14,49.80823765818698,17.170069317653645,2.900875747017279,-14.934332709011711,234.81497223711608,-0.11600484222531549,0.12148081665453025,0.8594892150568185,36.331035704013104,18.252680581658268,1.9904493228529618,-14.934332709011711,35.60996603201592,4.8508004283066555,0.35357246099578443,0.8594892150568185,zz2000_and_cyb,below,54.0,13.0,0.25,316.0,0.2263766808150584,False
zz2000_and_cyb_below_ma54_days13:scale0.50,38.86912077694535,13.672746683014486,2.8428172976562247,-17.60868647176207,18486.478552737593,-0.8726702138977913,0.032353126266684296,0.0,34.91814259266002,15.226665857357052,2.2932231467986575,-17.608686471762034,1892.7698339474362,-0.17280669027399398,0.06732348949957023,0.0,37.88332189618904,17.660054038885615,2.1451419011954256,-17.60868647176207,395.64579393056096,0.7890036784152556,0.11979649612991539,1.0658141036401503e-14,49.87326620392243,17.33725878465987,2.8766523487583084,-15.221090837728624,235.24967576781367,-0.05097629648987123,0.0972574183955599,0.5727310863399051,34.725293363104214,18.465851785494376,1.8805140302481058,-15.22109083772859,34.039889237977164,3.2450580873977657,0.24363716839092842,0.5727310863399389,zz2000_and_cyb,below,54.0,13.0,0.5,316.0,0.17429008139848973,False
zz2000_and_cyb_below_ma53_days13:scale0.50,38.98220862797235,13.67750004075894,2.8500974967505317,-17.60868647176208,18728.79434695193,-0.7595823628707947,0.03963332536099129,-1.0658141036401503e-14,34.91814259266002,15.226665857357052,2.2932231467986575,-17.608686471762034,1892.7698339474362,-0.17280669027399398,0.06732348949957023,0.0,37.88332189618904,17.660054038885615,2.1451419011954256,-17.60868647176207,395.64579393056096,0.7890036784152556,0.11979649612991539,1.0658141036401503e-14,49.87326620392243,17.33725878465987,2.8766523487583084,-15.221090837728624,235.24967576781367,-0.05097629648987123,0.0972574183955599,0.5727310863399051,34.725293363104214,18.465851785494376,1.8805140302481058,-15.22109083772859,34.039889237977164,3.2450580873977657,0.24363716839092842,0.5727310863399389,zz2000_and_cyb,below,53.0,13.0,0.5,311.0,0.17429008139848973,False
cyb_below_ma47_days21:scale0.00,37.16272050172289,13.68795916715078,2.7149935244479915,-18.214037138738803,15167.011193513747,-2.579070489120255,-0.09547064694154894,-0.605350666976733,35.37043042850174,15.295070083557643,2.312537976960649,-18.214037138738814,1960.5244592873753,0.2794811455677291,0.08663831966156188,-0.6053506669767792,39.40361541369688,17.89494328689422,2.201941340744848,-18.214037138738814,423.48161243754265,2.309297195923101,0.17659593567933785,-0.605350666976733,49.19292245110418,17.83716912589756,2.75788843531688,-15.483229843164692,230.7202601232405,-0.7313200493081169,-0.021506495045868324,0.31059208090383805,31.169278098663767,19.277960968275274,1.616834796478601,-15.483229843164692,30.561711939684866,-0.3109571770426811,-0.020042065378576446,0.31059208090383805,cyb,below,47.0,21.0,0.0,317.0,0.16647532958507852,False
cyb_below_ma46_days21:scale0.00,37.17430913232638,13.690655634007056,2.7153052509762086,-18.21403713873877,15187.549235795757,-2.5674818585167642,-0.09515892041333185,-0.605350666976701,35.33880322334646,15.299670520407647,2.3097754409945876,-18.214037138738792,1955.7200239626568,0.24785394041244757,0.08387578369550042,-0.6053506669767579,39.40361541369688,17.89494328689422,2.201941340744848,-18.214037138738814,423.48161243754265,2.309297195923101,0.17659593567933785,-0.605350666976733,49.19292245110418,17.83716912589756,2.75788843531688,-15.483229843164692,230.7202601232405,-0.7313200493081169,-0.021506495045868324,0.31059208090383805,31.169278098663767,19.277960968275274,1.616834796478601,-15.483229843164692,30.561711939684866,-0.3109571770426811,-0.020042065378576446,0.31059208090383805,cyb,below,46.0,21.0,0.0,305.0,0.1641452454473898,False
cyb_below_ma47_days21:scale0.25,37.820934567593724,13.707794843307793,2.7590823323459697,-17.97903027661437,16375.457163182673,-1.9208564232494183,-0.05138183904357074,-0.37034380485230045,35.32000626084479,15.320210684748695,2.305451732201434,-17.979030276614395,1952.8693876033258,0.22905697791077984,0.07955207490234661,-0.37034380485236085,38.842811483507724,17.92054006885135,2.16750228141966,-17.97903027661438,413.07186207430755,1.7484932657339414,0.14215687635414964,-0.37034380485230045,49.383362163269574,17.838425686791833,2.7683699800837616,-15.560738471188174,231.98398899680447,-0.540880337142724,-0.011024950278986978,0.23308345288035603,31.247564523668615,19.264062865589125,1.6220651241480992,-15.560738471188229,30.638301958380552,-0.2326707520378335,-0.014811737709078177,0.23308345288030097,cyb,below,47.0,21.0,0.25,317.0,0.14432807919028454,False
cyb_below_ma46_days21:scale0.25,37.82957466759651,13.710308145669996,2.7592067417933186,-17.979030276614395,16391.900102336876,-1.912216323246632,-0.051257429596221815,-0.3703438048523253,35.296181809504624,15.324199461803495,2.3032969452976984,-17.979030276614395,1949.2614238244041,0.20523252657061164,0.07739728799861112,-0.37034380485236085,38.842811483507724,17.92054006885135,2.16750228141966,-17.97903027661438,413.07186207430755,1.7484932657339414,0.14215687635414964,-0.37034380485230045,49.383362163269574,17.838425686791833,2.7683699800837616,-15.560738471188174,231.98398899680447,-0.540880337142724,-0.011024950278986978,0.23308345288035603,31.247564523668615,19.264062865589125,1.6220651241480992,-15.560738471188229,30.638301958380552,-0.2326707520378335,-0.014811737709078177,0.23308345288030097,cyb,below,46.0,21.0,0.25,305.0,0.14253595219821175,False
cyb_below_ma48_days21:scale0.00,36.97113780070411,13.665523019488157,2.7054315995063076,-18.21403713873878,14831.202131714357,-2.770653190139029,-0.10503257188323278,-0.6053506669767117,34.640221942076096,15.27889279127003,2.267194515683011,-18.21403713873878,1852.1373633369005,-0.45072734085791666,0.04129485838392366,-0.6053506669767472,39.40361541369688,17.89494328689422,2.201941340744848,-18.214037138738814,423.48161243754265,2.309297195923101,0.17659593567933785,-0.605350666976733,49.19292245110418,17.83716912589756,2.75788843531688,-15.483229843164692,230.7202601232405,-0.7313200493081169,-0.021506495045868324,0.31059208090383805,31.169278098663767,19.277960968275274,1.616834796478601,-15.483229843164692,30.561711939684866,-0.3109571770426811,-0.020042065378576446,0.31059208090383805,cyb,below,48.0,21.0,0.0,335.0,0.12189734435349067,False
cyb_below_ma53_days21:scale0.00,36.79123160751476,13.644069501417935,2.6964998678503727,-18.21403713873876,14522.1732522243,-2.9505593833283825,-0.11396430353916776,-0.6053506669766904,34.7935057919714,15.27467478655646,2.2778557500022094,-18.21403713873876,1874.4545381617354,-0.297443490962614,0.05195609270312218,-0.6053506669767259,39.33586640066184,17.920424531931413,2.1950298292638903,-18.21403713873877,422.2151532212143,2.24154818288806,0.16968442419838015,-0.6053506669766904,49.012333368233584,17.83956863261565,2.7473945350127766,-15.483229843164725,229.5248597392132,-0.9119091321787138,-0.0320003953499719,0.3105920809038043,31.169278098663767,19.277960968275274,1.616834796478601,-15.483229843164692,30.561711939684866,-0.3109571770426811,-0.020042065378576446,0.31059208090383805,cyb,below,53.0,21.0,0.0,360.0,0.11443193776072166,False
cyb_below_ma52_days21:scale0.00,36.83567138520654,13.649114397435547,2.6987590778876744,-18.21403713873878,14597.946034387518,-2.9061196056366043,-0.11170509350186597,-0.6053506669767117,34.80121609822948,15.283971086282866,2.2769747405151173,-18.214037138738746,1875.5831513218639,-0.2897331847045308,0.05107508321603005,-0.6053506669767117,39.33586640066184,17.920424531931413,2.1950298292638903,-18.21403713873877,422.2151532212143,2.24154818288806,0.16968442419838015,-0.6053506669766904,49.012333368233584,17.83956863261565,2.7473945350127766,-15.483229843164725,229.5248597392132,-0.9119091321787138,-0.0320003953499719,0.3105920809038043,31.169278098663767,19.277960968275274,1.616834796478601,-15.483229843164692,30.561711939684866,-0.3109571770426811,-0.020042065378576446,0.31059208090383805,cyb,below,52.0,21.0,0.0,354.0,0.11422274220491839,False
cyb_below_ma54_days21:scale0.00,36.62634259113049,13.592736199790329,2.6945525943257445,-18.214037138738746,14244.213618258584,-3.1154483997126547,-0.11591157706379596,-0.6053506669766762,34.81209479099976,15.307080000306469,2.274247916016822,-18.21403713873884,1877.1765314951992,-0.27885449193425416,0.04834825871773463,-0.6053506669768041,39.33586640066184,17.920424531931413,2.1950298292638903,-18.21403713873877,422.2151532212143,2.24154818288806,0.16968442419838015,-0.6053506669766904,49.012333368233584,17.83956863261565,2.7473945350127766,-15.483229843164725,229.5248597392132,-0.9119091321787138,-0.0320003953499719,0.3105920809038043,31.169278098663767,19.277960968275274,1.616834796478601,-15.483229843164692,30.561711939684866,-0.3109571770426811,-0.020042065378576446,0.31059208090383805,cyb,below,54.0,21.0,0.0,361.0,0.11318569073887712,False
cyb_below_ma48_days21:scale0.25,37.67735712980296,13.686596159150163,2.752865408731578,-17.979030276614417,16104.454457506114,-2.064433861040186,-0.0575987626579626,-0.37034380485234664,34.772985235716234,15.304153788993691,2.272127274408597,-17.979030276614427,1871.453622759151,-0.31796404721777805,0.04622761710950973,-0.3703438048523928,38.842811483507724,17.92054006885135,2.16750228141966,-17.97903027661438,413.07186207430755,1.7484932657339414,0.14215687635414964,-0.37034380485230045,49.383362163269574,17.838425686791833,2.7683699800837616,-15.560738471188174,231.98398899680447,-0.540880337142724,-0.011024950278986978,0.23308345288035603,31.247564523668615,19.264062865589125,1.6220651241480992,-15.560738471188229,30.638301958380552,-0.2326707520378335,-0.014811737709078177,0.23308345288030097,cyb,below,48.0,21.0,0.25,335.0,0.11125521954000872,False
cyb_below_ma47_days21:scale0.50,38.47029998836751,13.790736188802882,2.7895755137135256,-17.855675031891327,17655.0418977189,-1.271491002475635,-0.020888657676014777,-0.24698856012925674,35.256632980015134,15.407700884173236,2.2882474968235322,-17.855675031891337,1943.2847645123513,0.1656836970811213,0.062347839524445,-0.24698856012930293,38.27094025953488,17.999631516765387,2.1262068739511806,-17.855675031891348,402.6277404453178,1.1766220417610995,0.10086146888567038,-0.2469885601292674,49.568730787455586,17.859753583296644,2.7754431524640295,-15.638340213186453,233.2171494369061,-0.35551171295671224,-0.003951777898719033,0.15548171088207674,31.325486627797506,19.251749657457797,1.6271501128554593,-15.638340213186453,30.714534774472945,-0.15474864790894216,-0.009726749001718105,0.15548171088207674,cyb,below,47.0,21.0,0.5,317.0,0.10656822948875551,False
cyb_below_ma46_days21:scale0.50,38.47602487522701,13.792728948355801,2.789587544226601,-17.855675031891316,17666.72615849947,-1.265766115616131,-0.020876627162939254,-0.24698856012924608,35.240682208626104,15.410705702319671,2.2867662837349205,-17.855675031891316,1940.8787101374883,0.14973292569209207,0.06086662643583329,-0.2469885601292816,38.27094025953488,17.999631516765387,2.1262068739511806,-17.855675031891348,402.6277404453178,1.1766220417610995,0.10086146888567038,-0.2469885601292674,49.568730787455586,17.859753583296644,2.7754431524640295,-15.638340213186453,233.2171494369061,-0.35551171295671224,-0.003951777898719033,0.15548171088207674,31.325486627797506,19.251749657457797,1.6271501128554593,-15.638340213186453,30.714534774472945,-0.15474864790894216,-0.009726749001718105,0.15548171088207674,cyb,below,46.0,21.0,0.5,305.0,0.1053490998027792,False
cyb_below_ma53_days21:scale0.25,37.542261431505764,13.667626128107946,2.7468019010484057,-17.979030276614395,15853.280753091723,-2.1995295593373783,-0.0636622703411347,-0.3703438048523253,34.887660426047674,15.302877178137978,2.279810523205985,-17.979030276614406,1888.2764324336435,-0.20328885688633846,0.053910865906897865,-0.3703438048523715,38.79074745899076,17.94550173843744,2.1615861191501224,-17.97903027661438,412.11389764673993,1.6964292412169755,0.13624071408461225,-0.37034380485230045,49.247767423635395,17.840075740869718,2.7605133598628164,-15.560738471188184,231.08387415894938,-0.676475076776903,-0.01888157049993211,0.23308345288034538,31.247564523668615,19.264062865589125,1.6220651241480992,-15.560738471188229,30.638301958380552,-0.2326707520378335,-0.014811737709078177,0.23308345288030097,cyb,below,53.0,21.0,0.25,360.0,0.10508265165811484,False
cyb_below_ma52_days21:scale0.25,37.57571690828683,13.671702545535661,2.7484299620427852,-17.979030276614417,15915.139949651733,-2.166074082556314,-0.06203420934675519,-0.37034380485234664,34.89338634363388,15.3101393392617,2.279103120515201,-17.97903027661436,1889.1197985482545,-0.19756293930013413,0.0532034632161138,-0.3703438048523253,38.79074745899076,17.94550173843744,2.1615861191501224,-17.97903027661438,412.11389764673993,1.6964292412169755,0.13624071408461225,-0.37034380485230045,49.247767423635395,17.840075740869718,2.7605133598628164,-15.560738471188184,231.08387415894938,-0.676475076776903,-0.01888157049993211,0.23308345288034538,31.247564523668615,19.264062865589125,1.6220651241480992,-15.560738471188229,30.638301958380552,-0.2326707520378335,-0.014811737709078177,0.23308345288030097,cyb,below,52.0,21.0,0.25,354.0,0.10490072784030988,False
cyb_below_ma54_days21:scale0.25,37.419509609682386,13.620516938017452,2.7472899729111915,-17.97903027661438,15628.225293433548,-2.3222813811607566,-0.06317419847834893,-0.3703438048523111,34.900248013636805,15.333767800750838,2.276038640152609,-17.97903027661437,1890.1308728147094,-0.19070126929720743,0.050138982853521696,-0.370343804852336,38.79074745899076,17.94550173843744,2.1615861191501224,-17.97903027661438,412.11389764673993,1.6964292412169755,0.13624071408461225,-0.37034380485230045,49.247767423635395,17.840075740869718,2.7605133598628164,-15.560738471188184,231.08387415894938,-0.676475076776903,-0.01888157049993211,0.23308345288034538,31.247564523668615,19.264062865589125,1.6220651241480992,-15.560738471188229,30.638301958380552,-0.2326707520378335,-0.014811737709078177,0.23308345288030097,cyb,below,54.0,21.0,0.25,361.0,0.10357433775910141,False
zz2000_and_cyb_below_ma53_days13:scale0.75,39.369092398453056,13.871860115129895,2.838054310792364,-17.608686471762024,19580.355905481196,-0.37269859239008696,0.02759013940282351,4.618527782440651e-14,35.01394022316544,15.453305886681367,2.2657896297349978,-17.60868647176209,1906.9509946405976,-0.07700905976857086,0.039889972435910526,-5.684341886080802e-14,37.501477340439024,17.937561022640935,2.090667582571809,-17.60868647176208,388.8438612901112,0.40715912266524157,0.06532217750629865,0.0,49.91196857627851,17.602779078640694,2.835459580177425,-15.507587783672127,235.5085720204018,-0.012273924133786807,0.056064649814676404,0.2862341403964024,33.108176136816134,18.794221451323168,1.761614665580373,-15.50758778367214,32.45836653653993,1.6279408611096855,0.12473780372319565,0.28623414039638995,zz2000_and_cyb,below,53.0,13.0,0.75,311.0,0.09787379284191348,False
zz2000_and_cyb_below_ma54_days13:scale0.75,39.312498172420554,13.868888948719723,2.8345816537848623,-17.60868647176206,19453.57334330146,-0.4292928184225886,0.024117482395321854,1.0658141036401503e-14,35.01394022316544,15.453305886681367,2.2657896297349978,-17.60868647176209,1906.9509946405976,-0.07700905976857086,0.039889972435910526,-5.684341886080802e-14,37.501477340439024,17.937561022640935,2.090667582571809,-17.60868647176208,388.8438612901112,0.40715912266524157,0.06532217750629865,0.0,49.91196857627851,17.602779078640694,2.835459580177425,-15.507587783672127,235.5085720204018,-0.012273924133786807,0.056064649814676404,0.2862341403964024,33.108176136816134,18.794221451323168,1.761614665580373,-15.50758778367214,32.45836653653993,1.6279408611096855,0.12473780372319565,0.28623414039638995,zz2000_and_cyb,below,54.0,13.0,0.75,316.0,0.09787379284191348,False
zz2000_and_cyb_below_ma60_days13:scale0.50,38.702325378862334,13.623585425387425,2.8408325833771273,-17.608686471762113,18134.411201763487,-1.039465611980809,0.030368411987586885,-4.263256414560601e-14,34.95963056546141,15.165546805813875,2.3052007957971723,-17.60868647176207,1898.9002936403856,-0.1313187174726025,0.07930113849808507,-3.552713678800501e-14,37.028001709504,17.5438653113838,2.1105954162494283,-17.608686471762013,380.51350716149744,-0.06631650826978586,0.08525001118391806,6.750155989720952e-14,48.73372321873055,17.151955926621454,2.8412924699212416,-14.76605485970942,227.68625986805108,-1.1905192816817447,0.06189753955849309,1.027767064359109,34.103067845146114,18.476413702309177,1.8457622996871912,-14.76605485970941,33.4313982481786,2.622832569439666,0.2088854378300138,1.0277670643591197,zz2000_and_cyb,below,60.0,13.0,0.5,346.0,0.08585087173494929,False
cyb_below_ma46_days11:scale0.50,36.369555662242604,13.116247161665138,2.7728629396783497,-15.264426426726574,13821.179974561417,-3.3722353286005387,-0.037601231711190675,2.3442600450354956,32.61432795917649,14.630766918701182,2.2291605177230016,-15.264426426726574,1577.7597356550111,-2.47662132375752,0.00326086042391438,2.34426004503546,36.96898333508367,16.874980956421865,2.190757040292536,-15.264426426726619,379.4831395974722,-0.12533488269011173,0.16541163522702584,2.344260045035462,47.71429731669521,16.657578140983013,2.8644198401988974,-14.76605485970941,221.01708551926987,-2.209945183717089,0.08502490983614885,1.0277670643591197,41.26094128416622,17.657259152860295,2.3367693098326856,-14.76605485970942,40.42841130513077,9.780706008459774,0.6998924479755082,1.027767064359109,cyb,below,46.0,11.0,0.5,698.0,0.08514100379516779,False
cyb_below_ma47_days22:scale0.25,38.128373366279476,13.747892336647638,2.773397727638658,-19.27943525898198,16970.097559386166,-1.6134176245636667,-0.03706644375088253,-1.6707487872199103,35.4519023929313,15.363630362351389,2.3075211754512313,-19.279435258981948,1972.9473033188772,0.3609531099972898,0.08162151815214402,-1.6707487872199138,38.86420531081174,17.975729181216774,2.162037763198045,-19.27943525898197,413.4659178641475,1.7698870930379584,0.13669235813253477,-1.670748787219889,49.294686586302674,17.845638657372795,2.762282008099325,-15.763826717236185,231.39515233526703,-0.6295559141096234,-0.017112922263423425,0.02999520683234458,30.926406858484512,19.268076996226377,1.6050593354251905,-15.76382671723625,30.3240985519194,-0.5538284172219363,-0.031817526431986876,0.029995206832278853,cyb,below,47.0,22.0,0.25,292.0,0.08511061422088895,False
cyb_below_ma48_days21:scale0.50,38.37466538964267,13.773777911493088,2.7860668028937914,-17.855675031891316,17460.917356985967,-1.3671256012004704,-0.024397368495749028,-0.24698856012924608,34.892409132165184,15.39444398257058,2.2665585825425056,-17.855675031891348,1888.975843024407,-0.19854015076882803,0.04065892524341841,-0.24698856012931358,38.27094025953488,17.999631516765387,2.1262068739511806,-17.855675031891348,402.6277404453178,1.1766220417610995,0.10086146888567038,-0.2469885601292674,49.568730787455586,17.859753583296644,2.7754431524640295,-15.638340213186453,233.2171494369061,-0.35551171295671224,-0.003951777898719033,0.15548171088207674,31.325486627797506,19.251749657457797,1.6271501128554593,-15.638340213186453,30.714534774472945,-0.15474864790894216,-0.009726749001718105,0.15548171088207674,cyb,below,48.0,21.0,0.5,335.0,0.0847970569127435,False
cyb_below_ma44_days13:scale0.50,37.382666631290526,13.359190059374473,2.7982734331306403,-16.419123099935817,15561.259429671785,-2.3591243595526166,-0.012190738258900158,1.189563371826253,33.24524230390396,14.903808983817846,2.2306540791015737,-16.419123099935817,1659.2300590001685,-1.845706979030055,0.004754421802486419,1.1895633718262175,37.23552633565341,17.155252441607203,2.170502967670989,-16.419123099935828,384.15062104270834,0.1412081178796285,0.14515756260547885,1.189563371826253,48.56228904014923,16.99954764211813,2.8566812519076192,-14.76605485970942,226.55833414433167,-1.3619534602630665,0.0772863215448707,1.027767064359109,38.22788189362596,18.111248989524363,2.1107258762627117,-14.76605485970942,37.464273527430336,6.747646617919514,0.4738490144055343,1.027767064359109,cyb,below,44.0,13.0,0.5,557.0,0.0836397327823276,False
cyb_below_ma46_days22:scale0.25,38.09409956408978,13.750682671188583,2.7703424240824983,-19.279435258981938,16902.82352650264,-1.6476914267533616,-0.0401217473070421,-1.6707487872198676,35.428054719947255,15.367608346460507,2.3053720475708963,-19.27943525898198,1969.3040521548323,0.3371054370132427,0.07947239027180908,-1.6707487872199458,38.86420531081174,17.975729181216774,2.162037763198045,-19.27943525898197,413.4659178641475,1.7698870930379584,0.13669235813253477,-1.670748787219889,49.294686586302674,17.845638657372795,2.762282008099325,-15.763826717236185,231.39515233526703,-0.6295559141096234,-0.017112922263423425,0.02999520683234458,30.926406858484512,19.268076996226377,1.6050593354251905,-15.76382671723625,30.3240985519194,-0.5538284172219363,-0.031817526431986876,0.029995206832278853,cyb,below,46.0,22.0,0.25,280.0,0.08332062009119942,False
zz2000_and_cyb_below_ma52_days13:scale0.50,38.87752145286634,13.673613769646822,2.8432513970204463,-17.608686471762113,18504.377889571755,-0.8642695379768028,0.03278722563090586,-4.263256414560601e-14,34.74193793806371,15.221318364325914,2.282452617211405,-17.60868647176205,1866.921084583754,-0.3490113448703056,0.05655295991231757,-1.4210854715202004e-14,37.340544793342566,17.62759909405055,2.118300092605651,-17.60868647176207,385.9995600173772,0.2462265755687838,0.09295468754014102,1.0658141036401503e-14,48.89126456619481,17.283397308285434,2.8287994364833,-14.76605485970941,228.72506316870346,-1.0329779342174845,0.04940450612055125,1.0277670643591197,34.55711071279557,18.51573933870356,1.86636407440456,-14.76605485970942,33.87542367394622,3.0768754370891216,0.22948721254738258,1.027767064359109,zz2000_and_cyb,below,52.0,13.0,0.5,310.0,0.08200478017487355,False
cyb_below_ma49_days20:scale0.00,37.164272011061094,13.632876498319973,2.7260770693287637,-18.102292831109736,15169.759368215718,-2.577518979782049,-0.08438710206077671,-0.49360635934766606,34.92123257121682,15.238405293737657,2.2916592581749993,-18.10229283110972,1893.225839995679,-0.16971671171719294,0.06575960087591204,-0.4936063593476874,39.485166058905264,17.84783713407651,2.212322185723952,-18.102292831109768,425.00932590262613,2.3908478411314817,0.18697678065844192,-0.4936063593476874,47.7226617338069,17.768616530656658,2.685783761018746,-14.7660548597094,221.07143534751356,-2.201580766605396,-0.09361116934400249,1.0277670643591303,32.414105219125865,19.249704527599256,1.683875467940412,-14.76605485970942,31.779472267300292,0.9338699434194169,0.046998606083234584,1.027767064359109,cyb,below,49.0,20.0,0.0,362.0,0.08190653926534805,False
cyb_below_ma50_days20:scale0.00,36.77186376967207,13.623215826175464,2.6992058438228006,-18.102292831109757,14489.264473785366,-2.969927221171069,-0.11125832756673981,-0.4936063593476874,34.92123257121682,15.238405293737657,2.2916592581749993,-18.10229283110972,1893.225839995679,-0.16971671171719294,0.06575960087591204,-0.4936063593476874,39.485166058905264,17.84783713407651,2.212322185723952,-18.102292831109768,425.00932590262613,2.3908478411314817,0.18697678065844192,-0.4936063593476874,47.7226617338069,17.768616530656658,2.685783761018746,-14.7660548597094,221.07143534751356,-2.201580766605396,-0.09361116934400249,1.0277670643591303,32.414105219125865,19.249704527599256,1.683875467940412,-14.76605485970942,31.779472267300292,0.9338699434194169,0.046998606083234584,1.027767064359109,cyb,below,50.0,20.0,0.0,378.0,0.08190653926534805,False
cyb_below_ma47_days22:scale0.00,37.573265110787005,13.728563221158414,2.7368679814125936,-20.164385500697957,15910.598952555109,-2.168525880056137,-0.07359618997694684,-2.555699028935887,35.54927405291881,15.339112027756862,2.31755749541373,-20.164385500697946,1987.882920904489,0.45832476998479876,0.09165783811464268,-2.555699028935912,39.43626699935165,17.952588732070616,2.1966897135510304,-20.164385500697946,424.0928575615841,2.3419487815778695,0.17134430848552018,-2.555699028935866,49.07550349603833,17.844319624073215,2.7502031195312204,-15.75404561341709,229.94268364855932,-0.848739004373968,-0.02919181083152811,0.03977631065144038,30.74166909923164,19.282628559929123,1.5942675555715127,-15.754045613417055,30.14335507963446,-0.7385661764748086,-0.04260930628566473,0.039776310651474134,cyb,below,47.0,22.0,0.0,292.0,0.08148481824159114,False
cyb_below_ma49_days20:scale0.25,37.82362689158627,13.658406826349568,2.7692561345161844,-17.97903027661438,16380.579265447048,-1.9181640992568703,-0.04120803687335606,-0.3703438048523111,34.98503687067198,15.268274069446539,2.291355048484544,-17.97903027661438,1902.6628233842202,-0.10591241226202897,0.06545539118545696,-0.37034380485234664,38.905554470560546,17.877816083410497,2.1761916717927576,-17.979030276614395,414.2282192184778,1.8112362527867631,0.15084626672724744,-0.37034380485231466,48.282099318290065,17.77083640563526,2.7169289174807467,-14.970349556172913,224.72043503339302,-1.6421431821222328,-0.06246601288200182,0.8234723678956168,32.18126411465234,19.240442362852654,1.6725844192015258,-14.970349556172913,31.55170887308143,0.701028838945895,0.035707557344348384,0.8234723678956168,cyb,below,49.0,20.0,0.25,362.0,0.0813144027845681,False
cyb_below_ma50_days20:scale0.25,37.52827914005428,13.648625500916879,2.749601352717402,-17.97903027661437,15827.493895510892,-2.213511850788862,-0.060862818672138275,-0.37034380485230045,34.98503687067198,15.268274069446539,2.291355048484544,-17.97903027661438,1902.6628233842202,-0.10591241226202897,0.06545539118545696,-0.37034380485234664,38.905554470560546,17.877816083410497,2.1761916717927576,-17.979030276614395,414.2282192184778,1.8112362527867631,0.15084626672724744,-0.37034380485231466,48.282099318290065,17.77083640563526,2.7169289174807467,-14.970349556172913,224.72043503339302,-1.6421431821222328,-0.06246601288200182,0.8234723678956168,32.18126411465234,19.240442362852654,1.6725844192015258,-14.970349556172913,31.55170887308143,0.701028838945895,0.035707557344348384,0.8234723678956168,cyb,below,50.0,20.0,0.25,378.0,0.0813144027845681,False
cyb_below_ma53_days21:scale0.50,38.28450296097443,13.759288527350789,2.7824478631196876,-17.855675031891305,17279.723734768926,-1.4572880298687139,-0.028016308269852797,-0.24698856012923542,34.968661774965696,15.394844766605317,2.2714527041428916,-17.855675031891327,1900.2370351997824,-0.12228750796831633,0.045553046843804346,-0.24698856012929227,38.235408294287645,18.020103395121296,2.1218195842671674,-17.855675031891337,401.98446987868044,1.141090076513862,0.09647417920165724,-0.24698856012925674,49.478235429954175,17.860752784969893,2.7702211673626036,-15.638340213186453,232.6147510415635,-0.4460070704581227,-0.009173763000144941,0.15548171088207674,31.325486627797506,19.251749657457797,1.6271501128554593,-15.638340213186453,30.714534774472945,-0.15474864790894216,-0.009726749001718105,0.15548171088207674,cyb,below,53.0,21.0,0.5,360.0,0.08031610330803027,False
cyb_below_ma53_days20:scale0.25,37.53243135720796,13.630840130453127,2.753493621670133,-17.97903027661438,15835.147546369857,-2.209359633635181,-0.056970549719407515,-0.3703438048523111,35.05712678304476,15.260705412911618,2.297215353713858,-17.979030276614395,1913.3736548775769,-0.03382249988925423,0.07131569641477098,-0.37034380485236085,38.871646927757084,17.878949270699184,2.1741572359322965,-17.979030276614395,413.6030427032733,1.7773287099833013,0.1488118308667863,-0.37034380485231466,48.22177688641291,17.772798762073613,2.713234844548857,-14.970349556172913,224.32565391792193,-1.7024656139993866,-0.06616008581389154,0.8234723678956168,32.18126411465234,19.240442362852654,1.6725844192015258,-14.970349556172913,31.55170887308143,0.701028838945895,0.035707557344348384,0.8234723678956168,cyb,below,53.0,20.0,0.25,386.0,0.08024494926041108,False
cyb_below_ma52_days21:scale0.50,38.306888207590184,13.76218625422564,2.7834885751403173,-17.85567503189136,17324.54569939959,-1.4349027832529586,-0.026975596249223077,-0.24698856012928871,34.97244021045023,15.3998580004325,2.2709586159475,-17.855675031891327,1900.7965335700073,-0.11850907248378206,0.045058958648412695,-0.24698856012929227,38.235408294287645,18.020103395121296,2.1218195842671674,-17.855675031891337,401.98446987868044,1.141090076513862,0.09647417920165724,-0.24698856012925674,49.478235429954175,17.860752784969893,2.7702211673626036,-15.638340213186453,232.6147510415635,-0.4460070704581227,-0.009173763000144941,0.15548171088207674,31.325486627797506,19.251749657457797,1.6271501128554593,-15.638340213186453,30.714534774472945,-0.15474864790894216,-0.009726749001718105,0.15548171088207674,cyb,below,52.0,21.0,0.5,354.0,0.08018241227487047,False
cyb_below_ma53_days20:scale0.00,36.7763554151443,13.604907488961002,2.70316835634381,-18.102292831109736,14496.890246018327,-2.965435575698841,-0.1072958150457306,-0.49360635934766606,35.01695914936362,15.230047122452644,2.2992022853127256,-18.102292831109736,1907.399366083269,-0.07399013357039053,0.0733026280136384,-0.4936063593477016,39.439470544518215,17.85056552154985,2.209424149442518,-18.102292831109768,424.1528593754089,2.345152326744433,0.184078744377008,-0.4936063593476874,47.642013661483816,17.77325821026401,2.68054473174596,-14.76605485970942,220.54766000933625,-2.282228838928482,-0.09885019861678845,1.027767064359109,32.414105219125865,19.249704527599256,1.683875467940412,-14.76605485970942,31.779472267300292,0.9338699434194169,0.046998606083234584,1.027767064359109,cyb,below,53.0,20.0,0.0,386.0,0.08005929186664995,False
cyb_below_ma46_days22:scale0.00,37.52784798768787,13.731774754973461,2.732920445996669,-20.164385500697957,15826.699363421802,-2.213943003155272,-0.07754372539287147,-2.555699028935887,35.51760506371966,15.34370010893534,2.3148005247467087,-20.164385500697946,1983.0146950438993,0.42665578078564437,0.08890086744762149,-2.555699028935912,39.43626699935165,17.952588732070616,2.1966897135510304,-20.164385500697946,424.0928575615841,2.3419487815778695,0.17134430848552018,-2.555699028935866,49.07550349603833,17.844319624073215,2.7502031195312204,-15.75404561341709,229.94268364855932,-0.848739004373968,-0.02919181083152811,0.03977631065144038,30.74166909923164,19.282628559929123,1.5942675555715127,-15.754045613417055,30.14335507963446,-0.7385661764748086,-0.04260930628566473,0.039776310651474134,cyb,below,46.0,22.0,0.0,280.0,0.07915626323210591,False
cyb_below_ma47_days22:scale0.50,38.67492399227466,13.823735600880996,2.797718728779063,-18.392811084266658,18077.174273635268,-1.0668669985684858,-0.012745442610477387,-0.7841246125045878,35.343066189569086,15.443413764916796,2.28855269486199,-18.39281108426669,1956.3670155866,0.2521169066350737,0.06265303756290264,-0.7841246125046553,38.28315072377953,18.044249931340136,2.1216260509275853,-18.39281108426668,402.84895069855384,1.1888325060057454,0.09628064586207508,-0.7841246125045984,49.509207406247754,17.865788871128423,2.7711738766965905,-15.773716481475208,232.82083984430963,-0.4150350941645442,-0.008221053666157996,0.020105442593321143,31.11108101628104,19.254768319943143,1.615759821117022,-15.77371648147523,30.5047754362429,-0.36915425942540736,-0.021117040740155302,0.020105442593299827,cyb,below,47.0,22.0,0.5,292.0,0.07903985584458546,False
cyb_below_ma54_days21:scale0.50,38.20329327681278,13.72235652508508,2.7840184160042374,-17.855675031891327,17118.023034238904,-1.5384977140303633,-0.026445755385303027,-0.24698856012925674,34.97614829246582,15.419714263081264,2.268274735557692,-17.855675031891295,1901.3457511511206,-0.11480099046818992,0.04237507825860476,-0.2469885601292603,38.235408294287645,18.020103395121296,2.1218195842671674,-17.855675031891337,401.98446987868044,1.141090076513862,0.09647417920165724,-0.24698856012925674,49.478235429954175,17.860752784969893,2.7702211673626036,-15.638340213186453,232.6147510415635,-0.4460070704581227,-0.009173763000144941,0.15548171088207674,31.325486627797506,19.251749657457797,1.6271501128554593,-15.638340213186453,30.714534774472945,-0.15474864790894216,-0.009726749001718105,0.15548171088207674,cyb,below,54.0,21.0,0.5,361.0,0.0789517145404349,False
cyb_below_ma46_days22:scale0.50,38.65193517917209,13.825840951854179,2.795629959419466,-18.392811084266636,18029.284406014965,-1.0898558116710504,-0.014834211970074396,-0.7841246125045664,35.32710522513938,15.446411846670765,2.2870751845680966,-18.392811084266704,1953.9455563068675,0.2361559422053645,0.06117552726900932,-0.7841246125046695,38.28315072377953,18.044249931340136,2.1216260509275853,-18.39281108426668,402.84895069855384,1.1888325060057454,0.09628064586207508,-0.7841246125045984,49.509207406247754,17.865788871128423,2.7711738766965905,-15.773716481475208,232.82083984430963,-0.4150350941645442,-0.008221053666157996,0.020105442593321143,31.11108101628104,19.254768319943143,1.615759821117022,-15.77371648147523,30.5047754362429,-0.36915425942540736,-0.021117040740155302,0.020105442593299827,cyb,below,46.0,22.0,0.5,280.0,0.07782227176474724,False
cyb_below_ma46_days12:scale0.50,36.874947535642576,13.215658083744177,2.790246789223484,-15.475038826991028,14665.22066476131,-2.8668434552005664,-0.020217382166056286,2.1336476447710417,32.977302370848925,14.745937010792028,2.2363653355303232,-15.47503882699106,1624.2057499688358,-2.1136469120850876,0.010465678231236009,2.1336476447709742,36.88789046517535,17.010941947689666,2.1684801804984857,-15.475038826991039,378.07026736117956,-0.2064277525984295,0.14313477543297548,2.1336476447710417,47.93515868422888,16.8364239390855,2.847110458708999,-14.7660548597094,222.45424063152996,-1.9890838161834168,0.0677155283462505,1.0277670643591303,39.87409679650449,17.73235246915221,2.248663670873382,-14.76605485970942,39.07321728863269,8.39386152079804,0.6117868090162044,1.027767064359109,cyb,below,46.0,12.0,0.5,634.0,0.07630692581333666,False
cyb_below_ma46_days11:scale0.75,38.06212035548211,13.5486776026705,2.8092867416064213,-16.44215853149734,16840.27756234855,-1.6796706353610347,-0.0011774297831190772,1.1665279402647286,33.866675880017084,15.110759057766993,2.2412292956659563,-16.44215853149731,1742.9389840818337,-1.2242734029169284,0.01532963836686907,1.166527940264725,37.06069298543113,17.48856102587397,2.1191390721398173,-16.44215853149734,381.08500638711115,-0.03362523234265069,0.09379366707430714,1.1665279402647393,48.84387924081606,17.21048344457366,2.8380306339515506,-14.76605485970942,228.41238153968746,-1.0803632595962398,0.0586357035888021,1.027767064359109,36.31610581785139,18.335626443757167,1.9806307643345413,-14.76605485970942,35.59536922049355,4.835870542144939,0.3437539024773639,1.027767064359109,cyb,below,46.0,11.0,0.75,698.0,0.07537816410739161,False
zz2000_and_cyb_below_ma52_days13:scale0.25,38.424606484196254,13.555928666732491,2.834524098558722,-17.60868647176206,17562.041099978996,-1.317184506646889,0.024059927169181705,1.0658141036401503e-14,34.539454095376556,15.082039195876854,2.290105047918122,-17.608686471762013,1837.5901260627502,-0.5514951875574567,0.06420539061903474,2.1316282072803006e-14,37.42258126579871,17.446031070227335,2.145048413312901,-17.60868647176207,387.4478044185731,0.32826304802492956,0.11970300824739066,1.0658141036401503e-14,48.33519714608361,17.101810385494147,2.826320492190803,-14.766054859709431,225.0681991515214,-1.5890453543286895,0.04692556182805463,1.0277670643590984,36.0793977246729,18.31548026405522,1.9698854304945523,-14.76605485970942,35.36393825139932,4.599162448966453,0.33300856863737494,1.027767064359109,zz2000_and_cyb,below,52.0,13.0,0.25,310.0,0.07530008528706733,False
zz2000_and_cyb_below_ma60_days13:scale0.25,38.15987060471677,13.495678103412326,2.8275622990050575,-17.60868647176209,17032.141520496243,-1.5819203861263702,0.0170981276155171,-2.1316282072803006e-14,34.86239386399967,15.013513636925449,2.322067619018661,-17.60868647176209,1884.5587809244844,-0.2285554189343415,0.09616796171957365,-5.684341886080802e-14,36.94733533586727,17.34612976225605,2.1300045510014605,-17.608686471762024,379.1056427392165,-0.14698288190651,0.10465914593595027,5.684341886080802e-14,48.089682540302746,16.942800832513207,2.838354945896474,-14.766054859709431,223.4622762341069,-1.8345599601095515,0.05896001553372532,1.0277670643590984,35.38696738169498,18.273350967940058,1.9365341060750243,-14.766054859709444,34.6869052211644,3.9067321059885316,0.2996572442178469,1.027767064359086,zz2000_and_cyb,below,60.0,13.0,0.25,346.0,0.0742382408432142,False
cyb_below_ma52_days20:scale0.25,37.50560062911737,13.63560846874687,2.7505630361183417,-17.979030276614417,15785.752068271428,-2.2361903617257752,-0.05990113527119867,-0.37034380485234664,34.96860123780618,15.26892418333548,2.2901810774573725,-17.97903027661438,1900.2280722012592,-0.12234804512782915,0.06428142015828531,-0.37034380485234664,38.871646927757084,17.878949270699184,2.1741572359322965,-17.979030276614395,413.6030427032733,1.7773287099833013,0.1488118308667863,-0.37034380485231466,48.22177688641291,17.772798762073613,2.713234844548857,-14.970349556172913,224.32565391792193,-1.7024656139993866,-0.06616008581389154,0.8234723678956168,32.18126411465234,19.240442362852654,1.6725844192015258,-14.970349556172913,31.55170887308143,0.701028838945895,0.035707557344348384,0.8234723678956168,cyb,below,52.0,20.0,0.25,380.0,0.07407204477501128,False
cyb_below_ma52_days20:scale0.00,36.74093644948477,13.610416523329416,2.699471863076907,-18.102292831109747,14436.858327452901,-3.000854541358372,-0.11099230831263363,-0.4936063593476767,34.899185087410835,15.239980673410194,2.289975678794714,-18.10229283110972,1889.9742192550307,-0.19176419552317725,0.06407602149562663,-0.4936063593476874,39.439470544518215,17.85056552154985,2.209424149442518,-18.102292831109768,424.1528593754089,2.345152326744433,0.184078744377008,-0.4936063593476874,47.642013661483816,17.77325821026401,2.68054473174596,-14.76605485970942,220.54766000933625,-2.282228838928482,-0.09885019861678845,1.027767064359109,32.414105219125865,19.249704527599256,1.683875467940412,-14.76605485970942,31.779472267300292,0.9338699434194169,0.046998606083234584,1.027767064359109,cyb,below,52.0,20.0,0.0,380.0,0.07191276674906075,False
zz2000_and_cyb_below_ma59_days13:scale0.50,38.526952422406694,13.616747853375507,2.8293798811039963,-17.60868647176205,17770.98485034861,-1.2148385684364484,0.018915709714455886,2.1316282072803006e-14,34.6879417891506,15.15562629659466,2.2887831297967995,-17.60868647176205,1859.0606172986754,-0.40300749378341294,0.06288347249771231,-1.4210854715202004e-14,37.14446853995561,17.548820398549783,2.1166362009736672,-17.608686471762102,382.5520262993993,0.050150322181828244,0.09129079590815703,-2.1316282072803006e-14,48.638601517440506,17.14665058539748,2.8366240552462396,-14.76605485970942,227.06010112252275,-1.2856409829717919,0.05722912488349108,1.027767064359109,33.842360372135104,18.46112885615489,1.8331685259242505,-14.76605485970941,33.17643108240607,2.362125096428656,0.1962916640670731,1.0277670643591197,zz2000_and_cyb,below,59.0,13.0,0.5,350.0,0.07092463999071057,False
cyb_below_ma47_days20:scale0.25,37.73885066016645,13.679854049765938,2.758717346170236,-17.979030276614427,16220.008095321571,-2.0029403306766937,-0.051746825219304515,-0.3703438048523573,35.17555942980422,15.284532181847544,2.301382797412666,-17.979030276614406,1931.0818586541068,0.08461014687020452,0.0754831401135787,-0.3703438048523715,38.47173474785932,17.863587228547605,2.153639929967597,-17.979030276614406,406.27531719348895,1.37741653008554,0.1282945249020866,-0.3703438048523253,48.35744059686249,17.77076898697711,2.7211788433184916,-14.970349556172879,225.2139562241465,-1.566801903549809,-0.05821608704425696,0.8234723678956506,32.18126411465234,19.240442362852654,1.6725844192015258,-14.970349556172913,31.55170887308143,0.701028838945895,0.035707557344348384,0.8234723678956168,cyb,below,47.0,20.0,0.25,342.0,0.07034630048437998,False
cyb_below_ma44_days13:scale0.75,38.569917786836186,13.688323259035522,2.817724059911909,-17.01473424587863,17859.389014497676,-1.1718732040069568,0.007259888522368474,0.5939522258834415,34.17988360226314,15.267108642421986,2.2387921906371404,-17.01473424587868,1786.4727934716773,-0.9110656806708732,0.01289253333805318,0.5939522258833527,37.18816071632778,17.648338328196616,2.107176325881771,-17.01473424587865,383.3185511246239,0.09384249855399673,0.08183092081626064,0.5939522258834309,49.26226622865555,17.408336687426324,2.829808907834179,-14.76605485970942,231.18004353117163,-0.6619762717567497,0.05041397747143028,1.027767064359109,34.83392296157428,18.59609827925044,1.8731844948594425,-14.76605485970942,34.14611609337263,3.3536876858678326,0.2363076330022651,1.027767064359109,cyb,below,44.0,13.0,0.75,557.0,0.06966549365316736,False
cyb_below_ma46_days12:scale0.75,38.3161669484267,13.605155451321071,2.816297622288922,-16.546407732250323,17343.156254883666,-1.4256240424164446,0.005833450899381809,1.062278739511747,34.04782102637496,15.176195512023446,2.2435017392468577,-16.546407732250334,1768.005387901853,-1.0431282565590507,0.017602081947770465,1.0622787395117008,37.01757154042742,17.564994593262924,2.1074627346953787,-16.546407732250323,380.33128426064025,-0.07674667734636387,0.08211732962986851,1.0622787395117577,48.95147094575088,17.311611835246232,2.8276668522619177,-14.76605485970942,229.1226328201014,-0.9727715546614206,0.04827192189916918,1.027767064359109,35.643842524521816,18.377062877006267,1.9395832056013738,-14.76605485970942,34.93807522534729,4.163607248815367,0.30270634374419636,1.027767064359109,cyb,below,46.0,12.0,0.75,634.0,0.06901517178901147,False
cyb_below_ma54_days20:scale0.25,37.44230755347093,13.578422648389704,2.75748579367658,-17.97903027661438,15669.797175199226,-2.29948343737221,-0.052978377712960434,-0.3703438048523111,34.9065685846919,15.287835461648047,2.2832904417542004,-17.979030276614406,1891.0626247793334,-0.18438069824211567,0.05739078445511314,-0.3703438048523715,38.871646927757084,17.878949270699184,2.1741572359322965,-17.979030276614395,413.6030427032733,1.7773287099833013,0.1488118308667863,-0.37034380485231466,48.22177688641291,17.772798762073613,2.713234844548857,-14.970349556172913,224.32565391792193,-1.7024656139993866,-0.06616008581389154,0.8234723678956168,32.18126411465234,19.240442362852654,1.6725844192015258,-14.970349556172913,31.55170887308143,0.701028838945895,0.035707557344348384,0.8234723678956168,cyb,below,54.0,20.0,0.25,387.0,0.06876574732999612,False
cyb_below_ma46_days20:scale0.25,37.7014205417118,13.68238740003807,2.755470915960682,-17.97903027661437,16149.580842450672,-2.040370449131345,-0.05499325542885858,-0.37034380485230045,35.15176040978483,15.288529750510493,2.29922438477847,-17.979030276614406,1927.512186943709,0.060811126850815356,0.0733247274793829,-0.3703438048523715,38.47173474785932,17.863587228547605,2.153639929967597,-17.979030276614406,406.27531719348895,1.37741653008554,0.1282945249020866,-0.3703438048523253,48.35744059686249,17.77076898697711,2.7211788433184916,-14.970349556172879,225.2139562241465,-1.566801903549809,-0.05821608704425696,0.8234723678956506,32.18126411465234,19.240442362852654,1.6725844192015258,-14.970349556172913,31.55170887308143,0.701028838945895,0.035707557344348384,0.8234723678956168,cyb,below,46.0,20.0,0.25,330.0,0.0685531235667004,False
cyb_below_ma47_days11:scale0.50,36.33006498124758,13.110826055470307,2.7709974053152338,-15.26442642672663,13757.169486037352,-3.4117260095955615,-0.03946676607430666,2.3442600450354405,32.549617455201975,14.6204234627559,2.2263115386581616,-15.264426426726596,1569.598699238164,-2.541331827732037,0.00041188135907432866,2.3442600450354387,36.74026698236843,16.865742091790295,2.1783961110286643,-15.264426426726585,375.5067833615205,-0.35405123540535044,0.15305070596315407,2.3442600450354956,47.71429731669521,16.657578140983013,2.8644198401988974,-14.76605485970941,221.01708551926987,-2.209945183717089,0.08502490983614885,1.0277670643591197,41.26094128416622,17.657259152860295,2.3367693098326856,-14.76605485970942,40.42841130513077,9.780706008459774,0.6998924479755082,1.027767064359109,cyb,below,47.0,11.0,0.5,716.0,0.06758966216654323,False
cyb_below_ma47_days11:scale0.75,38.04220604609472,13.545634352238197,2.8084477298627846,-16.442158531497363,16801.437528998988,-1.6995849447484233,-0.002016441526755841,1.1665279402647073,33.83418972013785,15.104862590355895,2.2399534929725347,-16.44215853149734,1738.4757796500285,-1.2567595627961623,0.014053835673447423,1.166527940264693,36.94648361914328,17.48294500273029,2.1132871843601517,-16.442158531497352,379.090795399043,-0.14783459863050297,0.08794177929464153,1.1665279402647286,48.84387924081606,17.21048344457366,2.8380306339515506,-14.76605485970942,228.41238153968746,-1.0803632595962398,0.0586357035888021,1.027767064359109,36.31610581785139,18.335626443757167,1.9806307643345413,-14.76605485970942,35.59536922049355,4.835870542144939,0.3437539024773639,1.027767064359109,cyb,below,47.0,11.0,0.75,716.0,0.06684240625439529,False
cyb_below_ma47_days20:scale0.00,37.05254396392006,13.65746111246054,2.7129891609293875,-18.10229283110972,14973.037313821453,-2.689247026923084,-0.09747501046015294,-0.49360635934765185,35.17574055862753,15.25748271566342,2.3054747112717298,-18.10229283110972,1931.1090482699778,0.08479127569351874,0.07957505397264253,-0.4936063593476874,38.90281660678787,17.83626828615494,2.1811073921211106,-18.102292831109736,414.1777167920048,1.8084983890140904,0.1557619870556004,-0.4936063593476554,47.82213847020256,17.770868432008573,2.6910411639797056,-14.76605485970941,221.71827913028196,-2.1021040302097376,-0.08835376638304293,1.0277670643591197,32.414105219125865,19.249704527599256,1.683875467940412,-14.76605485970942,31.779472267300292,0.9338699434194169,0.046998606083234584,1.027767064359109,cyb,below,47.0,20.0,0.0,342.0,0.06657026506483346,False
cyb_below_ma49_days20:scale0.50,38.473123935403805,13.752627881894814,2.797510720554961,-17.855675031891327,17660.804558252617,-1.2686670554393373,-0.012953450834579439,-0.24698856012925674,35.03462687713035,15.366981373431072,2.279863951530773,-17.855675031891316,1910.0251880289968,-0.056322405803662434,0.053964294231685805,-0.2469885601292816,38.31380722235102,17.966338596986862,2.132532848333196,-17.855675031891316,403.40468055875266,1.219489004577241,0.10718744326768581,-0.24698856012923542,48.83553683288311,17.803992810391176,2.7429541986997763,-15.245302687262841,228.35735297800866,-1.0887056675291902,-0.03644073166297224,0.5485192368056886,31.94800372266866,19.23438408664307,1.6609839742596335,-15.245302687262807,31.323528450982497,0.46776844696221076,0.02410711240245611,0.5485192368057223,cyb,below,49.0,20.0,0.5,362.0,0.06633408987171503,False
cyb_below_ma50_days20:scale0.50,38.275546587061186,13.744464259624278,2.7847972728554713,-17.855675031891305,17261.820676073206,-1.4662444037819569,-0.025666898534069116,-0.24698856012923542,35.03462687713035,15.366981373431072,2.279863951530773,-17.855675031891316,1910.0251880289968,-0.056322405803662434,0.053964294231685805,-0.2469885601292816,38.31380722235102,17.966338596986862,2.132532848333196,-17.855675031891316,403.40468055875266,1.219489004577241,0.10718744326768581,-0.24698856012923542,48.83553683288311,17.803992810391176,2.7429541986997763,-15.245302687262841,228.35735297800866,-1.0887056675291902,-0.03644073166297224,0.5485192368056886,31.94800372266866,19.23438408664307,1.6609839742596335,-15.245302687262807,31.323528450982497,0.46776844696221076,0.02410711240245611,0.5485192368057223,cyb,below,50.0,20.0,0.5,378.0,0.06633408987171503,False
cyb_below_ma53_days20:scale0.50,38.27884263433208,13.729990825902426,2.7879729214470275,-17.855675031891327,17268.40719409742,-1.4629483565110633,-0.022491249942512948,-0.24698856012925674,35.082877031841676,15.361098994646657,2.283878063937226,-17.855675031891373,1917.2120015043238,-0.008072251092336558,0.05797840663813858,-0.24698856012933845,38.29144298259506,17.966486816484544,2.1312704800730455,-17.855675031891316,402.9992213457643,1.1971247648212753,0.10592507500753534,-0.24698856012923542,48.79542979547291,17.804288023861446,2.740656056006109,-15.245302687262797,228.09288282296413,-1.128812704939385,-0.038738874356639474,0.548519236805733,31.94800372266866,19.23438408664307,1.6609839742596335,-15.245302687262807,31.323528450982497,0.46776844696221076,0.02410711240245611,0.5485192368057223,cyb,below,53.0,20.0,0.5,386.0,0.06582190053855647,False
cyb_below_ma51_days20:scale0.25,37.531409692953076,13.635085017981416,2.752561472367655,-17.979030276614406,15833.264025253513,-2.2103812978900663,-0.057902699021885606,-0.370343804852336,34.94808572083106,15.268906854237644,2.2888400626487395,-17.97903027661438,1897.192670672272,-0.1428635621029528,0.06294040534965228,-0.37034380485234664,38.829328199469956,17.878942911945884,2.1717910499913278,-17.979030276614395,412.82363585323435,1.735009981696173,0.14644564492581758,-0.37034380485231466,48.146504502783486,17.7728650904257,2.708989476813176,-14.970349556172902,223.83348075053487,-1.7777379976288117,-0.07040545354957262,0.8234723678956275,32.18126411465234,19.240442362852654,1.6725844192015258,-14.970349556172913,31.55170887308143,0.701028838945895,0.035707557344348384,0.8234723678956168,cyb,below,51.0,20.0,0.25,382.0,0.06536460610603703,False
cyb_below_ma54_days20:scale0.00,36.65435237186021,13.548528741391028,2.705412009783795,-18.10229283110969,14291.078915493159,-3.0874386189829295,-0.10505216160574538,-0.49360635934761987,34.817614770231884,15.259922741555746,2.2816376832247474,-18.102292831109736,1877.9854739149205,-0.27333451270212805,0.05573802592566013,-0.4936063593477016,39.439470544518215,17.85056552154985,2.209424149442518,-18.102292831109768,424.1528593754089,2.345152326744433,0.184078744377008,-0.4936063593476874,47.642013661483816,17.77325821026401,2.68054473174596,-14.76605485970942,220.54766000933625,-2.282228838928482,-0.09885019861678845,1.027767064359109,32.414105219125865,19.249704527599256,1.683875467940412,-14.76605485970942,31.779472267300292,0.9338699434194169,0.046998606083234584,1.027767064359109,cyb,below,54.0,20.0,0.0,387.0,0.06529665944870869,False
cyb_below_ma46_days20:scale0.00,37.00292451771907,13.660642078696018,2.708725131992566,-18.10229283110978,14886.435103104148,-2.7388664731240695,-0.10173903939697437,-0.4936063593477087,35.144158839745955,15.262093561886159,2.3027089106248853,-18.10229283110972,1926.3731995806304,0.05320955681194306,0.07680925332579802,-0.4936063593476874,38.90281660678787,17.83626828615494,2.1811073921211106,-18.102292831109736,414.1777167920048,1.8084983890140904,0.1557619870556004,-0.4936063593476554,47.82213847020256,17.770868432008573,2.6910411639797056,-14.76605485970941,221.71827913028196,-2.1021040302097376,-0.08835376638304293,1.0277670643591197,32.414105219125865,19.249704527599256,1.683875467940412,-14.76605485970942,31.779472267300292,0.9338699434194169,0.046998606083234584,1.027767064359109,cyb,below,46.0,20.0,0.0,330.0,0.06423991317496394,False
zz2000_and_cyb_below_ma60_days13:scale0.75,39.22970504822132,13.839928980881641,2.8345308059320895,-17.60868647176205,19269.47821269348,-0.5120859426218232,0.024066634542549092,2.1316282072803006e-14,35.035846077172074,15.417587148349767,2.272459739650128,-17.60868647176208,1910.2065025491854,-0.05510320576193806,0.04656008235104059,-4.618527782440651e-14,37.07703815188819,17.8691051421901,2.0749241697809997,-17.60868647176206,381.3709514154705,-0.017280065885593388,0.0495787647154895,2.1316282072803006e-14,49.345388811183845,17.49431740141743,2.8206524255233743,-14.923984645330979,231.73174756497042,-0.5788536892284526,0.04125749516062571,0.8698372787375508,32.80063911382063,18.797906054556133,1.7449091945999269,-14.923984645330924,32.157561652170855,1.3204038381141814,0.10803233274274948,0.8698372787376059,zz2000_and_cyb,below,60.0,13.0,0.75,346.0,0.06357713908647868,False
zz2000_and_cyb_below_ma52_days13:scale0.75,39.31663954073883,13.869606207782367,2.834733658023967,-17.60868647176206,19462.824830603604,-0.4251514501043161,0.024269486634426407,1.0658141036401503e-14,34.92581095692271,15.450219354835088,2.2605381939766964,-17.608686471762024,1893.901671561519,-0.16513832601130218,0.03463853667760919,1.0658141036401503e-14,37.231131388689654,17.91902241235469,2.07774344670833,-17.60868647176208,384.07336703021235,0.13681317091587175,0.052398041642820026,0.0,49.42104625291537,17.571934980106526,2.8124988118192866,-14.7660548597094,232.23443513598548,-0.5031962474969305,0.03310388145653809,1.0277670643591303,33.02387825067407,18.822916655698204,1.7544506441129493,-14.76605485970942,32.37591515739764,1.543642974967625,0.11757378225577186,1.027767064359109,zz2000_and_cyb,below,52.0,13.0,0.75,310.0,0.06284801371499035,False
cyb_below_ma52_days20:scale0.50,38.26077830205779,13.733573358853816,2.7859303112391847,-17.855675031891327,17232.337822659898,-1.4810126887853556,-0.024533860150355746,-0.24698856012925674,35.02373635061304,15.367061502625564,2.279143370684695,-17.855675031891316,1908.40624553144,-0.06721293232097025,0.05324371338560763,-0.2469885601292816,38.29144298259506,17.966486816484544,2.1312704800730455,-17.855675031891316,402.9992213457643,1.1971247648212753,0.10592507500753534,-0.24698856012923542,48.79542979547291,17.804288023861446,2.740656056006109,-15.245302687262797,228.09288282296413,-1.128812704939385,-0.038738874356639474,0.548519236805733,31.94800372266866,19.23438408664307,1.6609839742596335,-15.245302687262807,31.323528450982497,0.46776844696221076,0.02410711240245611,0.5485192368057223,cyb,below,52.0,20.0,0.5,380.0,0.06168033347543311,False
cyb_below_ma51_days20:scale0.00,36.7752833082498,13.609044684534469,2.7022678050312967,-18.102292831109757,14495.06971784876,-2.9665076825933454,-0.1081963663582437,-0.4936063593476874,34.87201177546338,15.239143550676006,2.288318346729955,-18.10229283110972,1885.9731955796742,-0.21893750747063478,0.06241868943086759,-0.4936063593476874,39.38316158669755,17.84916628992553,2.2064426397845978,-18.102292831109768,423.09900250652424,2.2888433689237644,0.18109723471908756,-0.4936063593476874,47.54265813986906,17.771004686904256,2.675293770807681,-14.76605485970941,219.90316986249604,-2.3815843605432363,-0.10410115955506738,1.0277670643591197,32.414105219125865,19.249704527599256,1.683875467940412,-14.76605485970942,31.779472267300292,0.9338699434194169,0.046998606083234584,1.027767064359109,cyb,below,51.0,20.0,0.0,382.0,0.06070440927991823,False
cyb_below_ma47_days20:scale0.50,38.41595219169061,13.768844740924127,2.790063575741376,-17.855675031891327,17544.478366740343,-1.3258387991525353,-0.020400595648164543,-0.24698856012925674,35.16138914032712,15.379061512796078,2.2863156578879176,-17.85567503189136,1928.9557425838766,0.07043985739310443,0.06041600058883034,-0.24698856012932424,38.02657177440554,17.953207390015184,2.1180934942886203,-17.855675031891327,398.2169808229691,0.9322535566317569,0.09274808922311006,-0.24698856012924608,48.886248843610566,17.802779260428732,2.7459897203956727,-15.245302687262797,228.69195653942955,-1.0379936568017314,-0.033405209967075855,0.548519236805733,31.94800372266866,19.23438408664307,1.6609839742596335,-15.245302687262807,31.323528450982497,0.46776844696221076,0.02410711240245611,0.5485192368057223,cyb,below,47.0,20.0,0.5,342.0,0.05938257446921955,False
cyb_below_ma47_days21:scale0.75,39.11064344240715,13.935656484371735,2.80651603936048,-17.732227096940566,19007.583836089732,-0.6311475484359903,-0.003948132029060414,-0.12354062517849584,35.18028780108797,15.556488748883343,2.2614542631680457,-17.732227096940534,1931.7917514205608,0.08933851815395855,0.03555460586895842,-0.1235406251784994,37.6880821590754,18.131517597301176,2.078595018691936,-17.732227096940534,392.1585331838925,0.5937639413016171,0.053249613626425774,-0.12354062517845321,49.749025213475484,17.90108107474297,2.779107306746266,-15.716034790386303,234.41947469000283,-0.17521728693681382,-0.0002876236164826018,0.0777871336822269,31.403043761217187,19.24102438662024,1.632087935144146,-15.71603479038629,30.79040976355334,-0.07719151448926098,-0.004788926713031438,0.07778713368223933,cyb,below,47.0,21.0,0.75,317.0,0.05820170405334315,False
cyb_below_ma46_days20:scale0.50,38.390856514041886,13.770623105249713,2.7878808548181313,-17.855675031891295,17493.642529447505,-1.3509344768012568,-0.022583316571409107,-0.24698856012922477,35.145449601013645,15.38207169717226,2.2848319974658913,-17.855675031891337,1926.5665612394016,0.05450031807963285,0.05893234016680404,-0.24698856012930293,38.02657177440554,17.953207390015184,2.1180934942886203,-17.855675031891327,398.2169808229691,0.9322535566317569,0.09274808922311006,-0.24698856012924608,48.886248843610566,17.802779260428732,2.7459897203956727,-15.245302687262797,228.69195653942955,-1.0379936568017314,-0.033405209967075855,0.548519236805733,31.94800372266866,19.23438408664307,1.6609839742596335,-15.245302687262807,31.323528450982497,0.46776844696221076,0.02410711240245611,0.5485192368057223,cyb,below,46.0,20.0,0.5,330.0,0.05816255807880268,False
cyb_below_ma47_days12:scale0.75,38.28049099054724,13.602407553442314,2.8142437903104685,-16.546407732250334,17271.701996004693,-1.4613000002958998,0.0037796189209280406,1.0622787395117363,34.00325805171198,15.170629139668145,2.2413874690799935,-16.546407732250323,1761.8105883035248,-1.0876912312220313,0.015487811780906302,1.0622787395117115,36.87875409201102,17.559940061413847,2.100164007566761,-16.546407732250344,377.91129414082826,-0.21556412576276074,0.07481860250125072,1.0622787395117363,48.95147094575088,17.311611835246232,2.8276668522619177,-14.76605485970942,229.1226328201014,-0.9727715546614206,0.04827192189916918,1.027767064359109,35.643842524521816,18.377062877006267,1.9395832056013738,-14.76605485970942,34.93807522534729,4.163607248815367,0.30270634374419636,1.027767064359109,cyb,below,47.0,12.0,0.75,652.0,0.05811317320680698,False
zz2000_and_cyb_below_ma59_days18:scale0.50,38.688384820893674,13.862177252927518,2.790931331708601,-17.60868647176206,18105.27062727915,-1.0534061699494686,-0.01953283968093933,1.0658141036401503e-14,34.806744739065756,15.418514007151598,2.2574642876039337,-17.608686471762013,1876.392775722985,-0.2842045438682561,0.031564630304846464,2.1316282072803006e-14,36.872690859677746,17.923290635763895,2.0572500669102847,-17.60868647176208,377.80581700866264,-0.22162735809603618,0.03190466184477447,0.0,49.6408563378802,17.45945821859477,2.843207144023027,-14.76605485970941,233.69778557981954,-0.28338616253209636,0.06381221366027834,1.0277670643591197,34.10570173642393,18.998624537252283,1.7951668906109424,-14.76605485970942,33.43397410262643,2.625466460717483,0.15829002875376497,1.027767064359109,zz2000_and_cyb,below,59.0,18.0,0.5,234.0,0.057994484654100134,False
zz2000_and_cyb_below_ma60_days18:scale0.50,38.688384820893674,13.862177252927518,2.790931331708601,-17.60868647176206,18105.27062727915,-1.0534061699494686,-0.01953283968093933,1.0658141036401503e-14,34.806744739065756,15.418514007151598,2.2574642876039337,-17.608686471762013,1876.392775722985,-0.2842045438682561,0.031564630304846464,2.1316282072803006e-14,36.872690859677746,17.923290635763895,2.0572500669102847,-17.60868647176208,377.80581700866264,-0.22162735809603618,0.03190466184477447,0.0,49.6408563378802,17.45945821859477,2.843207144023027,-14.76605485970941,233.69778557981954,-0.28338616253209636,0.06381221366027834,1.0277670643591197,34.10570173642393,18.998624537252283,1.7951668906109424,-14.76605485970942,33.43397410262643,2.625466460717483,0.15829002875376497,1.027767064359109,zz2000_and_cyb,below,60.0,18.0,0.5,235.0,0.057994484654100134,False
cyb_below_ma54_days20:scale0.50,38.21969510361309,13.688551118285568,2.7920920755855674,-17.855675031891305,17150.567477079832,-1.5220958872300514,-0.018372095803973032,-0.24698856012923542,34.98181431935288,15.382228495808997,2.2741707632859525,-17.855675031891295,1902.1852291434534,-0.10913496358113406,0.04827110598686524,-0.2469885601292603,38.29144298259506,17.966486816484544,2.1312704800730455,-17.855675031891316,402.9992213457643,1.1971247648212753,0.10592507500753534,-0.24698856012923542,48.79542979547291,17.804288023861446,2.740656056006109,-15.245302687262797,228.09288282296413,-1.128812704939385,-0.038738874356639474,0.548519236805733,31.94800372266866,19.23438408664307,1.6609839742596335,-15.245302687262807,31.323528450982497,0.46776844696221076,0.02410711240245611,0.5485192368057223,cyb,below,54.0,20.0,0.5,387.0,0.05793636883825744,False
cyb_below_ma46_days21:scale0.75,39.113487832794604,13.936804471245562,2.8064889561659285,-17.732227096940544,19013.8016283784,-0.6283031580485385,-0.003975215223611883,-0.12354062517847453,35.17227930605322,15.558155460341021,2.260697252685909,-17.732227096940555,1930.589529281065,0.08133002311920734,0.03479759538682181,-0.12354062517852071,37.6880821590754,18.131517597301176,2.078595018691936,-17.732227096940534,392.1585331838925,0.5937639413016171,0.053249613626425774,-0.12354062517845321,49.749025213475484,17.90108107474297,2.779107306746266,-15.716034790386303,234.41947469000283,-0.17521728693681382,-0.0002876236164826018,0.0777871336822269,31.403043761217187,19.24102438662024,1.632087935144146,-15.71603479038629,30.79040976355334,-0.07719151448926098,-0.004788926713031438,0.07778713368223933,cyb,below,46.0,21.0,0.75,305.0,0.05758294396123189,False
cyb_below_ma47_days23:scale0.25,38.047654155619995,13.779985207527389,2.76108091428402,-17.993018270349246,16812.054992339057,-1.6941368352231478,-0.049383257105520606,-0.38433179858717637,35.04125530149344,15.40337206493127,2.2749080625840095,-17.993018270349282,1911.0111181300572,-0.049693981440569246,0.04900840528492223,-0.3843317985872474,38.50180332604671,18.028459789833935,2.135612458018044,-17.99301827034926,406.8233511660307,1.4074851082729296,0.1102670529525338,-0.3843317985871799,48.977938088232875,17.85255918372148,2.743468742167369,-15.966274581127948,229.29750840999083,-0.9463044121794226,-0.03592618819537963,-0.17245265705941826,30.606275290459028,19.27113084364465,1.5881930094700463,-15.966274581127992,30.010885898290308,-0.8739599852474207,-0.04868385238713113,-0.17245265705946267,cyb,below,47.0,23.0,0.25,268.0,0.057502814856416964,False
cyb_below_ma48_days22:scale0.50,38.57914806985434,13.80682112212892,2.7942093062987183,-18.392811084266704,17878.434353559587,-1.1626429209888016,-0.01625486509082208,-0.7841246125046339,34.97860959131371,15.430192607041626,2.266893906129927,-18.39281108426669,1901.710378029508,-0.11233969162029922,0.04099424883083991,-0.7841246125046553,38.28315072377953,18.044249931340136,2.1216260509275853,-18.39281108426668,402.84895069855384,1.1888325060057454,0.09628064586207508,-0.7841246125045984,49.509207406247754,17.865788871128423,2.7711738766965905,-15.773716481475208,232.82083984430963,-0.4150350941645442,-0.008221053666157996,0.020105442593321143,31.11108101628104,19.254768319943143,1.615759821117022,-15.77371648147523,30.5047754362429,-0.36915425942540736,-0.021117040740155302,0.020105442593299827,cyb,below,48.0,22.0,0.5,310.0,0.05727676353089291,False
cyb_below_ma55_days21:scale0.25,37.317276359007565,13.62859015482732,2.738161169648908,-17.979030276614427,15443.063464366192,-2.424514631835578,-0.07230300174063231,-0.3703438048523573,34.66627700781066,15.34382469588407,2.2592982971911675,-17.97903027661438,1855.91473039186,-0.42467227512334915,0.03339863989208025,-0.37034380485234664,38.308540318099936,17.963005805859446,2.1326353023614724,-17.97903027661438,403.3091691246308,1.214222100326154,0.10728989729596217,-0.37034380485230045,49.247767423635395,17.840075740869718,2.7605133598628164,-15.560738471188184,231.08387415894938,-0.676475076776903,-0.01888157049993211,0.23308345288034538,31.247564523668615,19.264062865589125,1.6220651241480992,-15.560738471188229,30.638301958380552,-0.2326707520378335,-0.014811737709078177,0.23308345288030097,cyb,below,55.0,21.0,0.25,357.0,0.05683237777809243,False
cyb_below_ma44_days13:scale0.25,36.180589664066744,13.16249545967216,2.7487636956774986,-15.821859557604212,13517.374068673056,-3.5612013267763984,-0.06170047571204185,1.7868269141578583,32.2875818149736,14.684920502981011,2.1986895883038167,-15.821859557604201,1536.9157350871849,-2.8033674679604133,-0.027210068995270564,1.7868269141578335,37.23637043519212,16.851049375376018,2.2097359995636014,-15.82185955760419,384.1654596823106,0.14205221741833896,0.18439059449809125,1.7868269141578903,47.82488873407635,16.746535438414647,2.8558079317332408,-14.766054859709431,221.73617492844153,-2.0993537663359447,0.07641300137049223,1.0277670643590984,41.66134791881482,17.789687688536105,2.341881917671995,-14.76605485970942,40.81963743499797,10.18111264310837,0.7050050558148178,1.027767064359109,cyb,below,44.0,13.0,0.25,557.0,0.056218603039224324,False
zz2000_and_cyb_below_ma59_days13:scale0.75,39.14176079294083,13.836012173813907,2.8289770420280984,-17.60868647176206,19075.70905283886,-0.6000301979023135,0.018512870638558,1.0658141036401503e-14,34.900016275695656,15.411912121296181,2.26448321279167,-17.60868647176207,1890.0967184416238,-0.19093300723835682,0.03858355549258263,-3.552713678800501e-14,37.13501146225888,17.872645716281315,2.0777568162966644,-17.608686471762034,382.3862416446751,0.040693244485098035,0.052411411231154226,4.618527782440651e-14,49.297639431678775,17.491661774729515,2.8183508271866926,-14.92398464533099,231.41474905877791,-0.6266030687335231,0.03895589682394407,0.8698372787375401,32.67152833330875,18.790212798618363,1.7387524390203328,-14.923984645330979,32.031273619947974,1.1912930576023015,0.10187557716315543,0.8698372787375508,zz2000_and_cyb,below,59.0,13.0,0.75,350.0,0.0561373432827459,False
cyb_below_ma46_days23:scale0.25,38.003915310125436,13.782638798464673,2.7573758454991153,-17.993018270349246,16726.991274341923,-1.737875680717707,-0.053088325890425114,-0.38433179858717637,35.01747992706987,15.407338428096784,2.272779305166172,-17.993018270349292,1907.476721194213,-0.07346935586414105,0.046879647867084984,-0.3843317985872581,38.50180332604671,18.028459789833935,2.135612458018044,-17.99301827034926,406.8233511660307,1.4074851082729296,0.1102670529525338,-0.3843317985871799,48.977938088232875,17.85255918372148,2.743468742167369,-15.966274581127948,229.29750840999083,-0.9463044121794226,-0.03592618819537963,-0.17245265705941826,30.606275290459028,19.27113084364465,1.5881930094700463,-15.966274581127992,30.010885898290308,-0.8739599852474207,-0.04868385238713113,-0.17245265705946267,cyb,below,46.0,23.0,0.25,256.0,0.05572517491479097,False
cyb_below_ma51_days20:scale0.50,38.27801592200559,13.73356015043479,2.787188136412957,-17.855675031891337,17266.75494816665,-1.463775068837549,-0.023276034976583482,-0.2469885601292674,35.00997164351656,15.367453628322119,2.278189509483432,-17.855675031891316,1906.3617176104976,-0.08097763941745484,0.0522898521843449,-0.2469885601292816,38.26317906294634,17.967173440925297,2.1296159459223105,-17.855675031891316,402.4871755609319,1.16886084517256,0.10427054085680032,-0.24698856012923542,48.74474871853947,17.805500990716258,2.7376229820185825,-15.245302687262763,227.75888910974683,-1.1794937818728286,-0.04177194834416609,0.5485192368057668,31.94800372266866,19.23438408664307,1.6609839742596335,-15.245302687262807,31.323528450982497,0.46776844696221076,0.02410711240245611,0.5485192368057223,cyb,below,51.0,20.0,0.5,382.0,0.055683582712401515,False
cyb_below_ma47_days22:scale0.75,39.21277677881503,13.955171618664272,2.8099100355290583,-17.732227096940576,19232.037829081768,-0.529014212028116,-0.0005541358604821411,-0.1235406251785065,35.22275254031604,15.577613110179742,2.261113579544384,-17.732227096940576,1938.1771979564223,0.1318032573820247,0.035213922245296736,-0.12354062517854203,37.6931671233685,18.1576372402229,2.0758850187771336,-17.732227096940566,392.2491084628702,0.5988489055947142,0.05053961371162341,-0.12354062517848519,49.71906099560426,17.904706686811117,2.7768710130408385,-15.78371488934801,234.2194532918125,-0.20518150480803854,-0.002523917321910041,0.010107034720519437,31.295690759934036,19.242705109904072,1.6263664895964332,-15.783714889348033,30.685384948287144,-0.18454451577241215,-0.01051037226074425,0.010107034720496344,cyb,below,47.0,22.0,0.75,292.0,0.05460778175376928,False
cyb_below_ma45_days12:scale0.75,38.20338985682701,13.611575206223128,2.8066839640544066,-16.54640773225037,17118.214499417627,-1.5384011340161337,-0.003780207335133845,1.0622787395117008,33.92891672847864,15.187682775361907,2.2339758625667074,-16.54640773225038,1751.517368127342,-1.1620325544553722,0.008076205267620207,1.0622787395116546,36.89773410827184,17.539765161739595,2.1036618089254007,-16.546407732250323,378.2415944041783,-0.19658410950194138,0.07831640385989047,1.0622787395117577,48.95147094575088,17.311611835246232,2.8276668522619177,-14.76605485970942,229.1226328201014,-0.9727715546614206,0.04827192189916918,1.027767064359109,35.643842524521816,18.377062877006267,1.9395832056013738,-14.76605485970942,34.93807522534729,4.163607248815367,0.30270634374419636,1.027767064359109,cyb,below,45.0,12.0,0.75,626.0,0.05459033150161152,False
cyb_below_ma47_days12:scale0.50,36.8042011853164,13.210816548218684,2.7859141825929745,-15.475038826991018,14544.249330921026,-2.9375898055267413,-0.02454998879656589,2.1336476447710524,32.888564822547586,14.736214359807237,2.2318191103578515,-15.475038826991005,1612.7453377814882,-2.202384460386426,0.00591945305876429,2.1336476447710293,36.610148146478004,17.002735363834258,2.1531916696386264,-15.475038826991073,373.25638899630593,-0.4841700712957788,0.1278462645731162,2.133647644771008,47.93515868422888,16.8364239390855,2.847110458708999,-14.7660548597094,222.45424063152996,-1.9890838161834168,0.0677155283462505,1.0277670643591303,39.87409679650449,17.73235246915221,2.248663670873382,-14.76605485970942,39.07321728863269,8.39386152079804,0.6117868090162044,1.027767064359109,cyb,below,47.0,12.0,0.5,652.0,0.05400645019372422,False
cyb_below_ma46_days22:scale0.75,39.2012130966249,13.956340860986899,2.8088460641002753,-17.732227096940555,19206.501344576845,-0.5405778942182451,-0.0016181072892651471,-0.12354062517848519,35.21474152953987,15.57927761397323,2.2603577907845596,-17.7322270969406,1936.971197513771,0.12379224660585919,0.03445813348547233,-0.1235406251785669,37.6931671233685,18.1576372402229,2.0758850187771336,-17.732227096940566,392.2491084628702,0.5988489055947142,0.05053961371162341,-0.12354062517848519,49.71906099560426,17.904706686811117,2.7768710130408385,-15.78371488934801,234.2194532918125,-0.20518150480803854,-0.002523917321910041,0.010107034720519437,31.295690759934036,19.242705109904072,1.6263664895964332,-15.783714889348033,30.685384948287144,-0.18454451577241215,-0.01051037226074425,0.010107034720496344,cyb,below,46.0,22.0,0.75,280.0,0.05398955705057161,False
cyb_below_ma45_days13:scale0.75,38.5662829348852,13.679122633410955,2.8193535483546217,-17.01473424587864,17851.894219355203,-1.1755080559579412,0.008889376965081297,0.5939522258834309,34.18018024950946,15.264404841886561,2.2392081842402876,-17.01473424587866,1786.5144603928986,-0.9107690334245504,0.013308526941200327,0.593952225883374,37.140813579563336,17.65334732498418,2.1038963826990034,-17.01473424587865,382.48794864040684,0.04649536178955316,0.07855097763349317,0.5939522258834309,49.073786600669564,17.42158568061226,2.816838116824331,-14.76605485970941,229.93132299060113,-0.8504558997427338,0.03744318646158229,1.0277670643591197,34.83392296157428,18.59609827925044,1.8731844948594425,-14.76605485970942,34.14611609337263,3.3536876858678326,0.2363076330022651,1.027767064359109,cyb,below,45.0,13.0,0.75,570.0,0.053503086009558554,False
cyb_below_ma48_days22:scale0.25,37.98447564858982,13.726762969786629,2.7671837659174106,-19.279435258982,16689.313689236948,-1.757315342253321,-0.04328040547212986,-1.6707487872199316,34.90434818753339,15.347630341105232,2.274249992459736,-19.27943525898197,1890.7352584608177,-0.18660109540062564,0.04835033516064868,-1.6707487872199351,38.86420531081174,17.975729181216774,2.162037763198045,-19.27943525898197,413.4659178641475,1.7698870930379584,0.13669235813253477,-1.670748787219889,49.294686586302674,17.845638657372795,2.762282008099325,-15.763826717236185,231.39515233526703,-0.6295559141096234,-0.017112922263423425,0.02999520683234458,30.926406858484512,19.268076996226377,1.6050593354251905,-15.76382671723625,30.3240985519194,-0.5538284172219363,-0.031817526431986876,0.029995206832278853,cyb,below,48.0,22.0,0.25,310.0,0.05204839656320339,False
zz2000_and_cyb_below_ma59_days13:scale0.25,37.89761225377342,13.487021843810412,2.8099318509790754,-17.60868647176206,16521.920580249513,-1.8441787370697256,-0.0005323204104650259,1.0658141036401503e-14,34.454877034518994,15.000935371551286,2.2968485751802774,-17.608686471762113,1825.4556357650251,-0.6360722484150187,0.07094891788119018,-7.815970093361102e-14,37.12277694759245,17.35022307428859,2.1396138129546554,-17.60868647176206,382.1718354569013,0.028458729818666484,0.11426840788914516,2.1316282072803006e-14,47.94759679383753,16.934914576609465,2.8312866047793848,-14.766054859709431,222.5353030974721,-1.9766457065747645,0.051891674416636224,1.0277670643590984,34.99223268467344,18.250729483700503,1.9173059748611454,-14.766054859709444,34.30092159287212,3.511997408966991,0.280429113003968,1.027767064359086,zz2000_and_cyb,below,59.0,13.0,0.25,350.0,0.051841129741752624,False
cyb_below_ma45_days13:scale0.50,37.37495310813203,13.3431109534266,2.801067400142836,-16.419123099935852,15547.27318543257,-2.36683788271111,-0.00939677124670446,1.1895633718262175,33.245707112590935,14.898923413099515,2.231416740041798,-16.419123099935838,1659.291369606503,-1.8452421703430772,0.005517082742710677,1.1895633718261962,37.14130865969383,17.16350240493984,2.163970254055149,-16.419123099935785,382.49662783710494,0.046990441920044645,0.13862484898963867,1.1895633718262957,48.18842989557568,17.022362829348907,2.8308895996795562,-14.76605485970942,224.1075511680591,-1.7358126048366174,0.051494669316807684,1.027767064359109,38.22788189362596,18.111248989524363,2.1107258762627117,-14.76605485970942,37.464273527430336,6.747646617919514,0.4738490144055343,1.027767064359109,cyb,below,45.0,13.0,0.5,570.0,0.05149013587243817,False
zz2000_and_cyb_below_ma55_days13:scale0.50,38.77286199085419,13.690405844291512,2.832119254304014,-17.608686471762034,18282.52840666122,-0.9689289999889539,0.02165508291447349,3.552713678800501e-14,34.76921761243843,15.251822063532172,2.2796763211376083,-17.60868647176209,1870.9030936944607,-0.3217316704955806,0.05377666383852109,-5.684341886080802e-14,37.330158950870285,17.724846423338416,2.10609209576662,-17.60868647176207,385.81645737903455,0.23584073309650222,0.08074669070110962,1.0658141036401503e-14,48.87249950496078,17.448432865567145,2.8009678508954288,-15.221090837728624,228.60121444268123,-1.0517429954515194,0.02157292053268023,0.5727310863399051,32.007463758596685,18.773233891910603,1.7049520579610271,-15.221090837728612,31.38169421487156,0.5272284828902372,0.06807519610384971,0.5727310863399175,zz2000_and_cyb,below,55.0,13.0,0.5,317.0,0.05129422996565963,False
cyb_below_ma55_days21:scale0.00,36.491256619691306,13.6012401450476,2.682935984552723,-18.214037138738814,14020.192407988163,-3.2505343711518364,-0.12752818683681744,-0.6053506669767437,34.500971239975044,15.317882581054985,2.252332922478824,-18.214037138738824,1832.0603844652535,-0.5899780429589683,0.026433265179736765,-0.6053506669767899,38.691896572196605,17.939332333590187,2.1568192089149627,-18.214037138738803,410.2990014468561,1.5975783544228221,0.1314738038494525,-0.6053506669767224,49.012333368233584,17.83956863261565,2.7473945350127766,-15.483229843164725,229.5248597392132,-0.9119091321787138,-0.0320003953499719,0.3105920809038043,31.169278098663767,19.277960968275274,1.616834796478601,-15.483229843164692,30.561711939684866,-0.3109571770426811,-0.020042065378576446,0.31059208090383805,cyb,below,55.0,21.0,0.0,357.0,0.05125023326838927,False
zz2000_and_cyb_below_ma59_days18:scale0.25,38.150619355448235,13.795014782280601,2.7655366781086657,-17.60868647176207,17013.896318234227,-1.5911716353949075,-0.04492749328087475,0.0,34.64650417702513,15.331829723381354,2.259776217328353,-17.60868647176206,1853.0475374108348,-0.4444451059088834,0.03387656002926587,-2.4868995751603507e-14,36.737625647212965,17.82494871943427,2.0610227959398553,-17.608686471762102,375.4610168023869,-0.35669257056081705,0.03567739087434507,-2.1316282072803006e-14,49.46570105732102,17.333827575021253,2.853709075115244,-14.766054859709444,232.53137095767124,-0.45854144309127776,0.07431414475249554,1.027767064359086,35.42382063281095,18.934186834183468,1.8708921034230725,-14.76605485970942,34.72294047061166,3.943585357104503,0.23401524156589515,1.027767064359109,zz2000_and_cyb,below,59.0,18.0,0.25,234.0,0.050622845460144214,False
zz2000_and_cyb_below_ma60_days18:scale0.25,38.150619355448235,13.795014782280601,2.7655366781086657,-17.60868647176207,17013.896318234227,-1.5911716353949075,-0.04492749328087475,0.0,34.64650417702513,15.331829723381354,2.259776217328353,-17.60868647176206,1853.0475374108348,-0.4444451059088834,0.03387656002926587,-2.4868995751603507e-14,36.737625647212965,17.82494871943427,2.0610227959398553,-17.608686471762102,375.4610168023869,-0.35669257056081705,0.03567739087434507,-2.1316282072803006e-14,49.46570105732102,17.333827575021253,2.853709075115244,-14.766054859709444,232.53137095767124,-0.45854144309127776,0.07431414475249554,1.027767064359086,35.42382063281095,18.934186834183468,1.8708921034230725,-14.76605485970942,34.72294047061166,3.943585357104503,0.23401524156589515,1.027767064359109,zz2000_and_cyb,below,60.0,18.0,0.25,235.0,0.050622845460144214,False
cyb_below_ma45_days11:scale0.75,37.92121885366318,13.55690949956293,2.797187578399468,-16.4421585314973,16567.257050640033,-1.8205721371799655,-0.013276592990072444,1.1665279402647712,33.68707832643523,15.124081555287963,2.2273801026057627,-16.44215853149732,1718.3859686703595,-1.4038709564987855,0.0014804453066754597,1.1665279402647144,36.815924954588944,17.46639042073756,2.1078152994266057,-16.44215853149734,376.81920893746855,-0.2783932631848387,0.08246989436109553,1.1665279402647393,48.84387924081606,17.21048344457366,2.8380306339515506,-14.76605485970942,228.41238153968746,-1.0803632595962398,0.0586357035888021,1.027767064359109,36.31610581785139,18.335626443757167,1.9806307643345413,-14.76605485970942,35.59536922049355,4.835870542144939,0.3437539024773639,1.027767064359109,cyb,below,45.0,11.0,0.75,690.0,0.0488368735337565,False
cyb_below_ma55_days21:scale0.50,38.134526491088906,13.72882944115694,2.7776968644367743,-17.855675031891327,16982.201546885048,-1.607264499754237,-0.032767306952766084,-0.24698856012925674,34.81976073868536,15.42768729958276,2.2569656788173984,-17.855675031891327,1878.300041889456,-0.2711885442486519,0.03106602151831117,-0.24698856012929227,37.9144755574067,18.033944984439618,2.102394988457643,-17.855675031891348,396.2040652983908,0.8201573396329209,0.07704958339213297,-0.2469885601292674,49.478235429954175,17.860752784969893,2.7702211673626036,-15.638340213186453,232.6147510415635,-0.4460070704581227,-0.009173763000144941,0.15548171088207674,31.325486627797506,19.251749657457797,1.6271501128554593,-15.638340213186453,30.714534774472945,-0.15474864790894216,-0.009726749001718105,0.15548171088207674,cyb,below,55.0,21.0,0.5,357.0,0.04766061586127832,False
cyb_below_ma46_days13:scale0.75,38.567179860312265,13.662185640983306,2.8229143472198106,-17.01473424587868,17853.743340611843,-1.1746111305308773,0.012450175830270194,0.5939522258833883,34.18156362384816,15.240239976901341,2.24284943515686,-17.01473424587866,1786.7087793849237,-0.9093856590858493,0.01694977785777274,0.593952225883374,37.01969403885506,17.65646401300079,2.0966652219604534,-17.01473424587865,380.3683614278503,-0.07462417891872519,0.07131981689494316,0.5939522258834309,49.073786600669564,17.42158568061226,2.816838116824331,-14.76605485970941,229.93132299060113,-0.8504558997427338,0.03744318646158229,1.0277670643591197,34.83392296157428,18.59609827925044,1.8731844948594425,-14.76605485970942,34.14611609337263,3.3536876858678326,0.2363076330022651,1.027767064359109,cyb,below,46.0,13.0,0.75,579.0,0.04751044840394104,False
cyb_below_ma48_days21:scale0.75,39.06287331955307,13.925826725569056,2.805066736025816,-17.732227096940544,18903.44193064555,-0.6789176712900726,-0.005397435363724501,-0.12354062517847453,34.99842093010135,15.548630548479961,2.250900542075251,-17.732227096940555,1904.6474886941198,-0.09252835283266592,0.0250008847761638,-0.12354062517852071,37.6880821590754,18.131517597301176,2.078595018691936,-17.732227096940534,392.1585331838925,0.5937639413016171,0.053249613626425774,-0.12354062517845321,49.749025213475484,17.90108107474297,2.779107306746266,-15.716034790386303,234.41947469000283,-0.17521728693681382,-0.0002876236164826018,0.0777871336822269,31.403043761217187,19.24102438662024,1.632087935144146,-15.71603479038629,30.79040976355334,-0.07719151448926098,-0.004788926713031438,0.07778713368223933,cyb,below,48.0,21.0,0.75,335.0,0.04746883737734668,False
cyb_below_ma45_days12:scale0.50,36.65214267851589,13.227388552043253,2.7709281037831293,-15.475038826991039,14287.376502047076,-3.089648312327256,-0.03953606760641115,2.133647644771031,32.742133409089845,14.76666636523635,2.217300276125375,-15.475038826991005,1593.9836085780098,-2.348815873844167,-0.008599381173712395,2.1336476447710293,36.646634966288815,16.96737094177106,2.159829893037255,-15.47503882699106,373.88656475823757,-0.44768325148496757,0.13448448797174484,2.1336476447710204,47.93515868422888,16.8364239390855,2.847110458708999,-14.7660548597094,222.45424063152996,-1.9890838161834168,0.0677155283462505,1.0277670643591303,39.87409679650449,17.73235246915221,2.248663670873382,-14.76605485970942,39.07321728863269,8.39386152079804,0.6117868090162044,1.027767064359109,cyb,below,45.0,12.0,0.5,626.0,0.046950241066446616,False
cyb_below_ma47_days23:scale0.50,38.62004065752351,13.849492579785316,2.788552752748012,-17.855675031891337,17963.038130371762,-1.121750333319632,-0.021911418641528346,-0.2469885601292674,35.06837131583283,15.474639657758743,2.2661833872331942,-17.85567503189136,1915.0489621509716,-0.02257796710118498,0.040283729934107004,-0.24698856012932424,38.04064647016978,18.086582161087065,2.1032523520122837,-17.855675031891316,398.47018111107946,0.9463282523960004,0.07790694694677347,-0.24698856012923542,49.297372449536866,17.87149138399835,2.7584364052390393,-15.908672791910817,231.41297718514699,-0.6268700508754321,-0.020958525123709215,-0.11485086784228749,30.897346495248957,19.256517439073168,1.6045137233670053,-15.908672791910794,30.29566680350566,-0.5828887804574912,-0.03236313849017214,-0.11485086784226439,cyb,below,47.0,23.0,0.5,268.0,0.046943214156753024,False
