date,open,close,high,low
2016-06-22,23.41,28.09,28.09,23.41
2016-06-23,30.9,30.9,30.9,30.9
2016-06-24,33.99,33.99,33.99,33.99
2016-06-27,37.39,37.39,37.39,37.39
2016-06-28,41.13,41.13,41.13,41.13
2016-06-29,45.24,45.24,45.24,45.24
2016-06-30,49.76,49.76,49.76,49.76
2016-07-01,54.74,54.74,54.74,54.74
2016-07-04,60.21,60.21,60.21,60.21
2016-07-05,66.23,66.23,66.23,66.23
2016-07-06,72.85,72.85,72.85,72.85
2016-07-07,80.14,80.14,80.14,80.14
2016-07-08,88.15,88.15,88.15,88.15
2016-07-11,96.97,96.97,96.97,96.97
2016-07-12,106.67,106.67,106.67,106.67
2016-07-13,117.34,117.34,117.34,117.34
2016-07-14,129.07,129.07,129.07,129.07
2016-07-15,141.98,141.98,141.98,141.98
2016-07-18,156.18,156.18,156.18,156.18
2016-07-19,166.1,169.4,171.79,163.0
2016-07-20,165.99,171.98,175.0,165.03
2016-07-21,171.0,157.22,171.0,156.13
2016-07-22,159.8,161.08,166.59,158.38
2016-07-25,154.98,156.0,157.63,149.58
2016-07-26,155.14,162.5,166.85,155.1
2016-07-27,160.06,157.57,161.0,147.5
2016-07-28,154.0,160.5,164.68,150.8
2016-07-29,157.7,166.6,174.78,156.06
2016-08-01,162.0,149.94,162.0,149.94
2016-08-02,147.49,148.19,150.29,142.5
2016-08-03,147.0,152.99,154.49,146.56
2016-08-04,151.75,154.56,160.11,150.36
2016-08-05,155.0,149.3,156.3,149.05
2016-08-08,145.0,148.9,148.9,142.0
2016-08-09,148.03,153.4,153.65,147.6
2016-08-10,152.62,164.0,168.0,152.23
2016-08-11,161.99,156.0,163.69,156.0
2016-08-12,154.21,164.9,170.0,154.1
2016-08-15,167.45,171.28,174.75,164.0
2016-08-16,170.05,168.9,175.5,167.5
2016-08-17,167.0,168.28,171.0,164.12
2016-08-18,168.29,167.4,173.87,165.15
2016-08-19,167.97,160.72,168.6,160.66
2016-08-22,159.38,151.98,160.8,151.65
2016-08-23,151.81,153.46,156.56,151.5
2016-08-24,153.98,153.61,156.5,152.35
2016-08-25,151.0,156.98,157.79,148.01
2016-08-26,156.08,154.7,159.88,154.27
2016-08-29,152.5,151.9,155.92,151.46
2016-08-30,151.95,153.95,155.7,151.95
2016-08-31,153.0,163.3,165.99,150.67
2016-09-01,161.96,165.15,171.5,161.18
2016-09-02,162.88,170.16,174.22,160.16
2016-09-05,171.0,165.31,176.0,164.7
2016-09-06,164.5,181.84,181.84,163.12
2016-09-07,182.1,177.52,184.01,175.5
2016-09-08,176.0,160.5,177.71,159.77
2016-09-09,157.0,155.62,159.33,154.18
2016-09-12,152.5,154.02,158.88,151.88
2016-09-13,156.53,155.54,157.88,153.1
2016-09-14,155.0,153.62,156.88,153.48
2016-09-19,155.69,154.61,156.67,152.02
2016-09-20,154.69,154.79,156.2,153.61
2016-09-21,154.78,160.34,163.0,154.2
2016-09-22,161.0,162.8,165.95,160.4
2016-09-23,163.18,161.1,166.66,161.0
2016-09-26,159.0,151.83,159.5,150.52
2016-09-27,151.8,164.77,166.0,151.01
2016-09-28,164.0,165.9,169.75,163.02
2016-09-29,165.29,168.28,173.2,165.03
2016-09-30,166.11,168.55,170.28,163.6
2016-10-10,171.7,179.0,180.8,169.0
2016-10-11,180.38,177.26,180.38,175.45
2016-10-12,175.61,175.11,185.48,173.68
2016-10-13,174.88,175.11,179.97,172.0
2016-10-14,174.23,180.99,182.6,173.5
2016-10-17,180.0,173.8,182.3,172.88
2016-10-18,172.01,175.62,176.38,170.0
2016-10-19,175.9,174.87,178.99,172.71
2016-10-20,173.87,170.21,173.99,168.8
2016-10-21,169.99,173.02,173.88,169.65
2016-10-24,171.88,173.82,175.87,170.02
2016-10-25,173.76,174.92,178.88,173.12
2016-10-26,173.8,172.6,174.83,170.11
2016-10-27,171.75,169.07,172.5,167.28
2016-10-28,169.0,169.08,170.97,167.6
2016-10-31,167.9,166.99,167.9,165.16
2016-11-01,166.99,172.75,173.18,166.99
2016-11-02,172.01,168.8,172.62,168.45
2016-11-03,167.9,168.4,173.0,167.0
2016-11-04,167.7,169.31,170.59,165.07
2016-11-07,170.0,166.6,170.49,165.85
2016-11-08,167.1,167.38,168.52,166.4
2016-11-09,167.6,173.79,176.66,167.6
2016-11-10,174.0,175.98,178.74,172.65
2016-11-11,175.18,171.52,176.79,170.5
2016-11-14,170.61,182.47,188.67,170.0
2016-11-15,181.01,180.0,181.3,176.76
2016-11-16,179.98,172.09,181.0,171.36
2016-11-17,171.03,169.3,172.88,168.22
2016-11-18,171.1,172.76,176.34,171.09
2016-11-21,172.0,180.5,182.59,168.88
2016-11-22,186.11,193.55,198.0,186.11
2016-11-23,189.68,190.75,193.2,185.9
2016-11-24,189.48,187.85,195.6,186.1
2016-11-25,185.59,193.37,193.98,181.5
2016-11-28,193.0,185.06,193.17,184.9
2016-11-29,186.6,181.78,188.5,181.01
2016-11-30,181.0,184.7,185.8,180.1
2016-12-01,184.01,181.73,185.98,181.19
2016-12-02,182.57,175.03,185.0,172.5
2016-12-05,171.0,174.19,176.6,168.01
2016-12-06,174.01,172.83,175.5,172.13
2016-12-07,171.97,172.98,172.99,167.8
2016-12-08,172.81,166.16,172.98,166.0
2016-12-09,166.0,164.07,168.0,163.26
2016-12-12,164.5,149.91,171.99,147.69
2016-12-13,146.0,146.4,149.49,138.38
2016-12-14,146.0,140.1,146.8,140.1
2016-12-15,137.1,141.29,144.1,137.1
2016-12-16,140.55,140.6,142.0,139.01
2016-12-19,140.0,136.82,141.8,136.5
2016-12-20,136.1,137.0,137.99,135.6
2016-12-21,137.48,137.86,137.99,136.06
2016-12-22,138.18,136.81,138.18,136.51
2016-12-23,137.0,131.52,137.77,131.51
2016-12-26,129.01,130.8,131.7,123.7
2016-12-27,130.38,129.25,130.78,128.38
2016-12-28,129.11,130.27,132.78,128.5
2016-12-29,129.0,126.9,130.95,126.67
2016-12-30,127.01,128.4,130.2,127.01
2017-01-03,128.4,129.9,130.56,127.56
2017-01-04,129.5,134.24,134.99,129.5
2017-01-05,133.99,130.5,133.99,130.35
2017-01-06,130.0,124.76,130.0,124.71
2017-01-09,123.7,120.81,124.18,120.08
2017-01-10,117.77,119.14,121.99,117.5
2017-01-11,119.5,113.18,119.5,113.18
2017-01-12,113.52,114.41,116.88,113.23
2017-01-13,114.25,109.47,115.58,108.01
2017-01-16,108.52,100.6,108.99,98.52
2017-01-17,100.0,105.0,107.2,96.9
2017-01-18,103.96,100.45,103.96,100.17
2017-01-19,99.0,103.2,105.43,97.01
2017-01-20,102.2,105.83,107.35,102.2
2017-01-23,106.0,106.4,108.8,105.7
2017-01-24,105.38,103.81,106.8,103.05
2017-01-25,103.01,109.35,110.97,103.01
2017-01-26,108.5,108.57,110.88,107.25
2017-02-03,109.0,105.3,109.0,105.0
2017-02-06,105.31,107.69,107.84,105.31
2017-02-07,107.32,105.9,107.69,105.51
2017-02-08,106.06,107.74,107.8,105.69
2017-02-09,107.8,110.02,112.78,106.98
2017-02-10,109.99,107.0,109.99,106.9
2017-02-13,106.69,108.48,109.65,105.5
2017-02-14,107.98,109.89,112.56,107.52
2017-02-15,109.85,110.53,112.42,109.05
2017-02-16,109.72,109.5,110.53,108.52
2017-02-17,109.93,107.78,110.99,106.83
2017-02-20,107.78,105.9,108.8,104.12
2017-02-21,105.7,109.19,110.5,105.7
2017-02-22,109.25,108.85,109.8,107.53
2017-02-23,109.0,110.6,111.78,108.5
2017-02-24,110.61,112.09,113.19,109.6
2017-02-27,111.3,109.46,112.0,109.3
2017-02-28,110.22,111.85,111.99,108.7
2017-03-01,112.33,112.02,114.45,111.35
2017-03-02,111.48,112.48,113.99,111.47
2017-03-03,112.01,114.38,115.37,110.6
2017-03-06,114.0,118.25,118.48,114.0
2017-03-07,119.0,117.38,119.0,115.88
2017-03-08,117.38,116.19,117.85,115.56
2017-03-09,116.09,115.2,116.09,114.0
2017-03-10,115.2,119.7,121.89,115.2
2017-03-13,119.52,121.66,121.7,117.5
2017-03-14,121.67,124.07,127.88,121.0
2017-03-15,122.81,126.04,126.6,121.58
2017-03-16,126.03,129.45,129.98,126.03
2017-03-17,128.8,126.5,131.57,126.0
2017-03-20,126.0,125.2,128.4,122.88
2017-03-21,124.2,124.67,125.96,123.67
2017-03-22,123.99,123.53,124.67,121.25
2017-03-23,123.88,127.09,128.99,123.87
2017-03-24,126.3,124.6,126.76,123.55
2017-03-27,124.6,122.16,125.83,121.6
2017-03-28,123.0,122.82,123.48,121.9
2017-03-29,122.85,113.3,123.0,111.0
2017-03-30,111.0,107.75,112.73,107.64
2017-03-31,107.75,107.81,109.5,107.75
2017-04-05,107.95,109.56,109.6,105.22
2017-04-06,108.5,108.98,110.5,108.35
2017-04-07,109.27,107.28,109.31,107.1
2017-04-10,106.0,99.15,106.25,97.3
2017-04-11,99.67,101.56,101.8,98.33
2017-04-12,101.4,99.65,101.4,99.28
2017-04-13,99.65,100.0,101.45,99.65
2017-04-14,100.94,105.54,108.6,100.32
2017-04-17,103.88,101.11,103.88,96.01
2017-04-18,101.8,101.98,104.38,100.1
2017-04-19,100.3,101.18,102.5,100.28
2017-04-20,49.98,45.8,49.98,45.6
2017-04-21,45.35,43.61,46.28,41.51
2017-04-24,43.61,41.85,43.98,41.61
2017-04-25,42.25,41.82,42.84,41.65
2017-04-26,41.89,42.15,42.83,41.7
2017-04-27,42.06,43.55,44.0,40.12
2017-04-28,43.5,47.4,47.55,43.12
2017-05-02,47.0,46.06,47.38,45.7
2017-05-03,45.69,47.0,47.86,45.68
2017-05-04,47.5,46.73,47.65,46.0
2017-05-05,46.51,46.22,47.85,45.5
2017-05-08,46.01,44.0,46.25,44.0
2017-05-09,43.5,44.46,44.8,42.45
2017-05-10,44.7,48.91,48.91,44.66
2017-05-11,47.05,48.09,48.36,45.61
2017-05-12,48.41,47.54,49.3,47.3
2017-05-15,47.88,46.26,48.16,46.19
2017-05-16,46.26,49.43,49.98,45.75
2017-05-17,49.18,48.41,49.6,48.09
2017-05-18,47.7,48.17,48.97,47.5
2017-05-19,48.1,47.55,48.59,47.02
2017-05-22,47.56,43.39,47.79,43.28
2017-05-23,43.0,41.3,43.49,41.18
2017-05-24,41.19,42.16,42.3,40.12
2017-05-25,42.0,42.09,42.57,40.7
2017-05-26,42.12,42.33,42.87,41.7
2017-05-31,44.0,41.7,44.0,41.56
2017-06-01,41.68,38.58,41.68,38.19
2017-06-02,38.38,40.0,40.39,38.07
2017-06-05,40.2,40.6,41.38,40.2
2017-06-06,40.5,40.92,41.2,40.2
2017-06-07,41.1,42.74,42.98,40.6
2017-06-08,42.9,42.25,42.9,42.0
2017-06-09,42.48,42.61,43.5,42.21
2017-06-12,41.8,40.45,41.8,40.2
2017-06-13,40.46,42.13,42.21,40.46
2017-06-14,42.44,41.76,42.44,41.61
2017-06-15,41.49,42.97,43.53,41.49
2017-06-16,43.1,42.76,43.9,42.34
2017-06-19,42.85,43.04,43.77,42.75
2017-06-20,43.42,42.15,43.5,41.96
2017-06-21,42.45,42.53,43.19,42.15
2017-06-22,42.59,41.05,42.97,41.05
2017-06-23,41.05,41.69,41.84,40.72
2017-06-26,41.43,41.86,42.34,40.86
2017-06-27,42.0,41.61,42.34,41.11
2017-06-28,41.47,40.97,41.59,40.65
2017-06-29,40.89,41.1,41.45,40.89
2017-06-30,41.01,40.81,41.18,40.51
2017-07-03,40.58,41.0,41.12,40.58
2017-07-04,40.99,41.06,41.44,40.9
2017-07-05,40.97,41.58,41.63,40.78
2017-07-06,41.58,41.09,41.77,40.93
2017-07-07,41.09,42.21,42.56,40.76
2017-07-10,42.02,40.89,42.2,40.78
2017-07-11,40.83,40.38,41.1,40.33
2017-07-12,40.18,40.75,40.88,39.72
2017-07-13,40.74,40.1,40.85,40.06
2017-07-14,40.1,40.08,40.42,39.82
2017-07-17,39.01,36.29,39.9,36.29
2017-07-18,36.06,36.18,36.93,34.65
2017-07-19,36.25,36.01,36.3,35.4
2017-07-20,36.01,36.29,36.88,35.82
2017-07-21,36.05,36.14,36.6,36.02
2017-07-24,36.01,36.45,36.82,35.8
2017-07-25,36.5,36.52,36.74,36.22
2017-07-26,36.64,36.16,36.73,36.03
2017-07-27,36.16,37.44,37.73,35.89
2017-07-28,37.6,37.13,37.66,37.01
2017-07-31,37.18,37.0,37.39,36.8
2017-08-01,37.02,36.94,37.33,36.72
2017-08-02,37.22,36.35,37.24,36.35
2017-08-03,36.3,36.67,37.27,36.1
2017-08-04,36.71,36.4,37.09,36.25
2017-08-07,36.4,36.68,37.04,36.3
2017-08-08,36.71,36.41,36.84,36.15
2017-08-09,36.44,36.42,36.59,36.02
2017-08-10,36.17,35.84,36.48,35.11
2017-08-11,35.15,35.45,36.1,35.15
2017-08-14,35.7,36.17,36.49,35.34
2017-08-15,36.47,37.65,37.99,36.18
2017-08-16,37.11,37.12,37.6,36.65
2017-08-17,37.28,38.0,38.79,36.88
2017-08-18,37.8,37.18,37.8,37.15
2017-08-21,37.0,37.52,37.68,37.0
2017-08-22,37.38,37.12,37.65,36.95
2017-08-23,37.12,37.1,37.3,36.8
2017-08-24,36.88,37.01,37.27,36.75
2017-08-25,36.81,37.56,37.6,36.81
2017-08-28,37.58,38.44,38.78,37.58
2017-08-29,38.43,38.46,38.98,38.15
2017-08-30,38.32,38.02,38.57,38.01
2017-08-31,37.97,38.62,38.88,37.97
2017-09-01,38.61,38.83,39.52,38.52
2017-09-04,38.81,39.26,39.49,38.5
2017-09-05,39.12,38.93,39.45,38.68
2017-09-06,38.93,40.22,40.28,38.37
2017-09-07,40.0,40.37,40.96,39.76
2017-09-08,40.32,40.0,40.59,39.77
2017-09-11,40.0,40.79,40.99,39.82
2017-09-12,40.6,39.51,41.0,39.48
2017-09-13,39.52,40.0,40.12,39.48
2017-09-14,39.95,39.3,39.95,39.25
2017-09-15,39.28,38.77,39.5,38.7
2017-09-18,38.8,39.32,39.42,38.52
2017-09-19,39.43,40.59,40.67,39.09
2017-09-20,40.21,40.35,40.72,39.9
2017-09-21,40.33,39.44,40.48,39.41
2017-09-22,39.43,39.3,39.46,38.8
2017-09-25,39.79,38.9,39.79,38.9
2017-09-26,38.89,38.33,39.2,38.25
2017-09-27,38.98,38.58,38.98,38.16
2017-09-28,38.62,42.44,42.44,38.62
2017-09-29,42.55,45.44,46.68,42.55
2017-10-09,45.14,45.56,46.0,44.3
2017-10-10,44.95,44.15,44.95,43.82
2017-10-11,44.08,43.41,44.08,42.88
2017-10-12,43.05,44.47,44.59,42.89
2017-10-13,43.8,43.73,44.18,43.12
2017-10-16,43.45,41.7,43.49,41.2
2017-10-17,41.5,41.96,42.5,41.42
2017-10-18,42.1,40.8,42.38,40.7
2017-10-19,40.89,39.51,41.07,39.13
2017-10-20,39.5,40.12,40.29,39.2
2017-10-23,40.22,40.85,40.98,40.01
2017-10-24,40.86,40.11,40.86,39.9
2017-10-25,40.15,41.29,41.34,39.9
2017-10-26,41.29,42.79,42.89,41.01
2017-10-27,42.5,41.73,42.59,41.6
2017-10-30,41.69,39.55,41.99,39.5
2017-10-31,39.35,40.15,40.3,39.29
2017-11-01,40.15,40.09,40.3,39.62
2017-11-02,40.09,38.26,40.09,38.0
2017-11-03,38.24,37.17,38.65,36.83
2017-11-06,37.16,38.26,38.47,37.16
2017-11-07,38.74,38.54,38.74,37.6
2017-11-08,38.48,38.36,38.88,38.16
2017-11-09,38.34,38.74,38.79,38.06
2017-11-10,38.73,39.0,39.49,38.38
2017-11-13,38.7,38.64,39.56,38.6
2017-11-14,38.72,37.85,39.0,37.55
2017-11-15,38.0,37.43,38.0,37.07
2017-11-16,37.46,37.42,37.8,37.18
2017-11-17,37.35,35.65,37.53,35.3
2017-11-20,35.61,36.15,36.5,34.67
2017-11-21,36.02,35.91,36.32,35.75
2017-11-22,36.24,35.77,36.48,35.3
2017-11-23,35.77,35.06,35.97,35.01
2017-11-24,35.16,35.85,35.91,34.91
2017-11-27,35.85,35.0,36.43,35.0
2017-11-28,35.14,35.61,35.8,35.02
2017-11-29,35.57,35.17,35.66,34.6
2017-11-30,35.29,36.0,36.0,34.67
2017-12-01,36.39,36.75,37.18,35.82
2017-12-04,36.78,40.37,40.37,36.21
2017-12-05,38.3,37.13,38.96,37.0
2017-12-06,35.87,36.42,37.0,34.87
2017-12-07,36.35,35.63,36.35,35.42
2017-12-08,35.55,35.72,36.35,35.46
2017-12-11,35.8,35.7,35.99,35.4
2017-12-12,35.73,35.23,36.1,35.16
2017-12-13,35.14,35.25,35.39,34.91
2017-12-14,35.1,35.13,35.28,34.97
2017-12-15,35.13,35.45,35.69,35.06
2017-12-18,35.49,35.88,35.93,35.49
2017-12-19,35.78,35.8,36.18,35.59
2017-12-20,35.6,35.09,35.94,35.01
2017-12-21,35.03,35.16,35.29,34.9
2017-12-22,35.26,34.93,35.26,34.93
2017-12-25,34.89,33.66,34.99,33.65
2017-12-26,33.7,34.07,34.17,33.66
2017-12-27,34.07,33.61,34.27,33.55
2017-12-28,33.64,33.87,34.3,33.62
2017-12-29,33.87,34.21,34.31,33.87
2018-01-02,34.49,34.9,34.95,34.14
2018-01-03,34.68,36.07,36.98,34.68
2018-01-04,35.8,35.77,36.11,35.24
2018-01-05,35.56,35.7,36.38,35.45
2018-01-08,35.85,36.3,36.3,34.99
2018-01-09,35.99,35.97,36.25,35.68
2018-01-10,35.97,35.98,36.8,35.48
2018-01-11,35.55,36.2,36.28,35.55
2018-01-12,36.3,36.3,37.13,35.91
2018-01-15,36.56,35.57,36.56,34.8
2018-01-16,35.05,35.55,35.95,35.05
2018-01-17,35.5,35.86,36.26,35.2
2018-01-18,35.35,36.2,36.35,35.35
2018-01-19,36.22,35.75,36.5,35.75
2018-01-22,35.09,34.49,35.24,33.58
2018-01-23,34.38,34.0,34.68,33.95
2018-01-24,34.0,34.2,34.29,33.81
2018-01-25,34.25,34.03,34.49,34.03
2018-01-26,34.1,34.06,34.35,33.92
2018-01-29,34.14,33.72,34.14,33.62
2018-01-30,33.72,33.43,33.94,33.22
2018-01-31,33.47,31.62,33.6,31.6
2018-02-01,32.01,29.6,32.01,29.5
2018-02-02,29.81,29.55,30.2,28.51
2018-02-05,29.02,29.55,29.88,28.79
2018-02-06,28.51,26.8,29.36,26.6
2018-02-07,27.2,27.0,27.88,26.51
2018-02-08,27.1,27.47,27.69,27.0
2018-02-09,27.0,26.39,27.19,26.1
2018-02-12,26.8,26.83,27.4,26.54
2018-02-13,27.04,26.97,27.31,26.91
2018-02-14,26.87,26.72,27.23,26.5
2018-02-22,27.4,27.25,27.4,26.72
2018-02-23,27.23,27.47,27.47,27.04
2018-02-26,27.6,28.45,28.59,27.6
2018-02-27,28.5,28.35,28.84,28.31
2018-02-28,28.03,28.3,28.56,27.86
2018-03-01,28.3,28.82,28.88,28.07
2018-03-02,28.47,28.51,28.8,28.42
2018-03-05,28.34,28.81,28.86,28.34
2018-03-06,28.97,31.69,31.69,28.95
2018-03-07,31.54,30.66,31.54,30.45
2018-03-08,30.55,30.84,30.85,30.37
2018-03-09,30.86,32.5,33.92,30.8
2018-03-12,32.49,32.5,32.85,31.72
2018-03-13,32.36,32.3,32.67,32.09
2018-03-14,31.92,32.73,33.58,31.91
2018-03-15,32.55,31.52,32.55,31.01
2018-03-16,31.0,31.19,31.6,30.0
2018-03-19,30.98,31.42,31.48,30.32
2018-03-20,30.95,31.07,31.38,30.69
2018-03-21,31.07,31.9,34.18,30.91
2018-03-22,31.4,31.8,32.36,31.3
2018-03-23,30.13,29.19,31.2,29.0
2018-03-26,28.8,29.65,29.85,28.24
2018-03-27,30.02,30.4,30.65,29.0
2018-03-28,29.57,30.54,30.63,29.44
2018-03-29,31.54,30.6,31.54,30.55
2018-03-30,30.75,31.68,31.93,30.75
2018-04-02,31.67,31.7,32.58,31.4
2018-04-03,31.21,31.87,31.99,31.07
2018-04-04,31.8,31.37,32.23,31.26
2018-04-09,31.11,31.32,31.57,30.68
2018-04-10,31.3,30.74,31.5,30.1
2018-04-11,30.77,33.81,33.81,30.77
2018-04-12,33.6,32.42,33.74,32.25
2018-04-13,32.5,32.29,32.95,31.99
2018-04-16,32.01,32.0,32.28,31.51
2018-04-17,31.81,31.66,32.49,31.3
2018-04-18,31.9,31.24,32.06,30.0
2018-04-19,31.24,30.89,31.39,30.75
2018-04-20,30.5,28.9,30.5,28.5
2018-04-23,28.82,29.09,29.35,28.52
2018-04-24,29.13,29.8,29.81,29.0
2018-04-25,29.61,29.54,29.79,29.3
2018-04-26,29.65,28.78,29.96,28.7
2018-04-27,28.95,28.75,29.4,28.75
2018-05-02,28.66,28.43,29.1,28.33
2018-05-03,28.3,28.9,29.09,28.28
2018-05-04,29.15,29.5,30.01,28.84
2018-05-07,29.55,30.02,30.19,29.55
2018-05-08,30.17,31.48,33.02,29.83
2018-05-09,30.8,32.82,33.21,30.8
2018-05-10,32.98,32.63,32.98,32.01
2018-05-11,32.99,32.08,32.99,32.08
2018-05-14,32.0,31.65,32.48,31.15
2018-05-15,31.71,32.2,32.2,31.51
2018-05-16,32.2,31.45,32.27,31.3
2018-05-17,31.67,31.76,31.86,31.24
2018-05-18,31.61,32.19,32.43,31.61
2018-05-21,32.2,32.19,32.65,32.01
2018-05-22,32.31,32.45,32.45,31.56
2018-05-23,32.3,32.0,33.85,32.0
2018-05-24,31.0,31.14,31.67,30.84
2018-05-25,30.5,30.13,30.9,29.88
2018-05-28,30.13,30.78,30.89,29.82
2018-05-29,30.79,30.44,31.5,30.16
2018-05-30,30.5,28.42,30.5,28.0
2018-05-31,28.51,30.11,30.79,28.51
2018-06-01,30.2,31.0,31.02,29.51
2018-06-04,31.0,30.66,31.46,30.56
2018-06-05,31.0,31.86,31.88,30.43
2018-06-06,31.8,31.52,31.96,31.3
2018-06-07,31.55,31.39,31.95,31.08
2018-06-08,30.86,30.09,31.58,29.53
2018-06-11,29.91,30.03,30.4,29.55
2018-06-12,30.03,30.03,30.23,28.85
2018-06-13,30.0,31.0,31.8,29.03
2018-06-14,30.9,32.19,33.18,30.41
2018-06-15,31.78,30.73,31.94,29.93
2018-06-19,29.7,27.66,29.7,27.66
2018-06-20,27.8,27.5,28.14,26.15
2018-06-21,27.5,25.22,27.57,25.2
2018-06-22,25.26,25.84,26.13,25.22
2018-06-25,25.84,25.63,26.46,25.56
2018-06-26,25.35,26.0,26.24,25.21
2018-06-27,26.22,26.12,26.39,25.82
2018-06-28,26.26,25.82,26.5,25.82
2018-06-29,25.73,26.46,26.56,25.73
2018-07-02,26.43,25.99,26.88,25.8
2018-07-03,25.96,26.56,26.63,25.83
2018-07-04,26.56,25.8,26.56,25.68
2018-07-05,25.8,25.03,25.94,25.03
2018-07-06,24.55,25.05,25.7,24.37
2018-07-09,25.05,25.58,25.58,25.05
2018-07-10,25.65,25.7,25.71,25.38
2018-07-11,25.4,24.6,25.4,24.05
2018-07-12,24.6,25.3,25.48,24.5
2018-07-13,25.23,25.24,25.54,25.0
2018-07-16,25.05,25.24,25.42,24.66
2018-07-17,25.33,25.41,25.5,25.02
2018-07-18,25.43,25.22,25.99,25.16
2018-07-19,25.22,24.9,25.4,24.82
2018-07-20,24.9,25.32,25.48,24.55
2018-07-23,25.35,25.27,25.35,24.88
2018-07-24,25.36,25.83,25.88,25.2
2018-07-25,26.36,27.66,27.75,25.55
2018-07-26,26.99,26.4,27.28,26.27
2018-07-27,26.12,25.9,26.3,25.8
2018-07-30,26.15,25.33,26.15,25.0
2018-07-31,25.06,25.39,25.55,25.06
2018-08-01,25.42,25.25,25.67,25.2
2018-08-02,25.4,24.28,25.49,23.77
2018-08-03,24.5,24.29,25.23,24.11
2018-08-06,24.6,23.51,24.6,23.1
2018-08-07,23.51,23.93,23.99,23.5
2018-08-08,24.04,23.4,24.1,23.35
2018-08-09,23.4,23.85,24.07,23.24
2018-08-10,23.85,23.95,24.03,23.7
2018-08-13,23.8,23.9,23.95,23.39
2018-08-14,23.9,24.0,24.0,23.77
2018-08-15,24.08,23.68,24.36,23.63
2018-08-16,23.68,23.87,24.38,23.29
2018-08-17,24.28,23.26,24.3,23.2
2018-08-20,23.39,22.46,23.39,21.7
2018-08-21,22.4,22.57,22.8,22.38
2018-08-22,22.53,22.33,22.55,22.2
2018-08-23,22.1,22.65,22.79,22.1
2018-08-24,22.55,22.42,22.72,22.18
2018-08-27,22.4,22.95,23.05,22.35
2018-08-28,22.99,23.04,23.22,22.72
2018-08-29,22.8,23.09,23.33,22.8
2018-08-30,23.1,21.83,23.24,21.8
2018-08-31,22.07,21.62,22.35,21.61
2018-09-03,21.63,21.77,21.95,21.21
2018-09-04,21.88,21.84,22.05,21.62
2018-09-05,22.07,21.43,22.07,21.35
2018-09-06,21.38,21.32,21.66,21.26
2018-09-07,21.55,21.22,21.88,21.2
2018-09-10,21.22,20.83,21.36,20.82
2018-09-11,20.82,20.85,21.1,20.55
2018-09-12,20.77,21.08,21.22,20.71
2018-09-13,21.2,21.28,21.5,21.01
2018-09-14,21.29,21.99,22.14,21.28
2018-09-17,21.8,21.29,22.38,21.29
2018-09-18,21.12,21.39,21.61,21.01
2018-09-19,21.59,21.56,21.8,21.21
2018-09-20,21.35,21.44,21.7,21.34
2018-09-21,21.33,22.16,22.16,21.21
2018-09-25,21.99,21.93,22.08,21.7
2018-09-26,21.94,21.8,21.94,21.5
2018-09-27,21.64,21.16,21.83,21.16
2018-09-28,21.2,21.7,21.74,21.2
2018-10-08,21.49,20.98,21.59,20.73
2018-10-09,20.99,20.86,21.22,20.8
2018-10-10,20.82,21.25,21.25,20.8
2018-10-11,20.81,19.13,20.81,19.13
2018-10-12,19.12,18.2,19.36,17.25
2018-10-15,18.27,17.76,18.55,17.7
2018-10-16,18.1,17.43,18.15,17.26
2018-10-17,18.5,17.8,18.51,17.51
2018-10-18,18.28,17.7,18.29,17.6
2018-10-19,17.38,18.04,18.1,16.01
2018-10-22,18.19,18.77,18.93,18.02
2018-10-23,18.88,18.6,19.26,18.53
2018-10-24,18.6,19.55,20.29,18.4
2018-10-25,18.65,18.88,19.2,18.52
2018-10-26,18.71,18.85,19.16,18.71
2018-10-29,18.88,18.75,19.1,18.72
2018-10-30,18.6,18.87,19.17,18.53
2018-10-31,18.9,19.04,19.19,18.9
2018-11-01,19.12,19.27,19.52,19.06
2018-11-02,19.8,19.63,19.8,19.25
2018-11-05,19.61,19.87,20.27,19.5
2018-11-06,19.62,19.73,19.84,19.42
2018-11-07,19.77,19.55,20.16,19.5
2018-11-08,19.64,19.91,20.34,19.64
2018-11-09,19.73,19.62,19.95,19.51
2018-11-12,20.05,20.28,20.48,19.67
2018-11-13,20.1,20.61,20.66,19.83
2018-11-14,20.6,21.45,21.58,20.31
2018-11-15,21.0,22.8,22.85,20.93
2018-11-16,22.51,22.18,22.78,22.04
2018-11-19,22.17,21.6,22.17,21.4
2018-11-20,21.31,21.1,21.62,21.05
2018-11-21,20.96,21.46,21.52,20.78
2018-11-22,21.12,22.53,22.6,21.1
2018-11-23,22.32,23.19,24.5,22.27
2018-11-26,22.05,21.6,22.5,21.5
2018-11-27,21.63,22.37,22.4,21.2
2018-11-28,22.09,22.91,22.99,21.82
2018-11-29,22.91,22.94,23.2,22.41
2018-11-30,22.86,23.6,24.47,22.45
2018-12-03,24.2,24.9,24.95,23.5
2018-12-04,25.1,24.19,25.1,24.18
2018-12-05,23.5,24.8,24.88,23.31
2018-12-06,24.45,23.79,24.86,23.79
2018-12-07,23.49,23.84,24.16,23.49
2018-12-10,23.78,23.53,23.99,23.37
2018-12-11,23.77,23.13,23.78,23.08
2018-12-12,23.21,23.4,23.68,23.12
2018-12-13,23.4,23.12,23.6,23.04
2018-12-14,22.99,21.9,22.99,21.54
2018-12-17,22.03,22.57,22.83,21.91
2018-12-18,22.47,22.68,22.95,22.22
2018-12-19,22.68,22.31,22.8,22.0
2018-12-20,22.29,22.72,22.77,22.1
2018-12-21,22.68,23.01,23.15,22.43
2018-12-24,22.98,22.82,22.98,22.25
2018-12-25,22.58,22.0,22.58,21.58
2018-12-26,22.0,21.73,22.35,21.73
2018-12-27,21.98,21.21,22.1,21.2
2018-12-28,21.48,21.23,21.7,21.18
2019-01-02,21.44,22.33,22.33,20.88
2019-01-03,22.13,22.35,22.81,21.83
2019-01-04,22.0,22.56,22.58,21.61
2019-01-07,22.58,22.76,22.83,22.26
2019-01-08,22.62,22.08,22.75,22.08
2019-01-09,22.45,22.32,22.67,22.21
2019-01-10,22.28,22.23,22.65,22.0
2019-01-11,22.23,22.65,22.8,22.23
2019-01-14,22.75,22.57,22.89,22.48
2019-01-15,22.26,22.65,22.75,22.26
2019-01-16,22.77,22.51,22.86,22.5
2019-01-17,22.45,22.32,22.65,22.04
2019-01-18,22.3,22.51,22.51,22.07
2019-01-21,22.35,22.52,22.77,22.25
2019-01-22,22.49,22.46,22.5,22.17
2019-01-23,22.4,22.08,22.4,22.07
2019-01-24,22.1,22.1,22.35,22.1
2019-01-25,22.28,22.29,22.42,22.1
2019-01-28,22.29,21.78,22.56,21.54
2019-01-29,21.61,20.5,21.62,19.65
2019-01-30,20.5,20.9,20.96,20.33
2019-01-31,20.9,20.59,20.9,20.34
2019-02-01,20.86,21.78,21.78,20.25
2019-02-11,21.3,21.96,21.96,21.3
2019-02-12,21.9,22.0,22.05,21.73
2019-02-13,21.82,22.45,22.45,21.82
2019-02-14,22.48,22.45,22.68,22.25
2019-02-15,22.47,22.47,22.9,22.3
2019-02-18,22.5,22.95,22.99,22.38
2019-02-19,22.75,23.0,23.21,22.59
2019-02-20,23.0,22.81,23.5,22.57
2019-02-21,22.81,22.79,23.1,22.77
2019-02-22,22.64,23.04,23.17,22.64
2019-02-25,23.11,24.13,24.38,23.11
2019-02-26,24.13,23.85,24.32,23.7
2019-02-27,24.0,23.51,24.23,23.12
2019-02-28,23.57,24.14,24.75,23.43
2019-03-01,24.0,23.8,24.13,23.53
2019-03-04,23.95,23.85,24.5,23.78
2019-03-05,24.03,24.53,24.88,23.85
2019-03-06,24.55,25.2,25.48,24.2
2019-03-07,25.13,25.43,25.69,24.68
2019-03-08,25.2,25.7,26.95,24.7
2019-03-11,25.6,27.73,27.97,25.6
2019-03-12,27.9,27.23,28.0,26.84
2019-03-13,27.0,26.2,27.1,25.95
2019-03-14,26.43,25.83,26.59,25.2
2019-03-15,25.85,26.08,26.51,25.61
2019-03-18,26.27,27.42,27.95,26.27
2019-03-19,27.68,27.36,27.68,26.53
2019-03-20,26.5,26.23,26.73,25.88
2019-03-21,26.6,26.22,26.67,26.08
2019-03-22,26.1,26.88,26.92,25.94
2019-03-25,26.45,26.77,27.39,26.12
2019-03-26,26.72,26.01,27.15,26.01
2019-03-27,26.5,26.28,26.54,25.9
2019-03-28,26.28,26.5,27.03,26.21
2019-03-29,26.5,27.1,27.14,26.5
2019-04-01,27.1,27.96,28.38,27.1
2019-04-02,28.09,27.87,28.29,27.68
2019-04-03,28.09,28.08,28.18,27.7
2019-04-04,28.19,29.09,29.41,27.96
2019-04-08,29.09,27.7,29.35,27.68
2019-04-09,27.71,27.82,28.26,27.6
2019-04-10,27.82,27.69,28.15,27.35
2019-04-11,27.71,26.62,27.76,26.57
2019-04-12,26.67,26.8,27.0,26.41
2019-04-15,26.88,26.45,27.44,26.3
2019-04-16,26.45,26.5,26.58,25.6
2019-04-17,26.5,26.53,27.08,26.43
2019-04-18,26.77,26.43,26.77,26.14
2019-04-19,26.67,27.08,27.13,26.3
2019-04-22,27.08,27.04,28.17,26.82
2019-04-23,26.9,27.47,27.88,26.3
2019-04-24,27.4,27.71,27.98,27.0
2019-04-25,28.0,26.95,28.09,26.33
2019-04-26,26.89,26.99,27.1,26.2
2019-04-29,27.14,25.83,27.2,25.65
2019-04-30,25.91,27.29,27.29,25.91
2019-05-06,26.9,25.98,26.9,24.56
2019-05-07,25.79,26.4,26.4,25.54
2019-05-08,26.12,26.4,26.6,25.2
2019-05-09,26.01,26.4,26.57,25.94
2019-05-10,26.59,27.0,27.0,25.88
2019-05-13,26.71,27.79,27.81,26.71
2019-05-14,27.8,27.55,28.05,27.15
2019-05-15,27.93,28.65,29.14,27.51
2019-05-16,28.5,28.28,28.58,28.16
2019-05-17,28.01,27.7,28.59,27.51
2019-05-20,27.51,28.82,29.24,27.3
2019-05-21,28.83,30.38,30.7,28.6
2019-05-22,30.11,29.09,30.33,29.0
2019-05-23,28.8,28.38,28.87,27.62
2019-05-24,28.19,27.25,28.35,27.21
2019-05-27,26.95,26.84,27.48,26.11
2019-05-28,26.76,26.85,26.94,26.52
2019-05-29,26.82,26.76,26.93,26.36
2019-05-30,26.72,26.44,26.73,26.23
2019-05-31,26.26,26.76,26.76,26.26
2019-06-03,26.5,26.31,26.74,26.1
2019-06-04,26.4,25.65,26.58,25.48
2019-06-05,26.0,25.83,26.24,25.52
2019-06-06,25.5,26.28,26.28,24.79
2019-06-10,25.8,28.6,28.88,25.32
2019-06-11,28.0,28.6,28.95,27.67
2019-06-12,28.17,27.62,28.17,27.34
2019-06-13,27.71,27.35,27.71,26.96
2019-06-14,27.36,26.98,27.6,26.0
2019-06-17,26.88,26.55,26.88,26.2
2019-06-18,26.3,26.11,26.53,26.0
2019-06-19,26.45,26.19,26.61,26.12
2019-06-20,26.25,26.68,26.96,26.03
2019-06-21,26.68,26.98,27.13,26.5
2019-06-24,26.96,26.7,26.96,26.5
2019-06-25,26.59,26.23,26.7,25.5
2019-06-26,26.49,26.71,26.86,26.04
2019-06-27,26.95,26.71,26.95,26.45
2019-06-28,26.56,26.79,26.79,26.17
2019-07-01,26.97,27.1,27.13,26.72
2019-07-02,26.99,27.06,27.1,26.83
2019-07-03,27.04,26.35,27.04,26.3
2019-07-04,26.48,26.56,26.7,26.12
2019-07-05,26.6,27.09,27.1,26.22
2019-07-08,27.14,27.93,28.38,26.52
2019-07-09,27.78,27.74,28.09,27.31
2019-07-10,27.74,28.49,28.49,27.44
2019-07-11,28.71,28.13,28.8,27.9
2019-07-12,28.58,28.42,28.58,27.78
2019-07-15,28.4,28.11,28.49,27.82
2019-07-16,28.11,28.7,28.7,27.9
2019-07-17,28.79,28.42,29.5,28.42
2019-07-18,28.36,27.28,28.36,25.58
2019-07-19,27.21,27.26,27.55,26.75
2019-07-22,27.03,26.26,27.32,25.95
2019-07-23,26.06,26.52,26.55,26.01
2019-07-24,26.65,26.89,27.09,26.12
2019-07-25,27.02,27.18,27.35,26.7
2019-07-26,27.18,27.96,27.96,27.06
2019-07-29,27.59,28.09,28.52,27.59
2019-07-30,28.12,28.33,28.6,28.02
2019-07-31,28.4,28.42,28.7,27.98
2019-08-01,28.4,28.73,28.8,28.11
2019-08-02,28.61,28.75,28.75,27.89
2019-08-05,28.5,28.51,28.89,28.29
2019-08-06,28.28,27.95,28.3,26.83
2019-08-07,27.96,28.4,28.62,27.76
2019-08-08,28.39,27.6,28.41,27.13
2019-08-09,27.84,27.56,27.85,27.2
2019-08-12,27.27,28.13,28.15,27.05
2019-08-13,27.62,29.07,29.7,27.62
2019-08-14,29.33,29.53,29.99,28.88
2019-08-15,28.91,30.6,31.29,28.76
2019-08-16,30.6,30.17,30.96,29.95
2019-08-19,30.17,32.0,32.17,30.17
2019-08-20,31.6,31.91,33.3,31.58
2019-08-21,32.0,31.84,32.59,31.51
2019-08-22,31.88,31.91,32.75,31.4
2019-08-23,31.82,32.78,32.92,31.8
2019-08-26,32.0,31.5,32.28,30.88
2019-08-27,31.51,31.28,31.88,31.06
2019-08-28,31.12,31.15,31.5,30.63
2019-08-29,31.17,30.95,31.68,30.67
2019-08-30,31.15,31.08,31.49,30.5
2019-09-02,31.21,32.48,32.57,30.71
2019-09-03,32.42,32.04,32.59,31.7
2019-09-04,32.01,31.61,32.13,31.12
2019-09-05,31.68,32.28,32.4,31.32
2019-09-06,32.6,32.16,32.63,31.5
2019-09-09,32.23,34.05,34.1,32.22
2019-09-10,34.03,33.85,34.38,33.31
2019-09-11,33.87,34.8,35.59,33.65
2019-09-12,34.8,35.19,35.48,34.3
2019-09-16,35.2,35.02,36.1,34.6
2019-09-17,34.88,33.83,35.12,33.59
2019-09-18,33.85,33.8,34.48,33.65
2019-09-19,33.98,34.36,34.6,33.85
2019-09-20,34.34,35.2,35.36,34.1
2019-09-23,35.14,34.23,35.14,33.85
2019-09-24,34.25,34.55,35.03,34.04
2019-09-25,34.54,33.53,34.57,33.4
2019-09-26,33.58,33.59,34.15,31.72
2019-09-27,33.63,35.38,35.81,32.75
2019-09-30,35.69,36.18,36.35,35.03
2019-10-08,36.18,35.75,36.9,35.55
2019-10-09,35.37,36.0,36.3,35.37
2019-10-10,36.05,36.1,36.36,35.35
2019-10-11,36.3,36.15,36.35,35.25
2019-10-14,36.18,35.96,36.8,35.71
2019-10-15,35.86,36.23,36.3,35.11
2019-10-16,36.35,35.54,36.36,35.3
2019-10-17,35.35,35.61,35.95,35.26
2019-10-18,35.76,35.25,35.78,34.55
2019-10-21,35.0,34.58,35.0,34.02
2019-10-22,34.46,34.81,34.99,34.18
2019-10-23,34.81,34.9,35.3,34.74
2019-10-24,35.14,34.91,35.2,34.43
2019-10-25,34.77,35.7,35.7,34.25
2019-10-28,35.7,35.23,36.02,34.9
2019-10-29,35.31,34.01,35.53,33.54
2019-10-30,34.02,33.26,34.02,32.52
2019-10-31,33.5,33.88,33.88,32.88
2019-11-01,33.39,33.41,33.55,32.6
2019-11-04,33.35,33.43,33.65,33.03
2019-11-05,33.3,33.84,34.07,33.3
2019-11-06,33.99,33.63,34.35,33.08
2019-11-07,33.63,33.48,33.63,33.1
2019-11-08,33.7,34.28,34.28,33.45
2019-11-11,34.0,33.38,34.0,33.05
2019-11-12,33.44,33.2,33.44,32.4
2019-11-13,33.03,32.85,33.07,32.45
2019-11-14,32.83,33.55,33.56,32.2
2019-11-15,33.31,33.61,33.93,33.21
2019-11-18,33.6,33.98,34.05,33.39
2019-11-19,33.98,34.83,34.97,33.94
2019-11-20,34.73,34.85,35.5,34.65
2019-11-21,34.84,35.3,35.35,34.71
2019-11-22,35.3,35.13,35.3,34.0
2019-11-25,34.82,33.31,34.98,33.02
2019-11-26,33.28,33.07,33.64,32.78
2019-11-27,33.07,33.31,33.5,32.71
2019-11-28,33.19,33.25,33.6,33.1
2019-11-29,33.44,33.99,33.99,33.15
2019-12-02,33.99,33.48,33.99,32.55
2019-12-03,33.25,32.96,33.25,32.4
2019-12-04,32.5,32.98,32.98,32.42
2019-12-05,32.83,33.58,33.73,32.83
2019-12-06,33.58,33.79,33.85,33.32
2019-12-09,33.89,34.04,34.32,33.71
2019-12-10,34.01,34.02,34.27,33.57
2019-12-11,34.1,34.56,34.82,33.95
2019-12-12,34.57,34.66,34.96,34.23
2019-12-13,34.64,35.56,35.78,34.52
2019-12-16,35.8,35.6,35.88,35.1
2019-12-17,35.61,35.45,35.73,35.35
2019-12-18,35.46,35.43,35.93,35.2
2019-12-19,35.43,35.76,35.82,34.96
2019-12-20,35.75,35.5,35.78,35.17
2019-12-23,35.49,34.85,35.49,34.65
2019-12-24,34.86,35.42,35.49,34.7
2019-12-25,35.42,35.87,35.98,35.25
2019-12-26,35.87,36.09,36.38,35.6
2019-12-27,35.99,35.86,36.15,35.4
2019-12-30,35.71,35.5,35.71,35.08
2019-12-31,35.68,37.16,37.5,35.41
2020-01-02,37.16,37.8,38.25,36.81
2020-01-03,37.8,38.1,38.26,37.32
2020-01-06,37.66,37.68,38.44,37.25
2020-01-07,37.8,37.44,38.21,36.85
2020-01-08,37.0,37.15,37.75,36.94
2020-01-09,37.54,37.85,38.29,37.21
2020-01-10,37.93,37.88,38.18,37.35
2020-01-13,37.96,39.68,39.77,37.5
2020-01-14,39.68,38.94,39.96,38.88
2020-01-15,38.88,38.8,39.16,38.02
2020-01-16,38.72,39.23,39.58,38.38
2020-01-17,39.24,38.6,39.54,38.4
2020-01-20,38.41,38.91,39.16,38.27
2020-01-21,38.9,38.41,39.52,38.33
2020-01-22,38.2,38.7,39.0,37.2
2020-01-23,38.49,37.35,39.12,34.83
2020-02-03,33.62,33.62,34.49,33.62
2020-02-04,33.9,34.33,34.34,32.68
2020-02-05,34.12,34.1,34.6,33.62
2020-02-06,34.01,34.4,34.43,33.29
2020-02-07,34.28,34.78,34.78,33.56
2020-02-10,34.77,35.5,35.7,34.56
2020-02-11,35.5,35.52,35.54,34.83
2020-02-12,35.16,35.6,35.8,35.16
2020-02-13,35.6,34.75,35.66,34.7
2020-02-14,34.55,35.25,35.25,34.5
2020-02-17,35.3,36.13,36.36,35.3
2020-02-18,36.13,36.45,36.62,35.77
2020-02-19,36.37,36.29,36.76,36.04
2020-02-20,36.49,36.67,36.75,35.85
2020-02-21,36.53,37.43,37.8,36.43
2020-02-24,37.35,37.82,38.08,37.0
2020-02-25,37.28,37.26,37.75,36.57
2020-02-26,36.89,36.08,37.17,35.8
2020-02-27,36.21,36.55,36.65,35.5
2020-02-28,35.59,36.05,36.68,35.03
2020-03-02,35.97,37.19,37.39,35.0
2020-03-03,37.81,36.77,38.11,36.7
2020-03-04,36.6,36.86,37.0,36.08
2020-03-05,37.08,37.14,37.6,36.88
2020-03-06,36.75,36.11,36.75,35.5
2020-03-09,35.44,34.71,36.17,34.71
2020-03-10,34.55,35.3,35.5,34.11
2020-03-11,35.47,35.28,35.91,35.17
2020-03-12,34.69,34.22,35.5,33.86
2020-03-13,32.5,34.88,34.88,32.0
2020-03-16,34.3,33.01,35.4,32.71
2020-03-17,33.35,34.35,34.35,32.12
2020-03-18,34.33,35.5,35.63,33.72
2020-03-19,34.0,34.03,34.15,32.65
2020-03-20,34.11,34.04,34.16,33.08
2020-03-23,32.82,32.58,33.79,32.1
2020-03-24,32.8,33.18,33.18,32.5
2020-03-25,33.59,33.55,33.7,33.11
2020-03-26,33.25,32.9,33.44,32.8
2020-03-27,33.0,33.18,33.37,32.9
2020-03-30,33.14,32.87,33.14,31.78
2020-03-31,32.95,32.65,33.0,32.3
2020-04-01,32.85,32.77,32.9,32.43
2020-04-02,32.5,33.13,33.13,32.4
2020-04-03,33.1,33.06,33.1,32.7
2020-04-07,33.34,33.37,33.54,33.1
2020-04-08,33.13,33.38,33.48,33.13
2020-04-09,33.46,34.03,34.15,30.04
2020-04-10,34.08,33.35,34.12,33.1
2020-04-13,32.77,32.9,33.0,32.28
2020-04-14,32.89,33.33,33.33,32.5
2020-04-15,33.98,33.69,34.1,33.58
2020-04-16,33.69,33.8,33.8,33.35
2020-04-17,33.9,34.39,34.48,33.8
2020-04-20,34.65,34.88,34.88,34.05
2020-04-21,34.65,34.55,34.66,33.93
2020-04-22,34.45,34.45,34.45,33.97
2020-04-23,34.4,34.68,34.71,34.09
2020-04-24,34.72,35.08,35.4,34.5
2020-04-27,35.28,34.91,35.28,34.7
2020-04-28,35.16,34.77,35.16,33.31
2020-04-29,34.7,34.55,34.7,34.11
2020-04-30,34.38,35.05,35.05,34.37
2020-05-06,34.8,35.7,35.86,34.5
2020-05-07,35.78,35.79,35.96,35.5
2020-05-08,35.93,36.0,36.24,35.66
2020-05-11,36.0,35.8,36.23,35.5
2020-05-12,35.92,35.93,35.93,35.34
2020-05-13,35.71,36.08,36.08,35.52
2020-05-14,36.0,36.03,36.03,35.61
2020-05-15,36.14,36.54,36.88,36.04
2020-05-18,36.5,36.03,36.5,35.58
2020-05-19,36.01,36.07,36.19,35.67
2020-05-20,36.07,35.75,36.09,35.43
2020-05-21,35.76,36.0,36.18,35.5
2020-05-22,35.77,35.59,35.99,34.85
2020-05-25,35.16,35.33,35.46,35.09
2020-05-26,35.44,35.53,35.65,35.25
2020-05-27,35.56,35.3,35.65,35.06
2020-05-28,35.2,34.89,35.25,33.88
2020-05-29,34.55,34.68,34.72,34.37
2020-06-01,34.58,35.46,35.5,34.54
2020-06-02,35.53,35.55,35.78,35.32
2020-06-03,35.8,36.04,36.18,35.55
2020-06-04,36.05,36.13,36.39,35.75
2020-06-05,36.14,36.0,36.19,35.64
2020-06-08,36.3,37.6,37.88,35.96
2020-06-09,37.8,37.27,38.3,37.17
2020-06-10,37.28,37.06,37.78,36.61
2020-06-11,37.19,36.75,37.39,36.31
2020-06-12,35.67,36.88,36.88,35.65
2020-06-15,36.27,36.95,37.45,36.26
2020-06-16,37.03,38.0,38.5,36.98
2020-06-17,38.37,37.49,38.37,37.31
2020-06-18,37.6,37.1,37.6,36.66
2020-06-19,37.06,37.89,37.89,36.59
2020-06-22,37.99,38.13,39.08,37.62
2020-06-23,38.13,38.66,38.83,37.55
2020-06-24,38.81,41.67,42.0,38.31
2020-06-29,41.6,41.57,42.36,40.76
2020-06-30,41.77,41.95,42.28,41.19
2020-07-01,42.18,42.99,43.16,41.3
2020-07-02,42.7,42.21,42.93,41.6
2020-07-03,32.24,31.8,32.24,30.5
2020-07-06,31.59,32.14,32.33,31.5
2020-07-07,32.39,32.76,32.79,31.94
2020-07-08,32.67,32.81,33.47,32.34
2020-07-09,32.71,33.66,33.85,32.5
2020-07-10,33.66,32.98,33.96,32.6
2020-07-13,32.7,34.04,34.18,32.6
2020-07-14,34.04,33.6,34.47,33.02
2020-07-15,33.8,33.1,33.9,33.09
2020-07-16,33.4,31.8,33.4,31.0
2020-07-17,31.56,31.98,31.98,30.56
2020-07-20,31.65,31.87,31.98,31.01
2020-07-21,32.18,32.6,33.44,31.87
2020-07-22,32.57,32.46,32.82,32.21
2020-07-23,32.29,32.58,32.72,31.51
2020-07-24,32.45,31.85,33.3,31.3
2020-07-27,31.85,32.05,32.32,30.5
2020-07-28,32.08,32.91,33.02,31.69
2020-07-29,32.8,33.5,33.9,32.51
2020-07-30,33.62,33.09,33.81,32.58
2020-07-31,33.1,34.96,35.88,32.82
2020-08-03,34.96,34.85,35.4,34.38
2020-08-04,34.8,33.38,34.8,33.33
2020-08-05,33.3,33.41,33.7,33.0
2020-08-06,33.31,32.8,33.31,32.1
2020-08-07,32.39,31.98,32.57,31.1
2020-08-10,31.7,32.14,32.45,31.51
2020-08-11,32.0,31.63,32.26,31.38
2020-08-12,31.32,31.39,31.5,30.61
2020-08-13,31.27,31.47,31.74,31.22
2020-08-14,31.5,31.48,31.6,31.0
2020-08-17,31.32,31.78,31.88,31.25
2020-08-18,31.82,31.84,32.07,31.71
2020-08-19,31.97,31.49,31.98,31.28
2020-08-20,31.01,31.0,31.33,30.95
2020-08-21,31.14,31.2,31.42,30.98
2020-08-24,31.2,31.22,31.36,30.83
2020-08-25,31.2,31.7,31.7,31.16
2020-08-26,31.83,31.17,31.95,30.95
2020-08-27,30.86,31.0,31.2,30.74
2020-08-28,30.99,31.33,31.44,30.28
2020-08-31,31.47,31.45,31.57,31.13
2020-09-01,31.29,31.25,31.33,30.72
2020-09-02,30.9,31.15,31.24,30.9
2020-09-03,31.02,31.04,31.17,30.7
2020-09-04,30.7,31.05,31.05,30.3
2020-09-07,31.09,31.08,31.2,30.71
2020-09-08,31.05,31.0,31.05,30.6
2020-09-09,30.62,30.41,30.9,30.22
2020-09-10,30.33,29.65,30.65,29.0
2020-09-11,29.13,29.07,29.57,28.7
2020-09-14,29.0,29.5,29.58,28.91
2020-09-15,29.48,30.04,30.04,29.27
2020-09-16,30.18,30.14,30.2,29.81
2020-09-17,30.17,30.45,30.48,29.79
2020-09-18,30.37,30.82,30.89,30.23
2020-09-21,31.06,30.81,31.06,30.6
2020-09-22,30.38,30.68,30.86,30.2
2020-09-23,30.58,30.85,30.85,30.46
2020-09-24,30.79,31.28,31.38,30.51
2020-09-25,31.23,31.68,31.88,31.05
2020-09-28,31.78,31.33,31.8,30.6
2020-09-29,31.2,31.65,31.68,31.08
2020-09-30,31.7,31.89,32.08,31.32
2020-10-09,32.33,31.77,32.38,31.65
2020-10-12,31.78,32.23,32.27,31.59
2020-10-13,32.02,32.78,33.08,32.02
2020-10-14,32.78,32.9,33.29,32.43
2020-10-15,32.9,32.88,33.09,32.5
2020-10-16,32.91,32.35,32.95,32.01
2020-10-19,32.3,32.7,32.77,32.11
2020-10-20,32.67,32.88,32.88,32.43
2020-10-21,33.04,33.15,33.45,32.63
2020-10-22,32.88,32.95,33.26,32.59
2020-10-23,32.95,33.4,33.53,32.8
2020-10-26,33.24,33.75,33.78,33.03
2020-10-27,33.68,34.3,34.3,33.45
2020-10-28,34.3,35.08,35.79,34.0
2020-10-29,34.68,35.25,35.26,34.52
2020-10-30,34.85,33.15,34.86,32.88
2020-11-02,32.51,32.19,33.14,31.5
2020-11-03,32.01,33.41,33.41,31.83
2020-11-04,33.41,32.89,33.77,32.48
2020-11-05,32.93,33.06,33.08,32.75
2020-11-06,32.89,32.3,33.13,31.9
2020-11-09,32.3,32.9,32.98,32.08
2020-11-10,32.99,32.98,33.15,32.57
2020-11-11,32.98,32.7,33.05,32.3
2020-11-12,32.95,32.29,32.95,31.96
2020-11-13,32.68,32.75,32.76,31.75
2020-11-16,32.69,33.24,33.25,32.6
2020-11-17,33.25,33.7,34.02,33.09
2020-11-18,33.53,34.29,34.32,33.27
2020-11-19,34.25,34.52,34.68,33.93
2020-11-20,34.48,34.68,34.75,34.36
2020-11-23,34.77,34.68,34.77,33.8
2020-11-24,34.69,34.18,34.88,33.86
2020-11-25,34.19,33.34,34.21,33.14
2020-11-26,33.3,32.74,33.37,32.67
2020-11-27,32.95,34.18,34.18,32.53
2020-11-30,34.45,33.89,34.5,33.44
2020-12-01,33.8,34.38,34.43,33.31
2020-12-02,34.29,34.71,34.84,34.16
2020-12-03,34.76,35.29,35.59,34.52
2020-12-04,35.4,35.29,35.48,34.8
2020-12-07,35.27,35.38,35.57,34.98
2020-12-08,35.37,36.0,36.65,35.19
2020-12-09,35.9,34.0,36.0,33.74
2020-12-10,33.75,34.44,34.45,33.0
2020-12-11,34.45,34.0,34.45,33.38
2020-12-14,33.98,33.87,34.05,33.45
2020-12-15,33.87,33.68,33.9,33.4
2020-12-16,33.66,33.54,33.78,33.08
2020-12-17,33.29,33.93,34.08,33.0
2020-12-18,34.2,34.66,34.8,34.0
2020-12-21,34.6,35.58,35.76,34.18
2020-12-22,35.46,34.88,35.76,34.71
2020-12-23,34.82,35.25,35.65,34.82
2020-12-24,35.2,36.16,36.27,34.8
2020-12-25,36.02,35.9,36.55,35.39
2020-12-28,35.7,36.7,36.8,35.59
2020-12-29,36.51,35.97,37.16,35.4
2020-12-30,35.66,35.75,36.09,35.07
2020-12-31,35.43,35.62,36.0,35.39
2021-01-04,35.5,35.64,35.87,34.75
2021-01-05,35.4,36.76,36.93,35.11
2021-01-06,36.94,37.43,37.86,36.2
2021-01-07,37.05,36.9,37.75,36.31
2021-01-08,36.89,37.5,37.55,36.23
2021-01-11,37.49,36.7,37.5,36.28
2021-01-12,36.36,38.0,38.05,35.9
2021-01-13,37.8,37.5,37.87,36.86
2021-01-14,37.31,37.13,37.65,36.2
2021-01-15,36.74,37.17,37.32,36.28
2021-01-18,37.07,38.29,38.32,36.7
2021-01-19,38.28,37.8,38.33,37.46
2021-01-20,37.59,37.9,38.69,37.48
2021-01-21,37.7,37.05,37.8,35.8
2021-01-22,36.75,37.3,37.33,36.2
2021-01-25,37.31,37.35,37.55,36.8
2021-01-26,37.2,36.56,37.25,36.3
2021-01-27,36.36,36.85,36.85,35.99
2021-01-28,36.55,36.93,37.5,36.3
2021-01-29,37.19,37.45,37.48,36.85
2021-02-01,37.75,38.25,38.25,37.28
2021-02-02,38.31,38.39,38.75,37.81
2021-02-03,37.85,38.41,38.48,37.42
2021-02-04,37.99,38.45,38.45,37.66
2021-02-05,38.69,38.4,39.63,37.75
2021-02-08,37.57,36.26,37.59,34.56
2021-02-09,36.33,36.3,36.59,35.63
2021-02-10,36.29,36.31,36.43,36.0
2021-02-18,36.41,36.7,36.83,36.12
2021-02-19,36.7,36.85,36.88,36.3
2021-02-22,36.77,36.87,37.03,36.45
2021-02-23,36.86,36.3,36.88,36.06
2021-02-24,36.29,35.18,36.33,34.9
2021-02-25,35.28,34.63,35.53,34.32
2021-02-26,34.6,34.41,34.65,33.43
2021-03-01,34.43,34.64,34.83,34.4
2021-03-02,34.89,34.38,34.89,34.15
2021-03-03,34.54,34.6,34.6,34.15
2021-03-04,34.57,34.68,34.85,34.31
2021-03-05,34.4,34.74,34.74,34.28
2021-03-08,34.68,34.45,34.87,34.3
2021-03-09,34.43,32.74,34.6,32.74
2021-03-10,33.19,32.92,33.54,32.7
2021-03-11,32.83,33.19,33.36,32.72
2021-03-12,33.31,33.6,33.69,33.13
2021-03-15,33.66,33.88,33.91,33.51
2021-03-16,33.84,34.38,34.42,33.67
2021-03-17,34.37,34.38,34.55,34.15
2021-03-18,34.41,34.25,34.48,34.15
2021-03-19,34.0,34.73,34.88,33.75
2021-03-22,34.75,34.85,35.0,34.53
2021-03-23,35.4,35.48,35.64,34.86
2021-03-24,35.12,35.38,35.67,35.03
2021-03-25,35.12,36.6,37.5,35.12
2021-03-26,36.36,36.67,36.88,36.31
2021-03-29,36.6,36.87,36.98,36.49
2021-03-30,36.77,36.65,37.05,36.57
2021-03-31,36.76,36.91,37.05,36.56
2021-04-01,36.96,36.94,37.0,36.66
2021-04-02,36.88,37.13,37.16,36.8
2021-04-06,37.43,37.65,37.68,37.01
2021-04-07,37.68,37.86,37.89,37.53
2021-04-08,38.23,37.96,38.23,37.61
2021-04-09,38.12,38.12,38.12,37.78
2021-04-12,38.09,38.13,38.36,37.95
2021-04-13,38.12,36.8,38.13,36.75
2021-04-14,36.68,38.13,38.13,36.63
2021-04-15,38.12,38.0,38.2,37.81
2021-04-16,38.0,38.01,38.08,37.54
2021-04-19,37.9,38.27,38.32,37.8
2021-04-20,38.27,38.36,38.65,38.07
2021-04-21,37.95,38.57,38.83,37.93
2021-04-22,38.28,38.6,38.79,38.22
2021-04-23,38.58,38.0,38.58,37.68
2021-04-26,37.68,36.98,38.12,36.9
2021-04-27,36.9,37.28,37.35,36.75
2021-04-28,37.29,38.33,38.33,37.17
2021-04-29,37.57,36.95,38.23,36.7
2021-04-30,37.0,38.0,38.0,36.85
2021-05-06,38.04,35.9,38.18,35.68
2021-05-07,36.1,36.08,36.3,35.8
2021-05-10,35.8,34.8,35.99,34.21
2021-05-11,34.61,36.11,36.19,34.42
2021-05-12,36.25,36.75,36.75,35.88
2021-05-13,36.55,37.4,37.57,36.55
2021-05-14,37.6,37.26,37.74,36.99
2021-05-17,37.28,36.85,37.5,36.7
2021-05-18,36.86,37.5,37.65,36.45
2021-05-19,37.51,37.21,37.71,36.92
2021-05-20,37.25,37.38,37.5,36.7
2021-05-21,37.58,37.53,37.95,37.36
2021-05-24,37.53,37.56,37.99,37.21
2021-05-25,37.56,38.09,38.2,37.21
2021-05-26,38.29,38.92,39.05,38.1
2021-05-27,38.92,38.99,39.18,38.58
2021-05-28,39.17,38.98,39.36,38.68
2021-05-31,38.94,39.08,39.17,38.75
2021-06-01,39.06,39.3,39.52,38.98
2021-06-02,39.6,38.65,39.6,38.0
2021-06-03,25.66,25.82,26.79,25.57
2021-06-04,25.77,26.23,26.35,25.3
2021-06-07,26.23,26.38,26.6,26.18
2021-06-08,26.39,26.41,26.58,25.94
2021-06-09,26.44,26.25,26.64,26.0
2021-06-10,26.22,26.57,26.63,26.08
2021-06-11,26.69,26.36,26.84,26.23
2021-06-15,26.36,25.5,26.5,25.36
2021-06-16,25.51,25.5,25.72,25.23
2021-06-17,25.5,25.52,25.62,25.15
2021-06-18,25.48,26.57,26.77,25.32
2021-06-21,26.58,27.08,27.27,26.49
2021-06-22,27.05,27.3,27.4,26.9
2021-06-23,27.55,27.29,27.75,26.7
2021-06-24,27.29,27.1,27.4,26.98
2021-06-25,27.13,27.23,27.33,26.9
2021-06-28,27.3,27.02,27.36,26.79
2021-06-29,27.0,26.93,27.2,26.84
2021-06-30,27.01,26.83,27.02,26.57
2021-07-01,26.96,26.99,27.09,26.59
2021-07-02,26.99,26.83,27.06,26.42
2021-07-05,26.8,27.17,27.29,26.6
2021-07-06,27.15,27.19,27.34,26.9
2021-07-07,27.19,26.9,27.24,26.76
2021-07-08,26.92,26.45,27.0,26.32
2021-07-09,26.35,26.45,26.63,25.87
2021-07-12,26.63,27.55,27.65,26.45
2021-07-13,27.77,27.58,27.77,27.24
2021-07-14,27.58,27.27,27.7,27.17
2021-07-15,27.27,26.58,27.3,26.35
2021-07-16,26.58,26.6,26.85,26.26
2021-07-19,26.68,26.69,27.08,26.5
2021-07-20,26.59,26.57,26.74,26.33
2021-07-21,26.52,26.84,27.05,26.52
2021-07-22,26.95,26.48,26.97,26.3
2021-07-23,26.49,26.11,26.77,25.92
2021-07-26,26.11,25.43,26.11,25.1
2021-07-27,25.6,25.86,26.11,25.3
2021-07-28,25.79,24.71,25.79,24.37
2021-07-29,24.75,25.5,25.5,24.24
2021-07-30,25.5,25.93,25.93,25.0
2021-08-02,25.78,26.01,26.1,25.03
2021-08-03,25.88,25.87,26.2,25.51
2021-08-04,25.83,26.37,26.43,25.43
2021-08-05,26.37,26.7,27.05,26.11
2021-08-06,26.7,26.99,27.02,26.23
2021-08-09,26.8,26.86,27.09,26.62
2021-08-10,26.8,26.38,26.8,26.23
2021-08-11,26.35,26.9,26.92,26.01
2021-08-12,26.83,26.3,27.08,26.16
2021-08-13,26.25,26.28,26.34,25.56
2021-08-16,26.08,25.7,26.18,25.5
2021-08-17,25.45,23.13,25.68,23.13
2021-08-18,20.82,20.82,20.82,20.82
2021-08-19,18.74,18.74,18.74,18.74
2021-08-20,16.87,17.81,19.38,16.87
2021-08-23,17.03,18.8,18.89,17.0
2021-08-24,18.79,18.04,18.86,18.04
2021-08-25,18.5,18.7,19.13,18.31
2021-08-26,18.67,18.78,18.93,18.37
2021-08-27,18.86,18.28,18.88,18.1
2021-08-30,18.28,18.25,18.7,18.1
2021-08-31,18.15,18.28,18.45,17.92
2021-09-01,18.24,17.61,18.24,17.5
2021-09-02,17.65,17.99,18.19,17.44
2021-09-03,18.0,18.15,18.39,17.95
2021-09-06,18.24,18.05,18.25,17.94
2021-09-07,18.05,18.08,18.23,17.95
2021-09-08,18.11,18.4,18.53,17.98
2021-09-09,18.4,18.21,18.4,18.13
2021-09-10,18.24,18.26,18.35,18.03
2021-09-13,18.3,17.95,18.3,17.88
2021-09-14,17.95,17.89,18.35,17.76
2021-09-15,17.89,17.64,17.89,17.51
2021-09-16,17.66,17.68,18.1,17.56
2021-09-17,17.66,17.11,17.69,17.01
2021-09-22,17.03,17.43,17.45,16.84
2021-09-23,17.4,17.45,17.77,17.3
2021-09-24,17.45,17.13,17.45,17.07
2021-09-27,17.1,16.57,17.19,16.56
2021-09-28,16.71,16.95,17.13,16.5
2021-09-29,16.9,16.52,16.99,16.47
2021-09-30,16.65,16.68,16.8,16.5
2021-10-08,16.75,17.19,17.3,16.6
2021-10-11,17.25,16.95,17.45,16.9
2021-10-12,16.88,16.53,16.88,16.29
2021-10-13,16.55,16.63,16.64,16.3
2021-10-14,16.61,16.89,16.95,16.52
2021-10-15,16.95,16.6,17.0,16.57
2021-10-18,16.53,16.62,16.63,16.32
2021-10-19,16.68,16.83,17.17,16.63
2021-10-20,16.83,17.08,17.13,16.66
2021-10-21,17.08,16.93,17.1,16.87
2021-10-22,17.02,16.95,17.09,16.76
2021-10-25,17.0,16.87,17.01,16.77
2021-10-26,16.69,16.99,16.99,16.51
2021-10-27,16.9,16.57,16.94,16.52
2021-10-28,16.5,16.0,16.53,15.95
2021-10-29,16.55,17.6,17.6,16.38
2021-11-01,17.56,18.91,19.2,17.52
2021-11-02,18.91,18.28,18.96,17.94
2021-11-03,17.96,18.27,18.57,17.93
2021-11-04,18.39,18.21,18.39,18.01
2021-11-05,18.16,18.19,18.57,18.1
2021-11-08,18.17,18.06,18.27,17.9
2021-11-09,18.08,18.24,18.3,17.9
2021-11-10,18.23,18.18,18.23,18.0
2021-11-11,18.21,18.23,18.47,18.1
2021-11-12,18.18,18.88,19.18,18.04
2021-11-15,19.11,18.87,19.65,18.83
2021-11-16,18.83,18.5,18.86,18.34
2021-11-17,18.38,18.92,19.0,18.38
2021-11-18,18.9,18.54,19.09,18.51
2021-11-19,18.41,18.59,18.67,18.16
2021-11-22,18.74,18.9,19.1,18.22
2021-11-23,20.18,20.79,20.79,20.18
2021-11-24,22.87,21.55,22.87,21.36
2021-11-25,20.9,21.95,22.54,20.5
2021-11-26,21.41,21.05,21.8,20.96
2021-11-29,20.51,20.89,21.48,20.23
2021-11-30,21.19,20.73,21.21,20.49
2021-12-01,20.69,20.74,20.93,20.56
2021-12-02,20.69,20.07,20.86,20.06
2021-12-03,20.06,19.91,20.39,19.82
2021-12-06,20.08,19.55,20.8,19.5
2021-12-07,19.45,19.21,19.8,19.02
2021-12-08,19.21,19.35,19.45,19.15
2021-12-09,19.25,20.07,20.08,19.18
2021-12-10,20.08,19.74,20.15,19.56
2021-12-13,19.97,21.15,21.66,19.79
2021-12-14,21.2,22.23,22.49,21.19
2021-12-15,22.28,21.33,22.28,21.08
2021-12-16,21.32,21.21,21.53,20.97
2021-12-17,21.24,20.81,21.5,20.75
2021-12-20,20.81,21.01,21.48,20.8
2021-12-21,21.01,20.58,21.01,20.11
2021-12-22,20.58,20.69,20.85,20.45
2021-12-23,20.5,20.34,20.68,20.27
2021-12-24,20.32,19.56,20.54,19.48
2021-12-27,19.48,20.03,20.25,19.48
2021-12-28,19.95,20.27,20.35,19.93
2021-12-29,20.3,20.47,21.4,20.14
2021-12-30,20.48,20.64,20.76,20.21
2021-12-31,20.74,20.5,20.74,20.37
2022-01-04,20.5,20.44,20.77,20.18
2022-01-05,20.44,19.88,20.48,19.73
2022-01-06,19.68,20.28,20.6,19.68
2022-01-07,20.28,19.62,20.5,19.58
2022-01-10,19.65,19.85,19.87,19.56
2022-01-11,19.93,20.06,20.34,19.81
2022-01-12,20.06,20.42,20.66,19.9
2022-01-13,20.4,20.23,20.43,20.11
2022-01-14,20.1,19.99,20.48,19.94
2022-01-17,19.99,20.31,20.57,19.99
2022-01-18,20.29,19.95,20.44,19.85
2022-01-19,19.97,20.05,20.14,19.82
2022-01-20,20.05,19.82,20.05,19.6
2022-01-21,19.61,18.7,19.73,18.39
2022-01-24,18.87,18.95,19.11,18.5
2022-01-25,18.95,18.65,19.28,18.65
2022-01-26,18.65,18.74,18.95,18.25
2022-01-27,18.75,18.25,18.75,18.08
2022-01-28,18.44,18.5,18.69,17.62
2022-02-07,18.65,19.35,19.42,18.65
2022-02-08,19.69,19.99,19.99,19.36
2022-02-09,19.79,20.04,20.7,19.79
2022-02-10,20.31,20.53,20.63,20.0
2022-02-11,20.52,20.33,20.67,20.15
2022-02-14,20.32,20.35,20.35,19.81
2022-02-15,20.36,19.84,20.47,19.66
2022-02-16,19.83,19.99,20.11,19.83
2022-02-17,20.08,19.85,20.16,19.71
2022-02-18,19.94,20.83,20.94,19.8
2022-02-21,20.81,21.05,21.06,20.3
2022-02-22,20.85,20.61,20.85,20.54
2022-02-23,20.61,21.43,21.45,20.42
2022-02-24,21.37,20.56,21.71,20.15
2022-02-25,20.65,21.07,21.35,20.65
2022-02-28,21.73,21.48,22.32,21.21
2022-03-01,21.6,22.19,22.28,21.48
2022-03-02,22.17,22.32,22.8,21.87
2022-03-03,22.43,22.15,22.5,21.99
2022-03-04,22.1,22.42,22.83,21.9
2022-03-07,22.22,21.99,22.32,21.66
2022-03-08,22.03,21.83,22.2,21.36
2022-03-09,21.68,21.76,21.88,20.33
2022-03-10,22.3,20.97,22.3,20.6
2022-03-11,21.05,21.53,21.9,20.58
2022-03-14,21.5,20.3,21.5,20.22
2022-03-15,20.26,18.9,20.26,18.8
2022-03-16,19.49,19.79,19.99,18.84
2022-03-17,20.0,20.65,21.1,19.8
2022-03-18,20.77,20.63,20.85,20.31
2022-03-21,20.66,21.41,21.73,20.52
2022-03-22,21.41,21.6,21.85,21.26
2022-03-23,21.61,22.19,22.46,21.61
2022-03-24,22.19,24.2,24.31,22.0
2022-03-25,23.5,22.78,24.1,22.71
2022-03-28,22.78,22.89,23.32,22.17
2022-03-29,22.89,23.02,23.07,22.21
2022-03-30,23.02,22.6,23.06,22.3
2022-03-31,22.94,23.09,23.5,22.62
2022-04-01,22.75,23.39,23.49,22.6
2022-04-06,23.38,23.06,23.38,22.83
2022-04-07,22.99,23.11,23.58,22.74
2022-04-08,22.94,24.0,24.79,22.52
2022-04-11,23.52,22.74,23.56,21.6
2022-04-12,22.55,21.99,22.6,21.48
2022-04-13,22.28,21.78,22.5,21.31
2022-04-14,21.98,22.3,22.7,21.66
2022-04-15,23.3,24.53,24.53,23.22
2022-04-18,25.28,26.98,26.98,25.02
2022-04-19,28.42,25.56,29.68,25.56
2022-04-20,25.29,24.25,25.5,23.9
2022-04-21,24.14,23.69,25.06,23.64
2022-04-22,22.99,21.98,23.3,21.89
2022-04-25,21.4,21.44,22.95,21.04
2022-04-26,21.95,20.55,22.53,20.4
2022-04-27,20.59,22.61,22.61,20.55
2022-04-28,23.4,24.87,24.87,23.03
2022-04-29,25.3,24.94,26.32,24.67
2022-05-05,25.65,25.54,25.87,24.34
2022-05-06,24.76,25.15,25.5,24.35
2022-05-09,24.8,25.26,25.6,24.5
2022-05-10,24.8,25.7,25.75,24.46
2022-05-11,25.28,26.18,27.1,25.11
2022-05-12,25.97,25.89,25.98,25.16
2022-05-13,25.9,25.35,26.13,25.12
2022-05-16,25.63,25.35,25.77,24.85
2022-05-17,25.36,24.84,25.36,24.45
2022-05-18,24.88,24.99,25.31,24.46
2022-05-19,24.6,25.19,25.87,24.3
2022-05-20,25.31,27.4,27.5,25.31
2022-05-23,27.4,26.48,27.4,26.15
2022-05-24,26.48,24.93,26.65,24.93
2022-05-25,24.63,25.26,25.48,24.1
2022-05-26,25.46,24.81,25.46,24.2
2022-05-27,24.82,25.34,26.18,24.82
2022-05-30,25.34,24.99,25.34,24.43
2022-05-31,24.85,24.85,24.97,24.1
2022-06-01,24.71,25.23,25.91,24.6
2022-06-02,25.24,26.05,26.2,25.03
2022-06-06,26.0,26.86,27.29,25.76
2022-06-07,27.0,26.41,27.0,25.74
2022-06-08,26.4,27.24,27.93,26.3
2022-06-09,27.24,26.26,27.28,26.06
2022-06-10,26.26,27.3,27.4,26.0
2022-06-13,26.78,27.68,27.8,26.71
2022-06-14,27.69,27.12,27.87,26.32
2022-06-15,27.09,26.46,27.55,26.45
2022-06-16,26.41,26.55,26.77,26.1
2022-06-17,26.6,26.83,27.3,26.36
2022-06-20,26.66,27.14,27.54,26.65
2022-06-21,27.15,27.99,28.47,26.6
2022-06-22,27.97,27.66,28.23,27.22
2022-06-23,27.64,28.84,29.1,27.49
2022-06-24,28.91,30.05,30.92,28.61
2022-06-27,30.06,30.11,30.2,29.15
2022-06-28,29.89,29.94,30.8,29.4
2022-06-29,29.67,28.71,30.0,28.45
2022-06-30,28.81,29.85,30.11,28.81
2022-07-01,30.0,30.41,31.17,29.52
2022-07-04,30.58,31.35,31.85,29.95
2022-07-05,32.1,31.09,32.1,30.78
2022-07-06,31.27,31.11,31.58,30.55
2022-07-07,31.45,33.0,33.0,31.14
2022-07-08,32.65,30.49,33.0,30.46
2022-07-11,30.41,31.1,31.62,30.0
2022-07-12,31.1,29.72,31.1,29.22
2022-07-13,29.18,29.8,30.53,29.18
2022-07-14,29.8,29.97,30.43,29.5
2022-07-15,30.3,30.26,31.28,29.74
2022-07-18,30.07,29.05,30.49,28.8
2022-07-19,29.08,29.22,29.7,28.91
2022-07-20,29.22,30.11,30.13,29.08
2022-07-21,30.0,29.08,30.01,29.01
2022-07-22,29.22,29.25,29.99,28.98
2022-07-25,29.3,28.64,29.44,28.3
2022-07-26,28.54,29.15,29.15,28.18
2022-07-27,29.15,30.88,31.2,28.8
2022-07-28,31.28,31.76,32.79,30.24
2022-07-29,31.81,30.8,32.0,30.5
2022-08-01,31.03,30.57,31.5,29.96
2022-08-02,30.2,29.13,30.29,28.85
2022-08-03,29.41,29.32,30.89,29.19
2022-08-04,29.35,29.47,30.1,29.07
2022-08-05,29.12,28.26,29.33,27.62
2022-08-08,28.19,29.9,29.96,27.8
2022-08-09,29.8,28.93,30.19,28.82
2022-08-10,28.93,31.82,31.82,28.17
2022-08-11,32.32,33.24,34.48,32.0
2022-08-12,33.59,33.15,33.89,32.51
2022-08-15,33.3,34.15,35.09,32.88
2022-08-16,34.48,33.91,34.95,33.6
2022-08-17,33.95,33.33,34.2,33.3
2022-08-18,33.33,36.66,36.66,33.23
2022-08-19,37.68,35.43,38.5,34.32
2022-08-22,35.07,34.01,35.53,33.86
2022-08-23,34.13,34.34,34.93,33.72
2022-08-24,34.37,31.77,34.59,31.65
2022-08-25,31.84,31.48,32.12,30.7
2022-08-26,31.59,31.27,32.95,30.56
2022-08-29,30.9,31.48,31.76,30.46
2022-08-30,31.77,30.66,31.77,30.52
2022-08-31,30.51,28.8,30.78,28.51
2022-09-01,28.98,28.43,29.21,27.86
2022-09-02,28.62,28.76,29.01,28.27
2022-09-05,28.94,28.73,29.94,28.53
2022-09-06,28.9,30.56,30.59,28.51
2022-09-07,30.65,30.4,30.93,30.24
2022-09-08,30.58,30.13,31.14,30.03
2022-09-09,30.11,29.11,30.44,28.93
2022-09-13,29.2,29.61,30.08,29.02
2022-09-14,29.26,29.15,29.79,28.78
2022-09-15,29.52,27.71,29.52,27.0
2022-09-16,27.51,26.95,27.67,26.71
2022-09-19,27.01,27.06,27.16,26.16
2022-09-20,27.24,27.55,27.72,26.78
2022-09-21,27.43,27.45,27.88,27.06
2022-09-22,27.28,27.81,28.4,27.1
2022-09-23,27.99,27.37,28.15,26.88
2022-09-26,27.03,27.79,28.05,26.81
2022-09-27,28.35,28.15,28.4,27.4
2022-09-28,28.13,27.24,28.13,27.03
2022-09-29,27.48,27.02,27.48,26.86
2022-09-30,27.02,25.81,27.12,25.81
2022-10-10,25.91,26.1,26.79,25.56
2022-10-11,25.99,25.76,26.47,25.45
2022-10-12,25.88,26.25,26.25,24.77
2022-10-13,26.54,27.0,27.3,25.89
2022-10-14,27.25,28.42,28.42,26.72
2022-10-17,28.05,28.41,28.56,27.69
2022-10-18,28.47,28.48,29.08,28.2
2022-10-19,28.31,28.25,28.69,28.2
2022-10-20,28.11,28.21,28.48,27.7
2022-10-21,28.27,28.83,29.2,28.21
2022-10-24,29.16,28.34,29.33,28.15
2022-10-25,28.15,28.71,28.96,27.8
2022-10-26,29.08,29.19,29.56,28.71
2022-10-27,29.25,28.29,29.56,28.25
2022-10-28,28.4,26.72,28.4,26.62
2022-10-31,26.54,27.39,27.74,26.54
2022-11-01,27.52,28.58,28.66,27.06
2022-11-02,28.6,28.95,29.35,28.25
2022-11-03,28.85,29.54,29.75,28.66
2022-11-04,29.55,29.75,30.34,29.41
2022-11-07,30.0,29.55,30.0,29.06
2022-11-08,29.55,28.84,29.61,28.5
2022-11-09,28.85,28.88,29.17,28.45
2022-11-10,28.4,27.91,28.76,27.9
2022-11-11,28.5,29.62,29.62,28.47
2022-11-14,30.45,28.59,30.45,28.51
2022-11-15,28.8,29.35,29.45,28.15
2022-11-16,29.3,29.38,29.67,29.02
2022-11-17,29.29,29.03,29.29,28.65
2022-11-18,29.05,28.85,29.35,28.62
2022-11-21,28.76,29.09,29.15,28.29
2022-11-22,29.1,28.52,29.15,28.32
2022-11-23,28.36,28.09,28.55,27.02
2022-11-24,28.17,29.02,29.18,28.17
2022-11-25,29.02,27.67,29.05,27.61
2022-11-28,27.03,27.2,27.79,27.0
2022-11-29,27.39,27.65,27.9,27.05
2022-11-30,27.75,27.33,27.75,27.18
2022-12-01,27.57,27.59,27.85,27.35
2022-12-02,27.5,27.57,27.83,27.3
2022-12-05,27.59,27.54,27.78,27.27
2022-12-06,27.56,26.86,27.56,26.75
2022-12-07,26.68,26.97,27.28,26.68
2022-12-08,26.97,26.83,27.2,26.63
2022-12-09,26.96,26.73,27.1,26.71
2022-12-12,26.98,26.46,26.98,26.1
2022-12-13,26.4,26.08,26.51,26.02
2022-12-14,26.07,25.87,26.28,25.82
2022-12-15,25.8,26.6,26.62,25.72
2022-12-16,26.58,25.95,26.6,25.86
2022-12-19,25.95,25.3,26.04,25.2
2022-12-20,25.31,25.49,25.55,25.05
2022-12-21,25.41,24.91,25.41,24.68
2022-12-22,25.12,24.27,25.12,24.12
2022-12-23,24.19,24.39,24.5,24.12
2022-12-26,24.39,24.82,24.96,24.35
2022-12-27,24.84,24.91,25.06,24.5
2022-12-28,25.06,24.44,25.06,24.4
2022-12-29,24.57,24.55,24.81,24.17
2022-12-30,24.54,24.81,25.08,24.54
2023-01-03,24.79,25.5,25.54,24.3
2023-01-04,25.48,25.2,25.57,25.06
2023-01-05,25.3,26.05,26.2,25.18
2023-01-06,26.05,26.4,26.52,25.83
2023-01-09,26.4,27.0,27.02,26.01
2023-01-10,27.0,26.86,27.0,26.54
2023-01-11,27.03,26.44,27.03,26.29
2023-01-12,26.38,26.54,26.88,26.36
2023-01-13,26.54,26.41,26.81,26.3
2023-01-16,26.3,26.9,27.0,26.3
2023-01-17,26.98,26.97,27.07,26.66
2023-01-18,27.0,27.17,27.36,26.75
2023-01-19,27.14,27.24,27.35,26.92
2023-01-20,27.49,27.19,27.64,26.92
2023-01-30,27.39,27.78,27.95,27.32
2023-01-31,27.89,28.05,28.17,27.46
2023-02-01,28.05,28.19,28.38,27.83
2023-02-02,28.19,28.0,28.35,27.9
2023-02-03,27.86,27.78,28.2,27.52
2023-02-06,27.7,28.32,28.58,27.5
2023-02-07,28.14,29.19,29.55,28.14
2023-02-08,29.26,28.78,29.4,28.65
2023-02-09,28.78,28.9,28.98,28.53
2023-02-10,28.82,28.72,28.96,28.54
2023-02-13,28.61,28.83,29.01,28.46
2023-02-14,28.83,28.72,29.0,28.53
2023-02-15,28.77,28.9,28.99,28.61
2023-02-16,28.77,27.67,28.9,27.5
2023-02-17,27.67,27.62,28.14,27.53
2023-02-20,27.35,27.73,27.78,27.1
2023-02-21,27.73,27.85,28.23,27.5
2023-02-22,27.7,27.93,28.42,27.5
2023-02-23,28.15,27.68,28.19,27.6
2023-02-24,27.67,27.27,27.88,27.25
2023-02-27,27.6,27.39,28.0,27.07
2023-02-28,27.32,26.95,27.55,26.6
2023-03-01,27.03,26.83,27.03,26.3
2023-03-02,26.88,26.65,27.05,26.6
2023-03-03,26.65,26.68,26.92,26.45
2023-03-06,26.7,26.48,26.84,26.4
2023-03-07,26.61,26.13,26.61,26.1
2023-03-08,26.07,26.17,26.3,26.06
2023-03-09,26.27,27.05,27.15,25.9
2023-03-10,26.85,27.01,27.3,26.49
2023-03-13,26.85,27.42,27.43,26.62
2023-03-14,27.61,26.74,27.63,26.61
2023-03-15,26.65,26.8,27.07,26.65
2023-03-16,26.84,25.99,26.84,25.97
2023-03-17,26.06,25.64,26.36,25.61
2023-03-20,25.8,26.13,26.15,25.16
2023-03-21,26.3,26.26,26.3,25.91
2023-03-22,26.26,26.33,26.48,26.15
2023-03-23,26.4,25.73,26.4,25.68
2023-03-24,25.79,25.7,25.99,25.63
2023-03-27,25.69,25.85,25.85,25.42
2023-03-28,25.81,25.2,25.81,24.97
2023-03-29,25.18,25.05,25.51,24.94
2023-03-30,25.11,25.12,25.15,24.83
2023-03-31,25.1,25.61,25.65,25.1
2023-04-03,25.55,26.02,26.26,25.55
2023-04-04,26.04,25.55,26.04,25.41
2023-04-06,25.55,25.25,25.55,25.17
2023-04-07,25.35,25.75,25.85,25.2
2023-04-10,25.86,25.7,25.98,25.52
2023-04-11,25.7,25.72,25.75,25.43
2023-04-12,25.72,25.81,25.92,25.61
2023-04-13,25.81,25.26,25.81,25.07
2023-04-14,25.4,25.22,25.4,25.11
2023-04-17,25.05,25.23,25.56,25.04
2023-04-18,25.29,25.1,25.3,25.0
2023-04-19,24.94,24.66,25.17,24.66
2023-04-20,24.84,26.14,26.4,24.23
2023-04-21,26.02,24.83,26.2,24.7
2023-04-24,24.7,23.6,24.82,23.5
2023-04-25,23.66,23.21,23.94,22.9
2023-04-26,23.07,24.02,24.35,23.0
2023-04-27,24.06,23.8,24.08,23.68
2023-04-28,23.8,24.23,24.24,23.8
2023-05-04,24.1,23.69,24.34,23.65
2023-05-05,23.68,23.24,23.86,23.18
2023-05-08,23.24,23.33,23.51,23.24
2023-05-09,23.33,22.35,23.41,22.35
2023-05-10,22.3,22.65,23.15,22.3
2023-05-11,22.8,22.9,23.0,22.61
2023-05-12,22.9,22.66,23.0,22.53
2023-05-15,22.66,23.25,23.29,22.44
2023-05-16,23.25,23.51,23.63,22.85
2023-05-17,22.81,23.26,23.26,22.81
2023-05-18,23.26,23.82,24.6,23.26
2023-05-19,23.85,23.96,24.1,23.53
2023-05-22,23.91,24.19,24.28,23.63
2023-05-23,23.67,24.23,25.0,23.67
2023-05-24,24.2,24.64,24.86,23.87
2023-05-25,24.66,24.81,24.91,24.4
2023-05-26,24.72,25.24,25.45,24.64
2023-05-29,25.24,24.97,25.36,24.81
2023-05-30,25.07,24.95,25.15,24.5
2023-05-31,24.92,24.6,25.05,24.5
2023-06-01,24.51,24.57,24.85,24.38
2023-06-02,24.83,24.49,24.83,24.3
2023-06-05,24.49,24.45,24.66,24.14
2023-06-06,24.5,23.59,24.58,23.53
2023-06-07,23.58,23.55,23.88,23.36
2023-06-08,23.69,23.2,23.69,23.07
2023-06-09,23.37,23.24,23.47,23.02
2023-06-12,23.3,23.56,23.68,22.99
2023-06-13,23.67,23.61,23.89,23.49
2023-06-14,23.66,23.3,23.78,23.29
2023-06-15,23.3,24.67,24.68,23.23
2023-06-16,24.58,25.33,25.42,24.58
2023-06-19,25.33,25.13,25.5,25.05
2023-06-20,25.13,26.81,27.17,25.13
2023-06-21,26.6,26.28,27.14,26.23
2023-06-26,26.2,25.82,26.33,25.7
2023-06-27,25.92,26.25,26.32,25.51
2023-06-28,26.24,26.15,26.5,25.5
2023-06-29,26.11,28.36,28.77,25.99
2023-06-30,27.61,27.06,27.61,26.61
2023-07-03,27.16,26.78,27.3,26.62
2023-07-04,26.64,27.15,27.7,26.64
2023-07-05,26.88,26.92,27.38,26.81
2023-07-06,26.82,26.9,27.15,26.69
2023-07-07,26.75,26.36,26.83,26.25
2023-07-10,26.41,26.2,26.59,26.12
2023-07-11,26.18,26.49,26.57,26.04
2023-07-12,26.57,26.72,27.38,26.2
2023-07-13,26.75,26.75,27.1,26.51
2023-07-14,26.75,26.07,26.8,25.96
2023-07-17,26.06,26.44,26.68,25.89
2023-07-18,26.45,26.23,26.5,26.11
2023-07-19,26.12,25.98,26.39,25.9
2023-07-20,26.08,25.59,26.1,25.53
2023-07-21,25.53,25.43,25.7,25.32
2023-07-24,25.72,26.05,26.45,25.56
2023-07-25,26.13,25.97,26.34,25.82
2023-07-26,25.96,25.79,25.98,25.61
2023-07-27,25.7,25.59,25.91,25.51
2023-07-28,25.48,25.73,25.8,25.27
2023-07-31,25.66,25.46,25.89,25.2
2023-08-01,25.46,25.68,25.77,25.33
2023-08-02,25.65,26.09,26.18,25.49
2023-08-03,25.96,25.41,26.09,25.3
2023-08-04,25.47,25.39,25.63,25.31
2023-08-07,25.26,24.97,25.36,24.8
2023-08-08,25.1,24.9,25.19,24.66
2023-08-09,24.71,24.68,24.97,24.56
2023-08-10,24.95,25.3,25.38,24.77
2023-08-11,25.24,24.44,25.36,24.42
2023-08-14,22.0,23.73,23.84,22.0
2023-08-15,23.7,23.37,23.88,23.07
2023-08-16,23.37,22.72,23.39,22.71
2023-08-17,22.74,24.32,24.38,22.63
2023-08-18,24.28,23.23,24.28,23.23
2023-08-21,23.19,23.03,23.43,22.96
2023-08-22,22.97,22.73,23.09,22.18
2023-08-23,22.89,22.34,22.89,22.34
2023-08-24,22.56,22.36,22.63,22.05
2023-08-25,22.29,21.62,22.4,21.53
2023-08-28,22.87,21.49,22.87,21.26
2023-08-29,21.36,22.7,22.93,21.36
2023-08-30,22.7,22.88,23.38,22.65
2023-08-31,22.76,22.85,23.18,22.6
2023-09-01,22.85,22.58,23.01,22.31
2023-09-04,22.63,22.82,22.82,22.41
2023-09-05,22.7,22.87,23.26,22.7
2023-09-06,22.85,23.04,23.1,22.7
2023-09-07,23.03,22.5,23.12,22.49
2023-09-08,22.61,22.75,23.0,22.37
2023-09-11,22.62,22.59,22.82,22.01
2023-09-12,22.65,22.54,22.75,22.45
2023-09-13,22.55,22.17,22.66,22.05
2023-09-14,22.26,21.91,22.49,21.91
2023-09-15,21.91,22.16,22.28,21.62
2023-09-18,21.62,22.12,22.35,21.44
2023-09-19,21.99,21.76,22.17,21.55
2023-09-20,21.71,21.57,22.0,21.53
2023-09-21,21.57,21.57,21.69,21.46
2023-09-22,21.44,22.08,22.11,21.36
2023-09-25,22.08,22.1,22.31,21.91
2023-09-26,22.19,21.9,22.33,21.84
2023-09-27,21.94,22.36,22.54,21.84
2023-09-28,22.52,22.45,22.57,22.3
2023-10-09,22.45,22.45,22.7,22.23
2023-10-10,22.46,22.41,22.54,22.18
2023-10-11,22.3,22.46,22.66,22.08
2023-10-12,22.37,22.46,22.56,22.17
2023-10-13,22.5,22.16,22.5,22.03
2023-10-16,22.23,21.01,22.24,20.65
2023-10-17,21.11,20.81,21.11,20.59
2023-10-18,20.86,20.4,20.92,20.37
2023-10-19,20.29,20.08,20.53,20.0
2023-10-20,19.98,20.13,20.48,19.92
2023-10-23,20.16,19.61,20.21,19.51
2023-10-24,19.66,20.03,20.04,19.5
2023-10-25,20.15,20.28,20.46,20.04
2023-10-26,20.28,20.37,20.42,19.96
2023-10-27,20.33,21.02,21.13,20.17
2023-10-30,20.8,21.24,21.33,20.8
2023-10-31,21.14,20.65,21.32,20.51
2023-11-01,20.78,20.72,20.95,20.44
2023-11-02,20.76,20.51,20.91,20.51
2023-11-03,20.52,21.19,21.33,20.52
2023-11-06,21.34,21.6,21.63,21.21
2023-11-07,21.66,21.6,21.66,21.28
2023-11-08,21.58,21.48,21.7,21.32
2023-11-09,21.41,21.37,21.53,21.26
2023-11-10,21.3,21.38,21.47,21.09
2023-11-13,21.38,21.54,21.59,21.11
2023-11-14,21.62,21.65,21.67,21.45
2023-11-15,21.79,21.77,21.86,21.56
2023-11-16,21.67,21.41,21.77,21.41
2023-11-17,21.41,21.73,21.78,21.17
2023-11-20,21.84,22.91,23.09,21.79
2023-11-21,22.77,22.14,22.9,22.07
2023-11-22,22.02,21.58,22.18,21.58
2023-11-23,21.44,21.86,21.91,21.41
2023-11-24,21.71,21.55,21.9,21.54
2023-11-27,21.51,21.56,21.73,21.26
2023-11-28,21.49,21.82,21.88,21.37
2023-11-29,21.83,22.05,22.23,21.83
2023-11-30,21.95,21.72,22.14,21.51
2023-12-01,21.72,21.58,21.92,21.31
2023-12-04,21.59,21.5,21.61,21.39
2023-12-05,21.48,21.13,21.51,21.0
2023-12-06,21.14,21.25,21.58,21.14
2023-12-07,21.4,21.24,21.45,20.99
2023-12-08,21.5,21.03,21.52,21.03
2023-12-11,21.0,21.27,21.33,20.72
2023-12-12,21.3,21.04,21.34,20.93
2023-12-13,21.05,21.12,21.46,20.77
2023-12-14,21.13,20.93,21.25,20.93
2023-12-15,20.96,20.89,21.08,20.81
2023-12-18,20.63,20.72,20.95,20.63
2023-12-19,20.65,20.89,20.95,20.5
2023-12-20,20.88,20.86,21.1,20.73
2023-12-21,20.92,21.06,21.18,20.32
2023-12-22,21.06,20.71,21.17,20.61
2023-12-25,20.71,20.89,20.97,20.6
2023-12-26,20.88,20.55,20.89,20.46
2023-12-27,20.55,20.4,20.57,20.21
2023-12-28,20.43,21.42,21.47,20.36
2023-12-29,21.36,21.75,21.81,21.19
2024-01-02,21.78,21.8,21.88,21.67
2024-01-03,21.74,21.69,21.8,21.45
2024-01-04,21.68,21.45,21.68,21.35
2024-01-05,21.44,21.16,21.74,21.1
2024-01-08,21.29,20.82,21.29,20.81
2024-01-09,20.85,22.1,22.1,20.78
2024-01-10,22.18,22.25,23.08,21.8
2024-01-11,22.0,22.72,23.07,21.87
2024-01-12,22.71,22.33,22.78,22.26
2024-01-15,22.33,22.15,22.48,21.91
2024-01-16,21.99,21.91,22.26,21.68
2024-01-17,21.83,21.56,22.41,21.55
2024-01-18,21.24,21.17,21.67,20.56
2024-01-19,21.19,20.86,21.48,20.82
2024-01-22,20.89,19.4,20.93,19.17
2024-01-23,19.32,18.66,19.5,18.47
2024-01-24,18.66,18.58,18.8,17.75
2024-01-25,18.73,19.36,19.43,18.36
2024-01-26,19.36,19.04,19.65,19.01
2024-01-29,19.05,18.64,19.2,18.53
2024-01-30,18.16,18.07,18.54,17.8
2024-01-31,17.7,17.0,18.2,17.0
2024-02-01,16.7,17.1,17.49,16.16
2024-02-02,16.9,18.0,18.49,16.77
2024-02-05,17.9,16.75,17.9,16.2
2024-02-06,16.75,17.89,18.2,15.87
2024-02-07,17.82,18.17,18.6,17.61
2024-02-08,18.5,19.1,19.19,17.69
2024-02-19,19.0,18.88,19.11,18.5
2024-02-20,18.85,18.84,18.96,18.5
2024-02-21,18.76,18.93,19.35,18.66
2024-02-22,18.82,18.98,19.27,18.71
2024-02-23,18.98,19.42,19.44,18.75
2024-02-26,19.79,20.13,20.44,19.78
2024-02-27,19.9,21.33,21.55,19.66
2024-02-28,21.0,19.74,21.19,19.74
2024-02-29,19.5,20.24,20.3,19.4
2024-03-01,20.19,21.05,22.26,20.08
2024-03-04,21.04,21.55,22.05,20.38
2024-03-05,21.31,21.11,21.51,21.03
2024-03-06,21.05,21.6,21.94,20.95
2024-03-07,21.94,21.48,21.94,21.18
2024-03-08,21.26,21.32,21.54,20.92
2024-03-11,21.3,21.0,21.3,20.6
2024-03-12,20.95,20.8,21.13,20.62
2024-03-13,20.8,21.38,21.48,20.75
2024-03-14,21.37,21.69,21.78,21.08
2024-03-15,21.5,21.57,21.68,21.41
2024-03-18,21.82,22.09,22.14,21.38
2024-03-19,22.09,21.5,22.09,21.4
2024-03-20,21.38,21.4,21.57,21.0
2024-03-21,21.61,21.47,22.1,21.37
2024-03-22,21.48,21.23,21.68,21.1
2024-03-25,21.04,21.7,22.69,21.03
2024-03-26,21.3,21.08,21.53,20.9
2024-03-27,21.06,20.51,21.57,20.5
2024-03-28,20.5,21.0,21.34,20.34
2024-03-29,20.86,21.27,21.43,20.86
2024-04-01,21.51,23.4,23.4,21.51
2024-04-02,24.07,24.39,25.13,23.66
2024-04-03,23.98,23.04,24.17,22.87
2024-04-08,22.87,22.99,23.73,22.86
2024-04-09,22.7,23.46,23.58,22.7
2024-04-10,23.39,22.28,23.39,22.07
2024-04-11,22.01,22.2,22.51,22.0
2024-04-12,22.15,21.8,22.22,21.72
2024-04-15,21.58,22.15,22.82,21.21
2024-04-16,22.18,20.56,22.18,20.5
2024-04-17,20.79,22.28,22.28,20.78
2024-04-18,22.28,22.78,23.09,21.82
2024-04-19,22.44,21.85,22.64,21.6
2024-04-22,21.85,21.45,21.99,21.0
2024-04-23,21.39,21.71,22.07,21.34
2024-04-24,21.67,21.33,21.88,21.02
2024-04-25,21.5,21.62,22.1,21.17
2024-04-26,21.5,21.07,21.58,20.73
2024-04-29,20.99,21.81,21.99,20.98
2024-04-30,21.95,22.16,22.52,21.86
2024-05-06,22.56,23.13,23.48,22.5
2024-05-07,23.12,23.27,23.78,22.9
2024-05-08,23.54,22.82,23.54,22.6
2024-05-09,22.81,23.09,23.41,22.69
2024-05-10,23.09,23.04,23.25,22.56
2024-05-13,22.81,23.32,23.55,22.71
2024-05-14,23.31,23.38,23.64,23.11
2024-05-15,23.2,22.88,23.46,22.88
2024-05-16,22.86,22.5,22.97,22.4
2024-05-17,22.57,22.41,22.66,22.19
2024-05-20,22.41,22.45,22.59,22.23
2024-05-21,22.33,22.26,22.66,22.0
2024-05-22,22.3,22.13,22.48,21.99
2024-05-23,22.66,21.66,22.88,21.65
2024-05-24,21.55,21.61,21.95,21.53
2024-05-27,21.63,21.94,21.99,21.57
2024-05-28,21.9,22.35,22.8,21.79
2024-05-29,22.4,22.38,22.62,22.13
2024-05-30,22.32,22.54,22.63,22.18
2024-05-31,22.67,22.67,22.78,22.24
2024-06-03,22.85,21.98,22.89,21.7
2024-06-04,21.82,21.81,21.96,21.25
2024-06-05,21.81,20.9,21.82,20.83
2024-06-06,20.9,20.25,21.35,20.13
2024-06-07,20.51,20.53,20.95,20.0
2024-06-11,20.52,20.77,20.96,20.04
2024-06-12,20.8,21.15,21.41,20.76
2024-06-13,20.79,20.97,21.2,20.78
2024-06-14,21.27,21.0,21.27,20.76
2024-06-17,21.01,20.96,21.16,20.6
2024-06-18,20.97,21.11,21.15,20.83
2024-06-19,21.28,20.6,21.28,20.4
2024-06-20,20.58,19.92,20.63,19.84
2024-06-21,19.96,19.5,20.26,19.25
2024-06-24,19.3,18.73,19.3,18.63
2024-06-25,18.84,18.92,19.24,18.7
2024-06-26,18.64,19.18,19.19,18.64
2024-06-27,19.29,18.8,19.34,18.78
2024-06-28,18.8,18.96,19.2,18.8
2024-07-01,18.96,19.27,19.32,18.67
2024-07-02,19.27,19.15,19.4,19.12
2024-07-03,19.09,18.49,19.12,18.47
2024-07-04,18.42,18.2,18.69,18.14
2024-07-05,18.49,18.21,18.49,17.8
2024-07-08,18.12,17.71,18.28,17.6
2024-07-09,17.7,18.68,18.8,17.7
2024-07-10,18.67,17.95,18.68,17.9
2024-07-11,18.38,18.68,18.76,18.23
2024-07-12,18.67,18.4,18.7,18.34
2024-07-15,18.28,18.04,18.65,17.95
2024-07-16,18.17,17.92,18.22,17.61
2024-07-17,17.89,17.58,17.89,17.42
2024-07-18,17.58,17.62,17.78,17.27
2024-07-19,17.62,17.78,17.93,17.4
2024-07-22,17.78,17.98,18.04,17.71
2024-07-23,18.17,17.57,18.17,17.53
2024-07-24,17.56,17.26,17.56,17.14
2024-07-25,18.89,17.73,18.89,17.0
2024-07-26,17.73,18.08,18.3,17.57
2024-07-29,18.2,17.86,18.2,17.7
2024-07-30,17.69,17.53,17.77,17.25
2024-07-31,17.48,18.17,18.18,17.33
2024-08-01,18.2,18.11,18.38,18.01
2024-08-02,18.08,17.87,18.23,17.82
2024-08-05,17.84,17.34,17.98,17.33
2024-08-06,17.82,17.93,17.94,17.46
2024-08-07,17.93,18.16,18.21,17.9
2024-08-08,18.06,18.19,18.24,17.72
2024-08-09,18.39,17.72,18.46,17.68
2024-08-12,17.78,17.7,17.93,17.66
2024-08-13,17.71,17.76,17.81,17.45
2024-08-14,17.82,17.9,18.04,17.73
2024-08-15,17.89,17.9,18.09,17.68
2024-08-16,17.81,17.68,18.07,17.65
2024-08-19,17.54,17.52,17.83,17.5
2024-08-20,17.62,17.23,17.65,17.1
2024-08-21,17.03,17.09,17.34,17.03
2024-08-22,17.08,16.78,17.21,16.77
2024-08-23,16.75,16.78,16.92,16.51
2024-08-26,16.67,16.73,17.07,16.51
2024-08-27,17.0,16.41,17.0,16.39
2024-08-28,16.4,16.62,16.75,16.32
2024-08-29,16.76,17.2,17.25,16.53
2024-08-30,17.3,17.53,17.77,17.05
2024-09-02,17.54,17.31,17.67,17.31
2024-09-03,17.35,18.08,18.2,17.26
2024-09-04,18.0,18.5,18.75,17.8
2024-09-05,18.38,19.35,19.53,18.35
2024-09-06,19.23,19.25,19.63,19.0
2024-09-09,19.17,19.38,19.57,19.05
2024-09-10,19.54,20.54,20.82,19.2
2024-09-11,20.5,20.69,20.73,20.12
2024-09-12,20.69,20.68,21.02,20.43
2024-09-13,20.68,19.2,21.28,18.62
2024-09-18,18.85,18.25,18.85,17.94
2024-09-19,18.26,18.5,18.79,18.13
2024-09-20,18.42,18.28,18.74,18.21
2024-09-23,18.28,18.01,18.5,17.91
2024-09-24,17.92,18.39,18.4,17.68
2024-09-25,18.49,18.17,18.8,18.1
2024-09-26,18.05,18.75,18.75,18.0
2024-09-27,19.08,19.98,20.2,18.97
2024-09-30,20.6,21.45,21.62,20.05
2024-10-08,23.5,22.55,23.6,21.43
2024-10-09,22.21,20.82,22.21,20.82
2024-10-10,21.0,20.98,21.53,20.61
2024-10-11,20.98,19.94,20.98,19.7
2024-10-14,19.99,20.54,20.54,19.73
2024-10-15,20.48,20.24,20.63,20.23
2024-10-16,20.0,20.15,20.37,19.81
2024-10-17,20.2,20.0,20.5,19.99
2024-10-18,20.0,20.49,20.75,19.95
2024-10-21,20.61,20.58,20.88,20.26
2024-10-22,20.48,21.1,21.24,20.41
2024-10-23,21.14,21.05,21.32,20.93
2024-10-24,20.86,20.87,21.16,20.75
2024-10-25,20.87,21.26,21.34,20.87
2024-10-28,21.21,21.31,21.37,21.01
2024-10-29,21.6,21.27,21.85,21.24
2024-10-30,21.25,21.35,21.72,21.06
2024-10-31,21.49,21.33,21.5,21.11
2024-11-01,21.34,20.92,21.48,20.79
2024-11-04,21.12,21.95,21.95,21.08
2024-11-05,22.12,22.88,23.04,22.12
2024-11-06,22.91,22.59,23.09,22.41
2024-11-07,22.38,22.85,22.95,22.31
2024-11-08,22.98,22.79,23.09,22.63
2024-11-11,22.79,23.33,23.38,22.58
2024-11-12,23.33,22.99,23.7,22.71
2024-11-13,22.96,23.35,23.35,22.65
2024-11-14,23.3,22.76,23.64,22.76
2024-11-15,22.83,22.39,23.14,22.1
2024-11-18,22.53,22.05,22.91,21.94
2024-11-19,22.35,23.15,23.15,22.17
2024-11-20,23.15,23.47,23.62,22.9
2024-11-21,23.5,23.43,23.8,23.18
2024-11-22,23.43,22.36,23.83,22.35
2024-11-25,22.35,22.8,22.86,22.35
2024-11-26,22.65,22.34,22.92,22.3
2024-11-27,22.55,23.63,23.63,21.98
2024-11-28,23.74,23.5,24.0,23.41
2024-11-29,23.49,24.36,24.69,23.45
2024-12-02,24.51,25.09,25.54,24.31
2024-12-03,25.78,25.0,25.78,24.73
2024-12-04,24.98,24.99,25.35,24.58
2024-12-05,24.75,25.5,25.88,24.75
2024-12-06,25.5,25.53,25.68,24.98
2024-12-09,25.4,25.79,26.2,25.23
2024-12-10,26.5,26.59,27.33,26.05
2024-12-11,26.39,26.33,26.62,25.92
2024-12-12,26.26,25.98,26.49,25.77
2024-12-13,25.72,25.85,26.34,25.72
2024-12-16,25.86,25.58,26.06,25.37
2024-12-17,25.57,24.93,25.75,24.75
2024-12-18,25.0,25.1,25.3,24.72
2024-12-19,24.9,25.35,25.54,24.3
2024-12-20,25.36,25.45,25.61,25.25
2024-12-23,25.28,24.35,25.4,24.2
2024-12-24,24.6,24.81,25.0,24.16
2024-12-25,24.69,24.75,25.57,24.55
2024-12-26,24.62,24.98,25.34,24.52
2024-12-27,25.0,25.4,25.8,24.99
2024-12-30,25.4,25.15,26.63,24.95
2024-12-31,25.15,24.46,25.4,24.4
2025-01-02,24.38,23.85,24.78,23.58
2025-01-03,23.88,22.93,24.22,22.8
2025-01-06,22.86,22.78,23.28,22.34
2025-01-07,22.8,23.45,23.45,22.8
2025-01-08,23.33,23.8,24.0,22.7
2025-01-09,23.6,23.71,24.02,23.45
2025-01-10,23.69,23.87,24.88,23.53
2025-01-13,23.45,23.03,23.75,22.82
2025-01-14,23.12,24.53,24.56,22.96
2025-01-15,24.48,24.49,24.78,24.36
2025-01-16,24.6,24.3,24.98,24.08
2025-01-17,24.33,25.06,25.45,24.2
2025-01-20,24.96,24.85,25.45,24.78
2025-01-21,25.12,25.29,25.36,24.81
2025-01-22,25.3,26.01,26.46,25.11
2025-01-23,26.08,26.11,26.5,25.83
2025-01-24,26.04,26.73,26.88,25.85
2025-01-27,26.73,26.74,27.09,26.32
2025-02-05,26.82,27.99,28.2,26.7
2025-02-06,27.8,28.99,29.15,27.41
2025-02-07,28.78,29.89,29.95,28.07
2025-02-10,29.5,31.75,31.97,29.42
2025-02-11,31.32,30.45,31.32,30.22
2025-02-12,30.23,30.28,30.88,30.2
2025-02-13,30.14,29.4,31.05,29.32
2025-02-14,29.17,29.17,29.68,28.71
2025-02-17,29.0,29.32,29.42,28.77
2025-02-18,29.31,28.5,29.6,28.37
2025-02-19,28.48,30.24,30.43,28.36
2025-02-20,30.5,33.26,33.26,30.0
2025-02-21,32.93,35.17,36.0,32.44
2025-02-24,33.98,33.73,35.0,33.01
2025-02-25,33.2,33.88,34.82,32.7
2025-02-26,33.61,35.17,37.27,33.61
2025-02-27,35.56,35.37,37.17,34.15
2025-02-28,35.0,32.64,35.0,32.51
2025-03-03,32.63,31.71,32.8,31.42
2025-03-04,31.49,32.74,33.59,31.28
2025-03-05,32.5,36.01,36.01,32.38
2025-03-06,36.03,37.18,38.6,35.89
2025-03-07,36.58,36.9,37.6,36.42
2025-03-10,37.18,35.95,37.43,35.7
2025-03-11,34.87,35.28,35.68,34.03
2025-03-12,35.2,35.8,36.25,34.68
2025-03-13,35.7,32.61,35.95,32.22
2025-03-14,32.24,33.4,33.73,31.72
2025-03-17,33.18,35.9,36.44,33.05
2025-03-18,35.51,36.05,36.34,35.3
2025-03-19,35.8,35.7,36.43,35.07
2025-03-20,35.7,39.27,39.27,34.53
2025-03-21,39.66,37.5,41.3,37.2
2025-03-24,37.31,39.15,39.15,36.2
2025-03-25,38.76,36.74,39.75,36.74
2025-03-26,36.66,40.41,40.41,36.31
2025-03-27,41.49,40.35,43.77,40.12
2025-03-28,39.99,38.85,41.47,38.82
2025-03-31,38.45,40.79,41.12,36.48
2025-04-01,40.68,38.18,40.86,38.0
2025-04-02,37.81,39.27,40.33,37.37
2025-04-03,38.66,35.34,39.03,35.34
2025-04-07,31.81,31.81,31.81,31.81
2025-04-08,28.63,28.63,30.02,28.63
2025-04-09,26.75,28.07,28.62,25.77
2025-04-10,29.51,29.45,30.82,29.3
2025-04-11,28.83,30.52,31.24,28.83
2025-04-14,31.12,30.58,31.65,30.46
2025-04-15,30.6,30.77,31.35,30.02
2025-04-16,30.5,29.54,30.54,29.1
2025-04-17,29.3,28.78,29.88,28.75
2025-04-18,28.71,29.11,29.6,28.6
2025-04-21,28.97,30.78,31.12,28.82
2025-04-22,30.72,30.1,30.84,30.08
2025-04-23,30.4,31.62,32.08,30.31
2025-04-24,31.5,31.32,31.85,31.0
2025-04-25,31.48,31.58,32.1,30.91
2025-04-28,31.28,30.95,31.56,30.67
2025-04-29,30.96,31.7,31.85,30.48
2025-04-30,31.71,33.04,33.53,31.63
2025-05-06,33.31,34.39,34.52,32.81
2025-05-07,35.0,34.4,35.8,33.91
2025-05-08,34.5,34.93,35.17,34.11
2025-05-09,34.94,33.51,34.95,33.3
2025-05-12,34.01,34.72,34.87,34.01
2025-05-13,35.19,34.43,35.19,34.11
2025-05-14,34.1,33.69,34.6,33.51
2025-05-15,33.7,32.94,33.7,32.51
2025-05-16,32.65,33.82,34.06,32.65
2025-05-19,34.38,36.17,36.6,34.08
2025-05-20,36.69,37.24,38.59,36.23
2025-05-21,37.24,35.76,37.24,35.2
2025-05-22,35.76,34.9,36.08,34.88
2025-05-23,35.05,34.05,35.53,33.91
2025-05-26,32.49,32.03,32.84,31.65
2025-05-27,32.03,31.57,32.03,30.99
2025-05-28,31.26,31.33,31.92,30.95
2025-05-29,31.33,31.33,32.18,31.2
2025-05-30,31.33,30.21,31.34,30.08
2025-06-03,29.9,30.34,30.57,29.9
2025-06-04,30.33,31.24,31.68,30.3
2025-06-05,31.23,31.52,31.58,30.62
2025-06-06,31.41,31.09,31.84,31.0
2025-06-09,31.09,30.87,31.42,30.74
2025-06-10,30.86,30.19,30.99,29.7
2025-06-11,30.29,30.42,30.75,30.13
2025-06-12,30.38,30.15,30.51,30.01
2025-06-13,30.1,29.44,30.18,29.35
2025-06-16,29.35,29.48,29.81,29.3
2025-06-17,29.5,29.05,29.6,28.91
2025-06-18,29.0,29.3,29.38,28.81
2025-06-19,29.15,29.36,29.91,29.15
2025-06-20,29.36,28.86,29.69,28.8
2025-06-23,28.68,29.0,29.04,28.62
2025-06-24,29.06,30.64,30.71,29.06
2025-06-25,30.46,30.96,31.06,30.42
2025-06-26,31.04,31.04,32.08,30.82
2025-06-27,30.92,31.18,31.33,30.73
2025-06-30,31.06,32.37,32.79,31.03
2025-07-01,32.5,35.61,35.61,32.49
2025-07-02,37.0,35.4,37.74,35.38
2025-07-03,35.24,34.38,35.48,33.88
2025-07-04,34.72,33.72,34.84,33.62
2025-07-07,33.42,33.35,33.82,32.71
2025-07-08,33.1,33.85,34.01,33.1
2025-07-09,34.11,33.5,34.59,33.35
2025-07-10,33.31,33.1,33.5,32.76
2025-07-11,33.0,33.3,33.65,32.81
2025-07-14,33.45,34.04,34.28,33.45
2025-07-15,34.08,33.62,34.09,33.27
2025-07-16,33.61,33.78,34.18,33.41
2025-07-17,34.11,34.38,34.47,33.48
2025-07-18,34.3,33.82,34.5,33.75
2025-07-21,33.88,34.55,34.9,33.88
2025-07-22,34.5,34.18,34.54,33.92
2025-07-23,33.98,33.7,34.23,33.6
2025-07-24,33.71,34.05,34.42,33.71
2025-07-25,33.88,33.84,34.52,33.53
2025-07-28,33.9,33.84,34.19,33.64
2025-07-29,33.8,33.61,33.83,33.27
2025-07-30,33.64,33.36,33.98,33.17
2025-07-31,33.1,33.13,33.92,33.0
2025-08-01,33.04,33.22,33.55,33.03
2025-08-04,33.1,34.28,34.29,32.98
2025-08-05,34.48,35.72,36.05,34.4
2025-08-06,35.71,36.44,36.98,35.05
2025-08-07,36.29,35.65,36.38,35.6
2025-08-08,35.38,35.38,35.65,35.2
2025-08-11,35.4,35.71,35.94,35.3
2025-08-12,35.83,35.52,35.95,35.2
2025-08-13,35.5,36.76,37.38,35.27
2025-08-14,36.7,36.12,36.75,35.47
2025-08-15,35.88,37.13,37.2,35.85
2025-08-18,38.0,38.94,39.5,37.8
2025-08-19,39.6,38.58,39.8,38.0
2025-08-20,39.2,40.18,40.6,38.78
2025-08-21,40.19,38.62,40.39,38.46
2025-08-22,38.59,38.53,38.91,38.26
2025-08-25,38.7,38.67,39.48,38.0
2025-08-26,38.68,37.95,38.68,37.8
2025-08-27,38.06,37.1,39.17,37.04
2025-08-28,37.09,36.8,37.34,35.36
2025-08-29,36.82,36.75,37.48,36.53
2025-09-01,36.8,36.4,37.04,36.15
2025-09-02,36.27,36.52,36.69,34.96
2025-09-03,36.52,34.91,36.93,34.91
2025-09-04,35.03,34.31,35.67,33.75
2025-09-05,34.39,35.36,35.39,34.33
2025-09-08,35.36,36.17,36.3,35.36
2025-09-09,36.0,35.71,36.01,35.4
2025-09-10,35.57,35.17,35.79,34.93
2025-09-11,35.28,36.62,36.87,35.03
2025-09-12,36.62,36.9,37.5,36.11
2025-09-15,36.7,36.13,36.98,36.08
2025-09-16,36.0,38.15,38.38,35.97
2025-09-17,38.15,38.95,39.45,37.81
2025-09-18,38.98,38.18,39.39,37.73
2025-09-19,38.08,36.9,38.15,36.66
2025-09-22,36.9,37.1,37.34,36.53
2025-09-23,37.08,36.5,37.32,35.72
2025-09-24,36.23,37.61,37.79,35.84
2025-09-25,37.58,37.26,38.27,37.04
2025-09-26,37.04,36.18,37.09,36.16
2025-09-29,36.18,36.22,36.87,35.87
2025-09-30,36.0,36.17,36.55,35.95
2025-10-09,36.46,36.12,36.72,36.0
2025-10-10,36.12,35.41,36.76,35.26
2025-10-13,34.05,34.21,34.59,33.28
2025-10-14,34.34,33.3,34.6,33.14
2025-10-15,33.31,33.97,34.07,32.95
2025-10-16,33.97,33.55,34.1,33.43
2025-10-17,33.56,32.27,33.68,32.26
2025-10-20,32.75,33.06,33.22,32.6
2025-10-21,33.1,33.27,33.32,32.86
2025-10-22,33.03,33.3,33.83,32.92
2025-10-23,33.15,33.24,33.31,32.67
2025-10-24,33.24,33.9,34.19,33.24
2025-10-27,34.14,34.2,34.55,33.85
2025-10-28,34.28,34.12,34.28,33.7
2025-10-29,34.14,34.49,34.58,33.9
2025-10-30,35.05,36.43,37.38,34.77
2025-10-31,36.22,35.83,36.79,35.74
2025-11-03,35.83,35.81,35.97,35.43
2025-11-04,35.97,34.95,36.0,34.7
2025-11-05,34.39,34.65,34.99,34.09
2025-11-06,34.65,35.22,35.6,34.6
2025-11-07,35.15,34.56,35.3,34.42
2025-11-10,34.56,33.81,34.76,33.62
2025-11-11,33.84,33.73,34.16,33.59
2025-11-12,33.7,33.49,33.99,33.2
2025-11-13,33.32,33.72,34.14,33.0
2025-11-14,33.48,33.54,33.97,33.39
2025-11-17,33.4,33.26,33.72,33.15
2025-11-18,33.26,32.9,33.4,32.84
2025-11-19,32.9,32.48,33.07,32.4
2025-11-20,32.57,32.48,32.85,32.35
2025-11-21,32.26,31.55,32.36,31.25
2025-11-24,31.55,31.99,32.09,31.42
2025-11-25,32.2,32.18,32.59,32.03
2025-11-26,32.19,32.28,32.58,32.06
2025-11-27,32.36,32.2,32.64,32.15
2025-11-28,32.2,32.61,32.61,32.05
2025-12-01,32.7,32.86,32.96,32.6
2025-12-02,32.8,32.0,32.8,31.98
2025-12-03,32.19,31.72,32.24,31.5
2025-12-04,32.07,32.58,33.05,32.07
2025-12-05,32.57,33.25,33.33,32.31
2025-12-08,33.28,33.31,33.42,32.88
2025-12-09,33.05,33.19,33.74,33.03
2025-12-10,33.18,33.8,33.88,32.85
2025-12-11,33.88,33.2,33.89,33.11
2025-12-12,33.39,33.32,33.62,33.12
2025-12-15,33.0,32.69,33.29,32.66
2025-12-16,32.69,31.94,32.69,31.9
2025-12-17,31.92,32.3,32.4,31.48
2025-12-18,32.0,32.03,32.55,31.9
2025-12-19,32.17,32.38,32.72,32.15
2025-12-22,32.45,33.23,33.42,32.34
2025-12-23,33.22,33.25,33.41,32.97
2025-12-24,33.08,33.96,34.08,33.08
2025-12-25,34.14,34.92,35.05,33.86
2025-12-26,34.8,34.54,34.97,34.2
2025-12-29,34.54,34.95,35.28,34.5
2025-12-30,34.8,35.58,36.08,34.71
2025-12-31,35.59,35.41,35.98,35.19
2026-01-05,35.38,35.34,35.51,35.11
2026-01-06,35.32,35.37,35.8,35.26
2026-01-07,35.39,35.33,35.7,35.12
2026-01-08,35.15,35.48,35.66,35.13
2026-01-09,35.48,35.7,35.99,35.39
2026-01-12,36.04,36.06,36.2,35.45
2026-01-13,36.05,36.22,37.05,35.43
2026-01-14,36.3,35.93,36.98,35.65
2026-01-15,35.79,35.92,36.1,35.5
2026-01-16,35.93,36.79,37.06,35.93
2026-01-19,37.1,37.55,37.79,36.8
2026-01-20,37.68,37.7,37.88,37.22
2026-01-21,37.4,37.95,38.05,37.37
2026-01-22,37.95,37.89,38.3,37.61
2026-01-23,37.9,38.4,38.49,37.4
2026-01-26,38.33,37.65,38.74,37.33
2026-01-27,37.45,37.44,37.65,36.0
2026-01-28,37.28,36.81,37.46,36.59
2026-01-29,36.85,35.06,36.99,34.9
2026-01-30,34.97,35.34,35.57,34.3
2026-02-02,35.39,34.6,35.7,34.5
2026-02-03,34.88,35.14,35.19,34.36
2026-02-04,35.15,35.35,35.87,34.8
2026-02-05,35.01,34.55,35.2,34.4
2026-02-06,34.27,34.55,34.99,33.97
2026-02-09,35.01,34.86,35.08,34.55
2026-02-10,34.87,35.0,35.29,34.7
2026-02-11,34.9,35.12,35.22,34.75
2026-02-12,35.2,35.36,35.79,35.02
2026-02-13,35.3,35.26,35.65,35.1
2026-02-24,35.84,34.88,35.88,34.64
2026-02-25,34.92,35.12,35.24,34.8
2026-02-26,35.24,35.59,35.6,34.9
2026-02-27,35.38,35.28,35.5,35.07
2026-03-02,34.78,33.84,35.15,33.78
2026-03-03,33.96,32.62,34.35,32.56
2026-03-04,32.37,32.38,32.86,32.05
2026-03-05,32.98,33.1,33.38,32.85
2026-03-06,33.11,33.64,33.9,33.01
2026-03-09,33.01,33.37,33.45,32.5
2026-03-10,33.65,34.63,34.72,33.65
2026-03-11,34.5,34.92,35.05,34.42
2026-03-12,34.92,35.31,36.41,34.68
2026-03-13,35.29,35.38,36.25,35.01
2026-03-16,35.3,35.68,36.53,35.3
2026-03-17,35.75,33.89,35.79,33.83
2026-03-18,33.95,34.49,34.55,33.8
