version,parameter,value,candidate_count,ann_return_full_mean,ann_return_full_std,ann_return_full_min,ann_return_full_max,sharpe_repo_full_mean,sharpe_repo_full_std,sharpe_repo_full_min,sharpe_repo_full_max,max_dd_full_mean,max_dd_full_std,max_dd_full_min,max_dd_full_max,ann_return_last_8y_mean,ann_return_last_8y_std,ann_return_last_8y_min,ann_return_last_8y_max,ann_return_last_5y_mean,ann_return_last_5y_std,ann_return_last_5y_min,ann_return_last_5y_max,ann_return_last_3y_mean,ann_return_last_3y_std,ann_return_last_3y_min,ann_return_last_3y_max
v2_0,lookback,12.0,192,0.3621682757596593,0.04073160999999053,0.2870260660770425,0.4465373696035397,2.0941164552997327,0.12219235374778575,1.825904467576016,2.366323472130724,-0.3250008381585171,0.08546398421054319,-0.5079038835371138,-0.2221757091500111,0.25990473245612805,0.04559831973983612,0.1687925305728934,0.3538278587110961,0.30807755037203477,0.05808494683698758,0.1924717134254812,0.4356873682891649,0.2778990254589664,0.058056870490835015,0.1416555144882465,0.4262110010076905
v2_0,lookback,15.0,192,0.35891232133873613,0.04017461650919732,0.2823029468592226,0.4404011469423252,2.0782553776451533,0.12503908202097044,1.8310884213408176,2.400797872845199,-0.3254591781936154,0.09014175567703549,-0.5065316843053566,-0.1623414309618126,0.25499699307802387,0.04571386172173773,0.146873891312657,0.3440868181403256,0.30258920167141135,0.057505685986930996,0.1806354549252018,0.4387356674623368,0.2729879424618385,0.055702364784962516,0.142218622844374,0.432634108220298
v2_0,lookback,16.0,1,0.35415652280471854,0.0,0.35415652280471854,0.35415652280471854,2.269964403051264,0.0,2.269964403051264,2.269964403051264,-0.18333843538827022,0.0,-0.18333843538827022,-0.18333843538827022,0.27596527999978515,0.0,0.27596527999978515,0.27596527999978515,0.3127746596397558,0.0,0.3127746596397558,0.3127746596397558,0.34856946568360314,0.0,0.34856946568360314,0.34856946568360314
v2_0,lookback,17.0,192,0.35524472654433686,0.041316840027775234,0.2749764553746197,0.4404817956683007,2.0537609404070385,0.11624803139983991,1.8263087249099343,2.31556419096316,-0.3286557907181868,0.08353966085967696,-0.5048306795360062,-0.2083932109250652,0.24897702030996618,0.047078561157825556,0.1545852191924219,0.3430387666817931,0.3004117962305351,0.05925357317295438,0.173087014210391,0.4176453256559973,0.2722114449062888,0.053843843649770386,0.1409363097398455,0.4205040323428592
v2_0,lookback,20.0,192,0.3545194074014361,0.04014177415691178,0.2712328580096048,0.4388125903703921,2.057051998853386,0.11427042052614014,1.8190764215649693,2.321916388843515,-0.3546383387346572,0.08107404951288467,-0.5139378483024624,-0.18323934721761,0.24954572530916572,0.04412267984366536,0.1550813257706815,0.3398828203776529,0.29438653735828163,0.05558730601379035,0.1669510186158167,0.4025297686476268,0.2560406980601572,0.047737532338591064,0.1141824604366292,0.3579073959258234
v2_0,lookback,24.0,192,0.34192425087610484,0.03864308895095709,0.2501114368341559,0.4354688967426636,1.9814023627656263,0.1275559435200817,1.7384968001031145,2.26361092433438,-0.38768498495078846,0.07397294810756036,-0.5491226715377713,-0.2206188602611947,0.22700417918364993,0.043879633298289214,0.1395917993684066,0.3361338103613098,0.27871421904033317,0.05886748766904362,0.1587247823624193,0.4182425085219772,0.23053311907817728,0.054942675743088185,0.0822517525426256,0.3623199641483932
v2_0,exit_buffer,0.003,1,0.35415652280471854,0.0,0.35415652280471854,0.35415652280471854,2.269964403051264,0.0,2.269964403051264,2.269964403051264,-0.18333843538827022,0.0,-0.18333843538827022,-0.18333843538827022,0.27596527999978515,0.0,0.27596527999978515,0.27596527999978515,0.3127746596397558,0.0,0.3127746596397558,0.3127746596397558,0.34856946568360314,0.0,0.34856946568360314,0.34856946568360314
v2_0,exit_buffer,0.05,240,0.3392224998669285,0.03829281629994671,0.2501114368341559,0.430027825426684,2.071531422471914,0.14402181456459553,1.7384968001031145,2.400797872845199,-0.26386512261335365,0.05791504137016997,-0.4346765129960892,-0.1623414309618126,0.23242978524890384,0.04267404470933757,0.1476393448010113,0.333416522703378,0.2696890750011846,0.05362272501855546,0.1587247823624193,0.4025853588137105,0.2683897252139037,0.06304640122726088,0.1212604050182803,0.432634108220298
v2_0,exit_buffer,0.08,240,0.35193453644789063,0.04056668679461989,0.2773791787937516,0.4465373696035397,2.0530264093603665,0.13217623584408367,1.7631184288647612,2.357055706682903,-0.3237780304262404,0.07686700875121422,-0.5491226715377713,-0.2114310864686286,0.23907224344221112,0.04751318377766215,0.1395917993684066,0.3538278587110961,0.2944472463790048,0.061057231134609896,0.162476439318878,0.4387356674623368,0.2579928494927218,0.06597469322785413,0.0822517525426256,0.4260364661439202
v2_0,exit_buffer,0.13,240,0.36337592644329003,0.039751011072799346,0.287353322582359,0.4404817956683007,2.0527261488206543,0.1124900696951821,1.828769742004247,2.283285595479446,-0.3840823924676199,0.06522568211968319,-0.5079038835371138,-0.2465918874479447,0.2601497034422746,0.0453049542125907,0.161104602884454,0.3430387666817931,0.31611185778619616,0.05512295266073849,0.2125476364277618,0.4182425085219772,0.2684135691905096,0.04735614407192144,0.1690751048411414,0.3623199641483932
v2_0,exit_buffer,0.2,240,0.36368222277810935,0.03942765946364912,0.2954823567239539,0.4410497926973244,2.034385727323815,0.11448679783277319,1.8163725770108503,2.277256194990265,-0.40542575909739814,0.06430279596295953,-0.5244484338557793,-0.2729888923064667,0.26069118813615727,0.044078540602908466,0.1740040662385962,0.3440868181403256,0.3070952645716911,0.05407563533598184,0.1912198138574463,0.4095758350784706,0.2529416400752075,0.0466974788366573,0.1349553901905509,0.3471418071540773
v2_0,target_vol,0.15,240,0.3081165115498187,0.017236465978430576,0.2501114368341559,0.3373708155657047,2.1441441575010183,0.11183682710733613,1.7923192141010604,2.400797872845199,-0.27704435761572926,0.046684891386431664,-0.371026482575202,-0.1623414309618126,0.1922716622100492,0.02193503339580419,0.1395917993684066,0.2300819651239201,0.22412214998791052,0.025825679264847363,0.1587247823624193,0.2777844992759102,0.19768174555081738,0.028778658503155724,0.0822517525426256,0.2532567309539644
v2_0,target_vol,0.2,240,0.35014635864720217,0.02434426278028051,0.3031124678202044,0.3897984037318529,2.0657075057092205,0.1094863975671838,1.7753124543100096,2.336127897819336,-0.33177434831230085,0.06624627245777256,-0.4519391174664514,-0.1788787023335274,0.2410928836078773,0.028356842475692208,0.1760177072089688,0.2930174006741191,0.28642504611883657,0.031648752972259664,0.2122002436248731,0.3421676346936853,0.25382204930049423,0.03213011833482569,0.1546859328752312,0.3311536773717087
v2_0,target_vol,0.25,241,0.37351844992025346,0.029416052347114523,0.3163167942781066,0.4242399312743752,2.0179476808125654,0.11660552094575043,1.7432037185437017,2.280804034444253,-0.3695838156658246,0.08143770438546567,-0.5261782358413806,-0.18333843538827022,0.2722201032348759,0.03011284975800938,0.2025080632238698,0.325930624967242,0.32901762593239403,0.0347161700085277,0.2411662513610093,0.3886558196018144,0.28890502659061207,0.038345845058463675,0.1616915972429993,0.3792330672951656
v2_0,target_vol,0.3,240,0.3863531907226295,0.03646531045095226,0.3213106736174653,0.4465373696035397,1.9849204336299393,0.11098687647536688,1.7384968001031145,2.2287779372313032,-0.39797276059293407,0.09249976105262508,-0.5491226715377713,-0.2101925804530378,0.2867738761199316,0.03531505172340941,0.2091912645183358,0.3538278587110961,0.3477109426727162,0.04302544691693859,0.2473315210027793,0.4387356674623368,0.3075775643599729,0.050878189369784124,0.1756452050015089,0.432634108220298
v2_0,scale_threshold,0.1,241,0.35360128536887225,0.04161460895300259,0.2735899182520429,0.4400957118149688,2.0560914701573823,0.12152798580081955,1.772589983064815,2.360386186476876,-0.34411356325014436,0.08580569851683446,-0.5374230566972222,-0.1623414309618126,0.24865844465840814,0.047061319112308445,0.1518599665299378,0.3471762390769826,0.30022721850333417,0.05799962909024761,0.1800913151124386,0.4244202215850909,0.27231136007329515,0.053148083265098275,0.1501068140557522,0.4122262297830905
v2_0,scale_threshold,0.2,240,0.35506985508363265,0.04068552912872807,0.2757752655128271,0.4452303873563532,2.057430823107065,0.12858076810135294,1.7671779099907865,2.400797872845199,-0.34322464264320807,0.08799182432803958,-0.5491226715377713,-0.1623414309618126,0.25040119677055495,0.046792481282158835,0.1491014979581204,0.3538278587110961,0.30069548101779386,0.05834265968369946,0.1658896256310889,0.4356873682891649,0.2701014902237137,0.05434647337764767,0.1398980564785044,0.4262110010076905
v2_0,scale_threshold,0.3,240,0.3542748446397984,0.03990589526236607,0.2640400964265361,0.4465373696035397,2.0540017623193854,0.12516921176177384,1.7432037185437017,2.3787709137645967,-0.34166020423065435,0.08389340618011804,-0.5475224271600139,-0.1636329298739681,0.2486690622055215,0.04575376566592848,0.1395917993684066,0.35209603301886,0.29868184234465256,0.05806914441996425,0.1636188121543158,0.4387356674623368,0.2635793852440725,0.056056500105893074,0.1087200371167507,0.432634108220298
v2_0,scale_threshold,0.5,240,0.3552715139332312,0.0407779530425688,0.2501114368341559,0.4357709397967595,2.045036789613309,0.1331866420779033,1.7384968001031145,2.395667990287978,-0.34748299811451416,0.08848096712612882,-0.5475224271600141,-0.1634423970021932,0.2447279951156514,0.046758503043368094,0.1422553979597862,0.3381784067550466,0.2877911828770312,0.05937747106742564,0.1587247823624193,0.4108886865026189,0.24206329053797074,0.05878588748595011,0.0822517525426256,0.3818570673441526
v2_0,execution_hedge_ratio,0.6,320,0.3731957948506709,0.04521918643923739,0.2501114368341559,0.4465373696035397,1.9800363598252901,0.07666681440806374,1.7384968001031145,2.142227361022312,-0.36796384086301387,0.08448364038042881,-0.5491226715377713,-0.2155939408990195,0.2680327242076445,0.04961760063326778,0.1422553979597862,0.3538278587110961,0.31779778654190294,0.06103852049130019,0.162476439318878,0.4387356674623368,0.2756510594697367,0.06303794836656505,0.0822517525426256,0.432634108220298
v2_0,execution_hedge_ratio,0.8,321,0.3657962314223266,0.0330425920564845,0.2873095803642613,0.4155160488123655,2.1773733957328343,0.08143938283971032,1.9445215889210132,2.400797872845199,-0.3411637443635443,0.08980304537242277,-0.5079078906832284,-0.1768847926365062,0.25440150265374306,0.041253412721800116,0.1566337245377038,0.3266419132367679,0.30390074185195026,0.05517955305062879,0.1834703744314845,0.4028439181934986,0.2704566389421041,0.05448147509551281,0.1366621414234954,0.3843897899104269
v2_0,execution_hedge_ratio,1.0,320,0.32463298878973645,0.02166777869665298,0.2757752655128271,0.3594601211184725,2.001631872322308,0.11186184662369715,1.7809330445278813,2.307919029646466,-0.32324268913635307,0.07904866598114149,-0.4723226882680624,-0.1623414309618126,0.22189035014497901,0.035064301182844676,0.1395917993684066,0.2813449289722967,0.2688367854027912,0.04770275208440575,0.1587247823624193,0.3607288528570931,0.2399397421509833,0.0448737844732897,0.1087200371167507,0.3242672950419794
v2_3,lookback,12.0,960,0.3216647774953794,0.032090565739794345,0.2495539001252626,0.3896059377230632,2.2487976441265505,0.1704039343088814,1.9043398240747555,2.5911329349542638,-0.19002765474893277,0.055810202840815885,-0.3031070206448647,-0.1083655259213814,0.24776596976155638,0.03967656962708045,0.1647786428573232,0.3303372069602375,0.27485424458630947,0.05673249694231811,0.1581213733858655,0.4091293173446229,0.2908081447610995,0.07124304378877991,0.145846441235858,0.4724448408497412
v2_3,lookback,15.0,960,0.3347465789755358,0.032593209252738974,0.2625983781276009,0.4102503926893615,2.2961097305969087,0.17690312565033325,1.9287540036530613,2.7440078200013094,-0.19600270291359276,0.0509084733509129,-0.3031070206448648,-0.1300023958038615,0.25572572792120546,0.04079845900587269,0.1626961829599202,0.3455594812900633,0.29085380612292594,0.05614155649100584,0.1785120887663243,0.4235632927073971,0.3209787733973994,0.07382658820559106,0.1774968730325385,0.5035169090221374
v2_3,lookback,17.0,960,0.3379471407390896,0.03232648762566271,0.2628132167470702,0.4169575900654143,2.3132134533222484,0.1920538784287682,1.9119311343156884,2.740993042660536,-0.19735831544361015,0.05065401200488562,-0.3031070206448646,-0.123801000321379,0.24912741032067967,0.04390902438969984,0.1582845101267078,0.349149194336682,0.2834136072794393,0.05842123037471835,0.1689541225852153,0.4263447420098496,0.32499344395831653,0.07611718523033985,0.1645914074075964,0.5262029362375722
v2_3,lookback,20.0,960,0.3345223154816178,0.03057605897829963,0.2624825717542955,0.3978812134169447,2.2737114289133817,0.1930918302935363,1.839411842923316,2.6909459389212174,-0.20527674140406096,0.04672804966657099,-0.3031070206448646,-0.1288849313855039,0.24170568390940964,0.0386599796312256,0.1629670321003133,0.3270844001680348,0.2701150378157401,0.05439556544445464,0.1484718252584564,0.391373988493513,0.30311149449007146,0.07224211510861463,0.1470169332346431,0.4936289445314719
v2_3,lookback,24.0,960,0.33172790968962934,0.030757878887941525,0.2600995925865637,0.4022314548594774,2.243220406147797,0.19726062669316477,1.8071522992074205,2.705646738059056,-0.20600327846661826,0.04775837371066512,-0.2973550998447297,-0.1326504796177607,0.23625325425897817,0.03902744859114186,0.1534237108765337,0.3231778288535638,0.2549111346239738,0.05326086942451554,0.1482273768240778,0.3900284797852642,0.2807692076793037,0.06704697309758283,0.1411233222740884,0.4689088541760622
v2_3,halflife,3.0,960,0.3403899192875397,0.034674540353692045,0.2604126668325033,0.4169575900654143,2.345615948680517,0.19051196587802197,1.95483886691474,2.7440078200013094,-0.1953464409887626,0.05135833399596398,-0.3031070206448646,-0.1083655259213814,0.2626579675351708,0.044629620676661784,0.1626947257783455,0.349149194336682,0.2885444334522551,0.06109958078645124,0.1581213733858655,0.4263447420098496,0.31589027973954853,0.07879799601199544,0.145846441235858,0.5262029362375722
v2_3,halflife,4.0,960,0.33606822670842224,0.03267391167476586,0.2520341169001974,0.4025166379259377,2.305473451623327,0.18309287081474285,1.919589359468957,2.6944238594385044,-0.19636003997704604,0.05160826352450118,-0.3031070206448647,-0.1149748896244392,0.2532513928792009,0.039796527191944,0.1630322455454991,0.323199903126224,0.2869930700605387,0.056001269107283896,0.1686332464736122,0.4066972663206427,0.31571057469757746,0.07460168019783792,0.1595304188141164,0.5009905082477322
v2_3,halflife,5.0,960,0.3321391310347866,0.03106839398880503,0.2495539001252626,0.393749300835192,2.273098859449156,0.17903458051797644,1.9043398240747555,2.644521498639132,-0.20012731433392358,0.05056965929006971,-0.3031070206448648,-0.1109856941244009,0.24416547926326784,0.037926842187379343,0.1634244841598837,0.3292309955637382,0.2712995148249442,0.05373907783062089,0.150853230622894,0.4077407540880096,0.3002284973527739,0.07088932872380334,0.1495959595559359,0.4843045235695729
v2_3,halflife,6.0,960,0.32942208918799654,0.030075026024300924,0.2543170501613117,0.3866260376161921,2.251103702148151,0.1776781889546033,1.885741676294085,2.6317429380621062,-0.20085603974833355,0.05028437717606092,-0.3031070206448647,-0.1156793037014509,0.24033043387727424,0.03830163426560589,0.1534237108765337,0.3303372069602375,0.2698390528213042,0.05520041533128984,0.1536128581039921,0.4091293173446229,0.2984413563783139,0.07188542779649894,0.1411233222740884,0.4910487948994511
v2_3,halflife,8.0,960,0.322589356162507,0.029195496823550115,0.2550716872166159,0.3833808382996773,2.199760701205737,0.17724753995634357,1.8071522992074205,2.590640948357988,-0.2019788579287491,0.049966227951391204,-0.3030476097541845,-0.1215895606045197,0.23017277261691554,0.03616478388788262,0.154991263289183,0.3111270577328475,0.2574717592693463,0.05338179580837256,0.1482273768240778,0.390360526545866,0.29039035611797687,0.07072648956809535,0.1462233914010708,0.4724448408497412
v2_3,exit_buffer,0.05,1200,0.3250361300359587,0.030866586571286707,0.2495539001252626,0.3897330548104405,2.2507355952917023,0.17780576478221422,1.86195798469758,2.672256043032746,-0.19886459973653342,0.050731924269066,-0.3031070206448648,-0.1240911019412041,0.24235459610367305,0.039825396450880755,0.1582845101267078,0.349149194336682,0.2699003806793688,0.055889199880060476,0.1498835385309249,0.416666859326755,0.2999028169934239,0.07393194971826755,0.145846441235858,0.5045920709790941
v2_3,exit_buffer,0.08,1200,0.3296006240402927,0.03127980976656244,0.2550716872166159,0.3929305896426276,2.2707759450944205,0.1812348814083766,1.8071522992074205,2.6909459389212174,-0.19872754328159803,0.05068314484378641,-0.3031070206448647,-0.1277378572348555,0.2456128283834777,0.039833673409154516,0.1638186155886256,0.3397306006598626,0.2739002438734622,0.055999290374093506,0.1482273768240778,0.4082155848440867,0.3040835676826587,0.07343944411453093,0.1479630503082383,0.4959331309419543
v2_3,exit_buffer,0.13,1200,0.33435151952853137,0.031946439655408304,0.2623191323722409,0.399590358779218,2.2856279074729233,0.19330716308259407,1.8376321843819723,2.7062033940325705,-0.1977751111415744,0.05184045535459356,-0.3031070206448646,-0.1109856941244009,0.2469326488665353,0.04036896459872721,0.1570174269176141,0.3455594812900633,0.2746582747533543,0.05654042639845198,0.1490260447015192,0.4235632927073971,0.30585232757305836,0.07321928211709038,0.1462233914010708,0.5095244989206382
v2_3,exit_buffer,0.2,1200,0.339498704300219,0.032723002798226916,0.2664777105784481,0.4169575900654143,2.292902682626464,0.19676802613577588,1.839411842923316,2.7440078200013094,-0.20036770022174608,0.04998409989928839,-0.3031070206448646,-0.1083655259213814,0.24956236358377745,0.043516124100103554,0.1534237108765337,0.3444469799445697,0.28085936503652564,0.05952122436289367,0.1484718252584564,0.4263447420098496,0.3066901391798116,0.07570180394645364,0.1411233222740884,0.5262029362375722
v2_3,target_vol,0.15,1200,0.28931876641232607,0.013590813823888123,0.2495539001252626,0.3238413126714157,2.3867053450543496,0.18842816402002466,1.951958990985819,2.7440078200013094,-0.16691779982242844,0.028545681485251204,-0.2258703562026364,-0.1083655259213814,0.1924958335452729,0.015568775984222344,0.1534237108765337,0.2362740383858261,0.20216272509256997,0.01988432508161721,0.1482273768240778,0.2552674336063951,0.2162413784804205,0.02667174031466604,0.1411233222740884,0.2869386354618937
v2_3,target_vol,0.2,1200,0.3267641890359025,0.014760773355384229,0.2907148957886525,0.3773622654574398,2.2873087054933556,0.1839215330095589,1.875422940191525,2.6700653222274777,-0.19166022644912328,0.04355333756228549,-0.2656911898844037,-0.1122801112383818,0.237362176450657,0.019283495658543398,0.1879347916114999,0.2891232504116643,0.260895315838326,0.02652722391028843,0.1965697804720581,0.3319363280765939,0.28406549793198965,0.03526305122095335,0.1870569809904474,0.382640555810521
v2_3,target_vol,0.25,1200,0.3500238849509667,0.016643479985458495,0.3082833187080938,0.3994599123142341,2.2303027524820687,0.16783080964333558,1.8382259830845569,2.608291039581105,-0.21224097396687563,0.05247360027672758,-0.3026753508532921,-0.1364710674646442,0.2690907412773026,0.021871445277835782,0.2185395534742724,0.327446020602967,0.3069045953741865,0.032119260708504856,0.227398275721401,0.3905330713512702,0.3404999830415895,0.04511229972052266,0.2190781221015267,0.4594680882585398
v2_3,target_vol,0.3,1200,0.3623801375058066,0.018962026546013765,0.3123456816033731,0.4169575900654143,2.195725327455736,0.15217879760681977,1.8071522992074205,2.557817051762578,-0.22491595414302457,0.054174544146803054,-0.3031070206448648,-0.1459298541492306,0.28551368566423113,0.024382236461668042,0.2290499928219893,0.349149194336682,0.3293556280376284,0.03802047037243779,0.2360191289192805,0.4263447420098496,0.3757219919749529,0.0583198345856251,0.2242990109680662,0.5262029362375722
v2_3,scale_threshold,0.1,1200,0.3313424681510855,0.03161918857065896,0.2495539001252626,0.4079565954331119,2.274193994937205,0.1905752308159515,1.826083879732159,2.706578277607225,-0.19540788677284088,0.04756549064845658,-0.2981915225324576,-0.1083655259213814,0.2456847955531632,0.0393504680174606,0.1582845101267078,0.3457483424566669,0.27488261582018114,0.05419907797601272,0.1613398534172339,0.4070667953485083,0.30496281529400826,0.0696446030451777,0.145846441235858,0.4900880643638634
v2_3,scale_threshold,0.2,1200,0.33233204875827066,0.031876211553176804,0.254157870915229,0.4082431649355611,2.2743202952663335,0.1891668305333461,1.830326620464327,2.714224338101556,-0.19757020748769089,0.04999416554747913,-0.3031070206448648,-0.1083655259213814,0.24693720115198237,0.04041918882869532,0.1553482142940754,0.3469757295859328,0.276194835722743,0.05613229740550106,0.155684366118221,0.4055930083156718,0.30735292674143155,0.07258111634931719,0.1471842026146412,0.4888566435348469
v2_3,scale_threshold,0.3,1200,0.332582935861901,0.03223870667546057,0.2558957832533377,0.4169575900654143,2.2776001856676826,0.1809121555611713,1.848416112469559,2.708449207248848,-0.19935253575514478,0.051352020852519484,-0.3031070206448648,-0.1083655259213814,0.24699292380487123,0.04117723127501321,0.1585643548073931,0.349149194336682,0.2758674092512248,0.05783418296380668,0.1537882669926045,0.4239937409899117,0.30412486317980975,0.07630755469257604,0.1495446387833845,0.5220064630327907
v2_3,scale_threshold,0.5,1200,0.3322295251337446,0.03290161097941308,0.2556295862574609,0.4144118092181921,2.2739276546142877,0.19169238653322082,1.8071522992074205,2.7440078200013094,-0.20340432436577538,0.05383676767778017,-0.3031070206448648,-0.1083655259213814,0.2448475164274468,0.04291949045919266,0.1534237108765337,0.3487203557064577,0.272373403548562,0.06015452693428696,0.1482273768240778,0.4263447420098496,0.300088246213703,0.07752325294242982,0.1411233222740884,0.5262029362375722
v2_3,execution_hedge_ratio,0.6,1600,0.3296332354983002,0.03714827035616675,0.2495539001252626,0.4169575900654143,2.065844281103539,0.08986853896794053,1.8071522992074205,2.364465465883185,-0.2581122801640112,0.03809223575110145,-0.3031070206448648,-0.1771219623634202,0.24191904963994923,0.04318689263293496,0.1534237108765337,0.3464465122223799,0.2859210936212463,0.05999101792642187,0.1550415604758344,0.4263447420098496,0.33095081987462793,0.07999374799784939,0.1573734124881904,0.5262029362375722
v2_3,execution_hedge_ratio,0.8,1600,0.34098719478998996,0.03177856760973856,0.2643123730858165,0.4093560236166134,2.393453715130866,0.10337071921314862,2.1012380186512583,2.691202437733935,-0.17232958368242143,0.017645930901716945,-0.2340329505344822,-0.1350368117036805,0.25105781295991547,0.04050472232293334,0.1546528288741637,0.349149194336682,0.28071246450504783,0.05641750782392661,0.1599402544180475,0.4091601769326161,0.3119480578889578,0.06997831684661864,0.1616536247017173,0.4759500239953402
v2_3,execution_hedge_ratio,1.0,1600,0.3257448031404611,0.02424651305479565,0.2638801423178598,0.3806106989104265,2.3657336016297275,0.14613401565469866,1.9909837912862955,2.7440078200013094,-0.16635935193965623,0.026656524905323494,-0.2354172763746832,-0.1083655259213814,0.24536996510323292,0.03863784692469181,0.1555548990624975,0.3390208202205169,0.257855140130739,0.050651745129096926,0.1482273768240778,0.379697850877942,0.26949776080812865,0.05659845688323015,0.1411233222740884,0.4023862796921653
