symbol,target_date,historical_short_name,is_st_prefix,last_change_date,next_change_date,source_url,local_derived_cache_sha256
000018,2010-01-04,*ST中冠A,True,2009-04-24,2010-05-31,https://www.szse.cn/api/report/ShowReport?SHOWTYPE=xlsx&CATALOGID=SSGSGMXX&TABKEY=tab2,856e18b71a21c14eba80b7111316ad5a99a30660d007248b95773affb8caca93
000018,2010-01-14,*ST中冠A,True,2009-04-24,2010-05-31,https://www.szse.cn/api/report/ShowReport?SHOWTYPE=xlsx&CATALOGID=SSGSGMXX&TABKEY=tab2,856e18b71a21c14eba80b7111316ad5a99a30660d007248b95773affb8caca93
000023,2010-01-04,深天地Ａ,False,2006-10-09,2023-05-05,https://www.szse.cn/api/report/ShowReport?SHOWTYPE=xlsx&CATALOGID=SSGSGMXX&TABKEY=tab2,856e18b71a21c14eba80b7111316ad5a99a30660d007248b95773affb8caca93
000023,2010-01-14,深天地Ａ,False,2006-10-09,2023-05-05,https://www.szse.cn/api/report/ShowReport?SHOWTYPE=xlsx&CATALOGID=SSGSGMXX&TABKEY=tab2,856e18b71a21c14eba80b7111316ad5a99a30660d007248b95773affb8caca93
000502,2010-01-04,绿景地产,False,2007-01-10,2011-08-03,https://www.szse.cn/api/report/ShowReport?SHOWTYPE=xlsx&CATALOGID=SSGSGMXX&TABKEY=tab2,856e18b71a21c14eba80b7111316ad5a99a30660d007248b95773affb8caca93
000673,2010-01-14,ST 大 水,True,2008-07-18,2010-04-23,https://www.szse.cn/api/report/ShowReport?SHOWTYPE=xlsx&CATALOGID=SSGSGMXX&TABKEY=tab2,856e18b71a21c14eba80b7111316ad5a99a30660d007248b95773affb8caca93
000971,2010-01-04,ST迈亚,True,2009-07-28,2013-04-18,https://www.szse.cn/api/report/ShowReport?SHOWTYPE=xlsx&CATALOGID=SSGSGMXX&TABKEY=tab2,856e18b71a21c14eba80b7111316ad5a99a30660d007248b95773affb8caca93
000971,2010-01-14,ST迈亚,True,2009-07-28,2013-04-18,https://www.szse.cn/api/report/ShowReport?SHOWTYPE=xlsx&CATALOGID=SSGSGMXX&TABKEY=tab2,856e18b71a21c14eba80b7111316ad5a99a30660d007248b95773affb8caca93
000979,2010-01-14,*ST科苑,True,2009-02-16,2010-03-17,https://www.szse.cn/api/report/ShowReport?SHOWTYPE=xlsx&CATALOGID=SSGSGMXX&TABKEY=tab2,856e18b71a21c14eba80b7111316ad5a99a30660d007248b95773affb8caca93
000982,2010-01-04,中银绒业,False,2008-06-18,2017-05-03,https://www.szse.cn/api/report/ShowReport?SHOWTYPE=xlsx&CATALOGID=SSGSGMXX&TABKEY=tab2,856e18b71a21c14eba80b7111316ad5a99a30660d007248b95773affb8caca93
000982,2010-01-14,中银绒业,False,2008-06-18,2017-05-03,https://www.szse.cn/api/report/ShowReport?SHOWTYPE=xlsx&CATALOGID=SSGSGMXX&TABKEY=tab2,856e18b71a21c14eba80b7111316ad5a99a30660d007248b95773affb8caca93
002002,2010-01-04,*ST琼花,True,2009-05-04,2010-04-12,https://www.szse.cn/api/report/ShowReport?SHOWTYPE=xlsx&CATALOGID=SSGSGMXX&TABKEY=tab2,856e18b71a21c14eba80b7111316ad5a99a30660d007248b95773affb8caca93
002002,2010-01-14,*ST琼花,True,2009-05-04,2010-04-12,https://www.szse.cn/api/report/ShowReport?SHOWTYPE=xlsx&CATALOGID=SSGSGMXX&TABKEY=tab2,856e18b71a21c14eba80b7111316ad5a99a30660d007248b95773affb8caca93
002013,2010-01-04,中航精机,False,2005-12-01,2014-03-05,https://www.szse.cn/api/report/ShowReport?SHOWTYPE=xlsx&CATALOGID=SSGSGMXX&TABKEY=tab2,856e18b71a21c14eba80b7111316ad5a99a30660d007248b95773affb8caca93
002071,2010-01-04,江苏宏宝,False,2006-10-13,2014-06-05,https://www.szse.cn/api/report/ShowReport?SHOWTYPE=xlsx&CATALOGID=SSGSGMXX&TABKEY=tab2,856e18b71a21c14eba80b7111316ad5a99a30660d007248b95773affb8caca93
002071,2010-01-14,江苏宏宝,False,2006-10-13,2014-06-05,https://www.szse.cn/api/report/ShowReport?SHOWTYPE=xlsx&CATALOGID=SSGSGMXX&TABKEY=tab2,856e18b71a21c14eba80b7111316ad5a99a30660d007248b95773affb8caca93
002113,2010-01-04,天润发展,False,2007-02-09,2010-10-20,https://www.szse.cn/api/report/ShowReport?SHOWTYPE=xlsx&CATALOGID=SSGSGMXX&TABKEY=tab2,856e18b71a21c14eba80b7111316ad5a99a30660d007248b95773affb8caca93
002113,2010-01-14,天润发展,False,2007-02-09,2010-10-20,https://www.szse.cn/api/report/ShowReport?SHOWTYPE=xlsx&CATALOGID=SSGSGMXX&TABKEY=tab2,856e18b71a21c14eba80b7111316ad5a99a30660d007248b95773affb8caca93
002260,2010-01-04,伊 立 浦,False,2008-07-17,2015-07-03,https://www.szse.cn/api/report/ShowReport?SHOWTYPE=xlsx&CATALOGID=SSGSGMXX&TABKEY=tab2,856e18b71a21c14eba80b7111316ad5a99a30660d007248b95773affb8caca93
002260,2010-01-14,伊 立 浦,False,2008-07-17,2015-07-03,https://www.szse.cn/api/report/ShowReport?SHOWTYPE=xlsx&CATALOGID=SSGSGMXX&TABKEY=tab2,856e18b71a21c14eba80b7111316ad5a99a30660d007248b95773affb8caca93
