date,symbol,source,old_rank,market_cap_rmb,rank_after_date_bounded_ST,in_conditional_top100
2010-01-04,002057,old_100,1,955080000.00,1,True
2010-01-04,600455,old_100,2,986211820.00,2,True
2010-01-04,000803,old_100,3,998855583.26,3,True
2010-01-04,600647,evidenced_addition,,1027521600.00,4,True
2010-01-04,002034,old_100,4,1066728000.00,5,True
2010-01-04,002020,old_100,5,1073383500.00,6,True
2010-01-04,600634,evidenced_addition,,1078754090.71,7,True
2010-01-04,600566,old_100,6,1102413960.00,8,True
2010-01-04,002113,evidenced_addition,,1118880000.00,9,True
2010-01-04,002175,old_100,7,1134943247.52,10,True
2010-01-04,002136,old_100,8,1148286000.00,11,True
2010-01-04,002071,evidenced_addition,,1209624800.00,12,True
2010-01-04,600768,old_100,10,1222449408.00,13,True
2010-01-04,600513,old_100,11,1242000000.00,14,True
2010-01-04,002141,old_100,12,1244796000.00,15,True
2010-01-04,600070,evidenced_addition,,1247793991.20,16,True
2010-01-04,000705,old_100,14,1264573242.40,17,True
2010-01-04,002043,old_100,15,1270020000.00,18,True
2010-01-04,002178,old_100,16,1281600000.00,19,True
2010-01-04,002174,old_100,17,1283080577.87,20,True
2010-01-04,000567,old_100,18,1300320000.00,21,True
2010-01-04,002044,old_100,19,1301625000.00,22,True
2010-01-04,600532,evidenced_addition,,1343043000.00,23,True
2010-01-04,600766,evidenced_addition,,1347072587.31,24,True
2010-01-04,600113,old_100,20,1349625000.00,25,True
2010-01-04,000023,evidenced_addition,,1355648464.80,26,True
2010-01-04,600241,old_100,21,1368460000.00,27,True
2010-01-04,600774,old_100,22,1375654041.68,28,True
2010-01-04,600687,evidenced_addition,,1378009794.18,29,True
2010-01-04,600114,old_100,23,1380230000.00,30,True
2010-01-04,002125,old_100,24,1396408000.00,31,True
2010-01-04,002213,old_100,25,1427580000.00,32,True
2010-01-04,000810,old_100,26,1428916212.36,33,True
2010-01-04,002144,old_100,27,1434046368.00,34,True
2010-01-04,000779,old_100,28,1441189084.60,35,True
2010-01-04,002102,old_100,29,1466383738.20,36,True
2010-01-04,000049,old_100,30,1468176886.80,37,True
2010-01-04,600353,old_100,31,1475523063.50,38,True
2010-01-04,000610,old_100,32,1483479173.54,39,True
2010-01-04,600980,old_100,33,1487200000.00,40,True
2010-01-04,000411,old_100,34,1491565111.74,41,True
2010-01-04,600493,old_100,35,1494300000.00,42,True
2010-01-04,600560,old_100,36,1500909800.00,43,True
2010-01-04,000801,old_100,37,1544820065.10,44,True
2010-01-04,000915,old_100,38,1546587805.62,45,True
2010-01-04,002201,old_100,39,1547520000.00,46,True
2010-01-04,000590,old_100,40,1551137167.00,47,True
2010-01-04,002036,old_100,41,1553271552.00,48,True
2010-01-04,000665,old_100,42,1556574899.22,49,True
2010-01-04,002195,old_100,43,1559558000.00,50,True
2010-01-04,600982,old_100,44,1560720000.00,51,True
2010-01-04,600461,old_100,45,1561000000.00,52,True
2010-01-04,002260,evidenced_addition,,1561560000.00,53,True
2010-01-04,600712,old_100,46,1567665792.00,54,True
2010-01-04,000721,old_100,47,1570285045.20,55,True
2010-01-04,600661,old_100,48,1575248802.75,56,True
2010-01-04,600749,old_100,49,1587300000.00,57,True
2010-01-04,002049,old_100,50,1588950000.00,58,True
2010-01-04,000791,old_100,51,1595160000.00,59,True
2010-01-04,002035,old_100,52,1595758164.00,60,True
2010-01-04,000815,old_100,54,1599840000.00,61,True
2010-01-04,600605,old_100,55,1609002944.64,62,True
2010-01-04,000560,old_100,56,1638336000.00,63,True
2010-01-04,600520,old_100,57,1642471200.00,64,True
2010-01-04,600452,old_100,58,1643200000.00,65,True
2010-01-04,002188,old_100,59,1662000000.00,66,True
2010-01-04,002173,old_100,60,1673325000.00,67,True
2010-01-04,600763,old_100,61,1673740800.00,68,True
2010-01-04,002112,old_100,62,1677760000.00,69,True
2010-01-04,002120,old_100,64,1678627600.00,70,True
2010-01-04,600960,old_100,65,1681966755.00,71,True
2010-01-04,600882,old_100,66,1694850526.46,72,True
2010-01-04,002098,old_100,67,1697250000.00,73,True
2010-01-04,000626,old_100,68,1701000000.00,74,True
2010-01-04,600346,old_100,69,1701000000.00,75,True
2010-01-04,600148,old_100,70,1709518716.00,76,True
2010-01-04,600305,old_100,71,1710167500.00,77,True
2010-01-04,002046,old_100,72,1711064700.00,78,True
2010-01-04,000923,old_100,73,1716660000.00,79,True
2010-01-04,600099,old_100,75,1737621600.00,80,True
2010-01-04,002150,old_100,76,1740975000.00,81,True
2010-01-04,002159,old_100,77,1746000000.00,82,True
2010-01-04,600992,old_100,78,1750540500.00,83,True
2010-01-04,002189,old_100,79,1751319600.00,84,True
2010-01-04,600719,old_100,80,1753939266.00,85,True
2010-01-04,600355,evidenced_addition,,1756758444.00,86,True
2010-01-04,000702,old_100,81,1775786276.16,87,True
2010-01-04,002196,old_100,82,1782936500.00,88,True
2010-01-04,002033,old_100,83,1788808094.48,89,True
2010-01-04,600833,old_100,84,1794251622.66,90,True
2010-01-04,002013,evidenced_addition,,1795424400.00,91,True
2010-01-04,002026,old_100,85,1798200000.00,92,True
2010-01-04,600071,old_100,86,1802415941.04,93,True
2010-01-04,600985,old_100,87,1805400000.00,94,True
2010-01-04,000695,old_100,88,1810502442.85,95,True
2010-01-04,600137,old_100,89,1837412413.20,96,True
2010-01-04,600856,evidenced_addition,,1838731185.27,97,True
2010-01-04,002198,old_100,90,1840900000.00,98,True
2010-01-04,600466,evidenced_addition,,1843824591.00,99,True
2010-01-04,600433,old_100,91,1845800000.00,100,True
2010-01-04,000502,evidenced_addition,,1851892462.14,101,False
2010-01-04,000790,old_100,93,1856733840.00,102,False
2010-01-04,300025,old_100,94,1860000000.00,103,False
2010-01-04,002101,old_100,95,1861260000.00,104,False
2010-01-04,000710,old_100,96,1883952000.00,105,False
2010-01-04,000982,evidenced_addition,,1892400000.00,106,False
2010-01-04,600483,old_100,97,1898222824.96,107,False
2010-01-04,600250,old_100,98,1898802656.40,108,False
2010-01-04,600979,old_100,99,1902768584.00,109,False
2010-01-04,600077,evidenced_addition,,1903056267.32,110,False
2010-01-04,002193,old_100,100,1904000000.00,111,False
2010-01-14,002057,old_100,1,989520000.00,1,True
2010-01-14,600634,evidenced_addition,,1024685575.25,2,True
2010-01-14,600647,evidenced_addition,,1026451265.00,3,True
2010-01-14,000803,old_100,2,1035897542.23,4,True
2010-01-14,002034,old_100,3,1118644800.00,5,True
2010-01-14,600566,old_100,4,1150252560.00,6,True
2010-01-14,002020,old_100,5,1156654500.00,7,True
2010-01-14,002136,old_100,7,1195638000.00,8,True
2010-01-14,002175,old_100,8,1215217638.24,9,True
2010-01-14,002071,evidenced_addition,,1246428800.00,10,True
2010-01-14,600513,old_100,9,1262700000.00,11,True
2010-01-14,600070,evidenced_addition,,1280149416.00,12,True
2010-01-14,600768,old_100,11,1300022784.00,13,True
2010-01-14,002113,evidenced_addition,,1300032000.00,14,True
2010-01-14,000705,old_100,12,1303425344.00,15,True
2010-01-14,600687,evidenced_addition,,1312027741.42,16,True
2010-01-14,002141,old_100,13,1316414400.00,17,True
2010-01-14,002174,old_100,14,1317085945.48,18,True
2010-01-14,002043,old_100,15,1328580000.00,19,True
2010-01-14,002178,old_100,16,1332000000.00,20,True
2010-01-14,600766,evidenced_addition,,1355630862.96,21,True
2010-01-14,000023,evidenced_addition,,1372299213.60,22,True
2010-01-14,000779,old_100,17,1379663548.00,23,True
2010-01-14,600113,old_100,18,1383550000.00,24,True
2010-01-14,600532,evidenced_addition,,1391715000.00,25,True
2010-01-14,600774,old_100,19,1414060626.60,26,True
2010-01-14,000526,old_100,20,1417915877.18,27,True
2010-01-14,000810,old_100,21,1458739327.50,28,True
2010-01-14,002102,old_100,22,1464678640.83,29,True
2010-01-14,600241,old_100,23,1464920000.00,30,True
2010-01-14,002125,old_100,24,1511770000.00,31,True
2010-01-14,002044,old_100,25,1514500000.00,32,True
2010-01-14,600980,old_100,26,1519700000.00,33,True
2010-01-14,002213,old_100,27,1520280000.00,34,True
2010-01-14,002144,old_100,29,1539238392.00,35,True
2010-01-14,600114,old_100,30,1540540000.00,36,True
2010-01-14,600493,old_100,31,1541900000.00,37,True
2010-01-14,000567,old_100,32,1542240000.00,38,True
2010-01-14,002035,old_100,33,1568274708.00,39,True
2010-01-14,000049,old_100,34,1572167048.40,40,True
2010-01-14,600461,old_100,35,1575000000.00,41,True
2010-01-14,000791,old_100,36,1580040000.00,42,True
2010-01-14,600353,old_100,37,1584233895.50,43,True
2010-01-14,600982,old_100,38,1585920000.00,44,True
2010-01-14,600560,old_100,39,1588380040.00,45,True
2010-01-14,000411,old_100,41,1595290084.74,46,True
2010-01-14,000610,old_100,42,1597592956.12,47,True
2010-01-14,000590,old_100,43,1612045694.50,48,True
2010-01-14,600452,old_100,44,1614400000.00,49,True
2010-01-14,000721,old_100,45,1624157594.40,50,True
2010-01-14,000665,old_100,46,1629345219.48,51,True
2010-01-14,002201,old_100,47,1629680000.00,52,True
2010-01-14,000815,old_100,48,1631520000.00,53,True
2010-01-14,600605,old_100,50,1659100105.92,54,True
2010-01-14,600520,old_100,51,1667340000.00,55,True
2010-01-14,000801,old_100,52,1671574531.98,56,True
2010-01-14,002260,evidenced_addition,,1673880000.00,57,True
2010-01-14,002026,old_100,53,1675350000.00,58,True
2010-01-14,000560,old_100,54,1677312000.00,59,True
2010-01-14,600712,old_100,55,1682246016.00,60,True
2010-01-14,002036,old_100,56,1690800804.00,61,True
2010-01-14,002120,old_100,57,1701169600.00,62,True
2010-01-14,002195,old_100,58,1708051800.00,63,True
2010-01-14,600305,old_100,59,1713982000.00,64,True
2010-01-14,600661,old_100,60,1715927031.00,65,True
2010-01-14,600992,old_100,61,1724241300.00,66,True
2010-01-14,600960,old_100,62,1724300865.00,67,True
2010-01-14,000626,old_100,63,1731375000.00,68,True
2010-01-14,000923,old_100,64,1736460000.00,69,True
2010-01-14,600346,old_100,65,1736700000.00,70,True
2010-01-14,600148,old_100,66,1739237170.50,71,True
2010-01-14,000915,old_100,67,1741263193.74,72,True
2010-01-14,002049,old_100,68,1749600000.00,73,True
2010-01-14,002188,old_100,70,1774800000.00,74,True
2010-01-14,600719,old_100,71,1778215242.00,75,True
2010-01-14,000838,old_100,72,1782847242.00,76,True
2010-01-14,600763,old_100,73,1784361600.00,77,True
2010-01-14,002159,old_100,74,1784400000.00,78,True
2010-01-14,002098,old_100,75,1785600000.00,79,True
2010-01-14,002112,old_100,76,1787520000.00,80,True
2010-01-14,600466,evidenced_addition,,1810460146.02,81,True
2010-01-14,000702,old_100,77,1821114154.08,82,True
2010-01-14,002173,old_100,78,1822065000.00,83,True
2010-01-14,600882,old_100,80,1825223643.88,84,True
2010-01-14,600213,evidenced_addition,,1845800000.00,85,True
2010-01-14,002150,old_100,81,1847310000.00,86,True
2010-01-14,002198,old_100,82,1849100000.00,87,True
2010-01-14,002046,old_100,83,1856986200.00,88,True
2010-01-14,002196,old_100,84,1858543500.00,89,True
2010-01-14,600099,old_100,85,1860328800.00,90,True
2010-01-14,600077,evidenced_addition,,1863276663.07,91,True
2010-01-14,600856,evidenced_addition,,1878652552.00,92,True
2010-01-14,000663,old_100,86,1883643001.20,93,True
2010-01-14,000019,old_100,87,1888361653.44,94,True
2010-01-14,600985,old_100,88,1890900000.00,95,True
2010-01-14,002033,old_100,89,1894090525.36,96,True
2010-01-14,000967,old_100,90,1897906860.00,97,True
2010-01-14,000695,old_100,91,1906025884.62,98,True
2010-01-14,600355,evidenced_addition,,1906845650.00,99,True
2010-01-14,002234,old_100,92,1913500000.00,100,True
2010-01-14,600979,old_100,93,1931310112.76,101,False
2010-01-14,600483,old_100,94,1935725707.52,102,False
2010-01-14,000982,evidenced_addition,,1942200000.00,103,False
2010-01-14,600833,old_100,95,1944038170.20,104,False
2010-01-14,600137,old_100,96,1949212639.40,105,False
2010-01-14,600613,old_100,97,1950866923.62,106,False
2010-01-14,600306,evidenced_addition,,1955965319.64,107,False
2010-01-14,000790,old_100,98,1956558240.00,108,False
2010-01-14,600794,old_100,99,1959113908.78,109,False
2010-01-14,002245,old_100,100,1966272000.00,110,False
