asset,short_w,long_w,low_q,high_q,slope_lb,dte,iv_mult,annual,vol,sharpe,max_dd,total,active_days,long_days,short_days,trades
SPY,10,20,0.2,0.8,5,21,1.2,0.03780748420008906,0.04645749660103737,0.8138080388783765,-0.07065214061143688,1.007121677818739,745,414,331,355
SPY,10,20,0.3,0.8,5,30,1.2,0.04420687116394317,0.05489157620778657,0.8053489117638467,-0.0787290087440411,1.252656893808707,902,571,331,417
SPY,10,20,0.3,0.8,5,21,1.2,0.038285940117343875,0.04758945853668453,0.8045046380981831,-0.07065214061143686,1.0245650933218995,902,571,331,417
SPY,10,20,0.2,0.8,5,30,1.2,0.04235799878276292,0.053597686182955365,0.7902952869676902,-0.07872900874404123,1.1789432175073498,745,414,331,355
SPY,10,20,0.3,0.8,5,30,1.1,0.037848622874153026,0.050136001717215356,0.754919051735169,-0.07456543521911065,1.008615891123764,902,571,331,417
SPY,10,20,0.3,0.8,5,21,1.1,0.0323021687742584,0.043656576882690916,0.739915290680192,-0.06775362038888437,0.8163811226100877,902,571,331,417
SPY,10,20,0.2,0.8,5,21,1.1,0.03133823223300625,0.04265781325927568,0.734642257504654,-0.0677536203888844,0.784801936902737,745,414,331,355
SPY,10,20,0.2,0.8,5,30,1.1,0.0356864993106929,0.04901258450556768,0.7281089065327502,-0.07456543521911072,0.9314945448860876,745,414,331,355
SPY,10,20,0.2,0.7,5,21,1.2,0.03631854608696772,0.05201955248685974,0.6981710597403133,-0.09607703948490812,0.9537442264107592,914,414,500,431
SPY,10,20,0.3,0.7,5,21,1.2,0.03679631556549312,0.053032972251359674,0.6938384556515165,-0.09607703948490856,0.9707237512222371,1071,571,500,493
SPY,10,20,0.3,0.8,3,21,1.2,0.03136289709336437,0.04545218129461573,0.6900196250224766,-0.07250966692467269,0.7856034530648983,828,533,295,521
SPY,10,20,0.2,0.8,3,21,1.2,0.03055529838893145,0.04439977556723191,0.6881858747836102,-0.07250966692467292,0.759535790985727,672,377,295,439
SPY,10,20,0.3,0.8,5,30,1.0,0.03127563675431366,0.04551612630985136,0.6871330952332046,-0.07061385226805555,0.7827693456550617,902,571,331,417
SPY,10,20,0.3,0.8,3,30,1.2,0.035843655765043,0.05242675221851989,0.6836901819827232,-0.08350583029525277,0.9370043413114273,828,533,295,521
SPY,10,20,0.3,0.7,5,30,1.2,0.041418694872484396,0.0610915082897718,0.677977938865505,-0.1140940200970521,1.1423742084352146,1071,571,500,493
SPY,10,20,0.2,0.7,5,30,1.2,0.039574759235431634,0.059931339161347935,0.6603349731413134,-0.11409402009705104,1.0722693117014912,914,414,500,431
SPY,10,20,0.2,0.8,3,30,1.2,0.03378901441095361,0.05124083435234503,0.6594157733383446,-0.08350583029525328,0.8661303761916415,672,377,295,439
SPY,10,20,0.2,0.8,5,30,1.0,0.029153986838398982,0.04456577883505216,0.6541787802318986,-0.07061385226805565,0.7151571432984236,745,414,331,355
SPY,10,20,0.3,0.8,5,21,1.0,0.02602760234063739,0.03987560704217359,0.6527199024985337,-0.06512687843161757,0.6199356898835038,902,571,331,417
SPY,10,20,0.3,0.8,3,30,1.1,0.030771564033873267,0.04786312467486235,0.6429075461100109,-0.07733546610844046,0.7664808650021251,828,533,295,521
SPY,10,20,0.2,0.8,5,21,1.0,0.024899308296992384,0.039011270138794615,0.6382593596262163,-0.06795601893200076,0.5868168912940801,745,414,331,355
SPY,10,20,0.3,0.8,3,21,1.1,0.02655968437688494,0.04167252760676903,0.6373427747773751,-0.06920011959056023,0.6357799665979724,828,533,295,521
SPY,10,20,0.2,0.8,3,21,1.1,0.025545765344803684,0.04080261935405389,0.6260815052861458,-0.06920011959056013,0.6057130646915618,672,377,295,439
SPY,10,20,0.2,0.8,3,30,1.1,0.02873476347654602,0.046903103655277174,0.6126409818790959,-0.0773354661084406,0.7020879132366509,672,377,295,439
SPY,10,20,0.3,0.7,5,30,1.1,0.03361448324270633,0.05581928824203419,0.6022019323670497,-0.1071677711819928,0.860224504514127,1071,571,500,493
SPY,10,20,0.3,0.7,5,21,1.1,0.02923912261122874,0.04871577322355385,0.6001982659097312,-0.0910669717042265,0.7178228192385914,1071,571,500,493
SPY,10,20,0.2,0.7,5,21,1.1,0.028278046261704715,0.047822564401934387,0.5913117921497512,-0.09265722980612315,0.6879571455945546,914,414,500,431
SPY,10,20,0.3,0.8,3,30,1.0,0.025435848482211254,0.04351308456287378,0.5845563176625179,-0.07316991030909942,0.6024851948328358,828,533,295,521
SPY,10,20,0.2,0.7,5,30,1.1,0.031461180554340995,0.054811891019526715,0.5739845856281981,-0.10716777118199224,0.78880068539255,914,414,500,431
SPY,10,20,0.3,0.8,3,21,1.0,0.02143237775220186,0.03811276932190751,0.5623411295878299,-0.06668023159573587,0.48901699574450475,828,533,295,521
SPY,10,20,0.2,0.8,3,30,1.0,0.023516950529577585,0.0427689833285959,0.5498599381915596,-0.07316991030909949,0.5471141118551435,672,377,295,439
QQQ,10,20,0.3,0.8,5,21,1.2,0.030906621856755745,0.056816926632181214,0.5439685616372318,-0.12330335955194724,0.7708312173713951,902,547,355,435
SPY,10,20,0.2,0.8,3,21,1.0,0.02032433776159981,0.03741685198107882,0.5431867376731089,-0.07115724817619565,0.4589827789324479,672,377,295,439
QQQ,10,20,0.3,0.8,5,30,1.2,0.0353069368869765,0.06501736300450785,0.5430385862393183,-0.14053277310617443,0.9182484784901292,902,547,355,435
QQQ,10,20,0.2,0.8,5,21,1.2,0.029080431553154762,0.05500757513122438,0.5286623066692429,-0.12330335955194711,0.7128572164531621,753,398,355,391
SPY,10,20,0.3,0.7,3,21,1.2,0.02640726357075529,0.05063610301478506,0.5215105823417083,-0.1478927074315351,0.631226266901838,995,533,462,619
SPY,10,20,0.2,0.7,3,21,1.2,0.025603545327044452,0.04969330053086456,0.5152313300490489,-0.14806825983880378,0.607412326002873,839,377,462,537
QQQ,10,20,0.2,0.8,5,30,1.2,0.031930911763049075,0.06301471043899531,0.5067215502634336,-0.1405327731061744,0.804156379481078,753,398,355,391
SPY,10,20,0.3,0.7,5,30,1.0,0.025612581797567868,0.05069395911091845,0.505239327264369,-0.09939709663137634,0.6076782349990879,1071,571,500,493
SPY,10,20,0.3,0.7,3,30,1.2,0.029091261901185383,0.058310612471275065,0.498901669323338,-0.1596528430535733,0.7131956763994707,995,533,462,619
SPY,10,40,0.2,0.8,3,21,1.2,0.0199645680890137,0.040868641345453025,0.48850579397190863,-0.08566854159933546,0.44935494601531834,677,354,323,397
SPY,10,40,0.3,0.8,3,21,1.2,0.020422315973357863,0.04216534961840254,0.48433882697950636,-0.09303767058955051,0.4616152553795232,781,458,323,451
QQQ,10,40,0.2,0.8,5,21,1.2,0.021226258434994705,0.04413893854227379,0.48089644055815683,-0.09367175827401672,0.48338603518701073,724,373,351,313
SPY,10,20,0.3,0.7,5,21,1.0,0.02140190135552067,0.044564799303170956,0.4802422919022961,-0.09893497367435052,0.48818314003453067,1071,571,500,493
SPY,10,20,0.2,0.7,3,30,1.2,0.027050014216685847,0.05724583272226785,0.4725237267124906,-0.16211702108403966,0.6505107520433933,839,377,462,537
SPY,10,20,0.2,0.7,5,30,1.0,0.023502582520574578,0.04984155590292845,0.47154592377389404,-0.11251418575768489,0.5467064293002417,914,414,500,431
SPY,10,40,0.2,0.8,5,21,1.2,0.019439051090718973,0.04130841981423466,0.4705832655457903,-0.09507675331610987,0.4353995722148858,721,372,349,293
QQQ,10,20,0.3,0.8,5,30,1.1,0.02792086863425869,0.059428072266199936,0.46982625499260633,-0.1326169194335234,0.6769835888406142,902,547,355,435
SPY,10,40,0.3,0.8,3,30,1.2,0.022749332711313963,0.04845814419132035,0.4694635564559805,-0.1001564574607711,0.5254753363536095,781,458,323,451
QQQ,10,40,0.3,0.8,5,21,1.2,0.02145677432552695,0.04617222865893245,0.46471168814537905,-0.09900236661236195,0.4896848219534069,852,501,351,363
SPY,10,20,0.2,0.7,5,21,1.0,0.020278694066712344,0.04379266622708279,0.46306141675775264,-0.11284871507694151,0.4577579583518323,914,414,500,431
QQQ,10,40,0.3,0.8,5,30,1.2,0.024491591240568544,0.05297451466479412,0.4623278079194032,-0.11243801782213665,0.5750076435033069,852,501,351,363
QQQ,10,20,0.3,0.8,5,21,1.1,0.024001323682214526,0.05231225352980187,0.45880882704739845,-0.11727078353659266,0.5609175499291359,902,547,355,435
SPY,10,40,0.2,0.8,3,21,1.1,0.017183971505797535,0.03757360700791175,0.45734154568069985,-0.08207983271038469,0.3769461467841706,677,354,323,397
SPY,10,40,0.3,0.8,3,21,1.1,0.01759302591682199,0.03855103354893148,0.45635678987676886,-0.0904715315041107,0.3873790154144914,781,458,323,451
QQQ,10,40,0.2,0.8,5,30,1.2,0.02302454985501079,0.050650807146957466,0.4545741944093352,-0.10991783241335809,0.5332004126893299,724,373,351,313
SPY,10,40,0.2,0.8,3,30,1.2,0.021223249218685014,0.04695985585257359,0.45194451374198363,-0.0986799903370745,0.48330397610493114,677,354,323,397
SPY,10,20,0.3,0.7,3,21,1.1,0.02081695224460911,0.04655894384611558,0.44710963189827324,-0.1522053900531014,0.47226393637732245,995,533,462,619
SPY,10,40,0.3,0.8,3,30,1.1,0.019624810632115297,0.04401088735124958,0.4459080880485383,-0.09460015806705574,0.4403179117345637,781,458,323,451
SPY,10,40,0.2,0.8,5,30,1.2,0.02096825539303193,0.04743095608403828,0.44207954307057035,-0.10572578893357214,0.4763660748978513,721,372,349,293
SPY,10,20,0.3,0.7,3,30,1.1,0.023524488230759033,0.05332821259050021,0.44112650861562236,-0.15871212123257245,0.5473280297202996,995,533,462,619
QQQ,10,20,0.2,0.8,5,21,1.1,0.022414389101871546,0.05084617904866172,0.4408274037744336,-0.1172707835365929,0.5161235065877314,753,398,355,391
QQQ,10,20,0.2,0.8,5,30,1.1,0.025124188410115877,0.05784691638181517,0.4343219998847501,-0.1326169194335237,0.5933662101210415,753,398,355,391
SPY,10,20,0.2,0.7,3,21,1.1,0.01980870523091416,0.04578149859213361,0.4326792665174526,-0.16508405989644576,0.4452025856704227,839,377,462,537
SPY,10,40,0.2,0.8,3,30,1.1,0.018406947316536026,0.042902085635286226,0.4290455124493209,-0.09212065475650182,0.4083609607896572,677,354,323,397
QQQ,10,40,0.3,0.8,5,30,1.1,0.0203996285266419,0.047586718238574806,0.4286832393940023,-0.10984235076849999,0.46100528978255295,852,501,351,363
SPY,10,40,0.3,0.8,5,21,1.2,0.018186151487687763,0.042624115009596494,0.426663438844262,-0.08685663470418536,0.4026395999589758,837,488,349,345
SPY,10,40,0.2,0.8,3,21,1.0,0.014615084037396864,0.034281504729895565,0.42632562813532565,-0.0793422917729039,0.3131056792556637,677,354,323,397
QQQ,10,40,0.2,0.8,5,21,1.1,0.017108191144722396,0.04015044016037306,0.42610220651098923,-0.09325904239667777,0.3750215532905885,724,373,351,313
QQQ,10,40,0.3,0.8,5,21,1.1,0.01778667514190846,0.041810643304740686,0.4254102241926453,-0.10341632761982589,0.39234406745297856,852,501,351,363
SPY,10,40,0.3,0.8,3,21,1.0,0.01484301720526604,0.03500714163846842,0.42399969007910776,-0.08872762583877503,0.31865481777805704,781,458,323,451
SPY,10,40,0.3,0.8,5,30,1.2,0.02066296292122538,0.048957944417911584,0.4220553613289716,-0.09041806457188888,0.46810005151535417,837,488,349,345
SPY,10,40,0.3,0.8,3,30,1.0,0.01668243886112486,0.0396056661552535,0.4212134394035944,-0.09134592209713129,0.36425598505692425,781,458,323,451
SPY,10,40,0.2,0.8,5,21,1.1,0.015871548167426752,0.03792487422680742,0.41849969158784595,-0.10933047904133247,0.34397216339384484,721,372,349,293
SPY,10,40,0.2,0.8,3,30,1.0,0.015923637994528228,0.0387992923265469,0.4104105265763598,-0.08760484338757978,0.34526652228952726,677,354,323,397
QQQ,10,40,0.2,0.8,5,30,1.1,0.018751316661138162,0.04572177020420507,0.4101179061394606,-0.10724798298945296,0.41732853759433053,724,373,351,313
SPY,10,20,0.2,0.7,3,30,1.1,0.021502007866722073,0.05246724552399899,0.409817737751963,-0.17761262121132718,0.4909237848981971,839,377,462,537
SPY,10,40,0.2,0.8,5,30,1.1,0.017303619732784936,0.04326386495796654,0.3999554766916097,-0.11812453636487662,0.37999004529405744,721,372,349,293
QQQ,10,20,0.3,0.7,5,21,1.2,0.024004998012314704,0.06089048073100434,0.3942323615141339,-0.12330335955194757,0.5610227034629411,1038,547,491,515
QQQ,10,40,0.3,0.8,5,30,1.0,0.016449307128286073,0.04240347268228527,0.38792358473880456,-0.13266735495887216,0.35839487924163493,852,501,351,363
SPY,10,40,0.2,0.7,5,21,1.2,0.0170776042632379,0.04494843072045797,0.37993771950452426,-0.15054862510905787,0.3742454600516296,831,372,459,335
SPY,10,40,0.3,0.8,5,30,1.1,0.01688769160244119,0.04446039886884874,0.37983670934345987,-0.09390260640756234,0.36943600319994996,837,488,349,345
QQQ,10,20,0.3,0.8,5,30,1.0,0.020514569831111773,0.054095935641123756,0.37922571424232077,-0.12496572634187862,0.4640980399046435,902,547,355,435
SPY,10,40,0.3,0.8,5,21,1.1,0.014751393500317622,0.03896916781136284,0.3785401210445231,-0.0996503859630077,0.31642153304083664,837,488,349,345
QQQ,10,20,0.3,0.7,5,30,1.2,0.026234873592638985,0.0697071740672847,0.37635830090193917,-0.1405327731061743,0.6260904349000056,1038,547,491,515
SPY,10,40,0.2,0.8,5,21,1.0,0.013009793999556596,0.03457221363258461,0.3763078100181226,-0.12100326372233004,0.27464570693530166,721,372,349,293
QQQ,10,40,0.3,0.8,5,21,1.0,0.014115024488690064,0.03764906347183147,0.3749103745768002,-0.12559687188233498,0.3010088548177523,852,501,351,363
QQQ,10,20,0.2,0.7,5,21,1.2,0.022191033528469628,0.05920493660394826,0.3748172838511198,-0.12330335955194716,0.509917476292685,889,398,491,471
SPY,10,40,0.2,0.8,5,30,1.0,0.01457839694966645,0.03909354038697554,0.3729106344771836,-0.12671295060737986,0.31221458332379903,721,372,349,293
SPY,10,20,0.3,0.7,3,30,1.0,0.01766097790249388,0.04857147837842046,0.36360799572327557,-0.15904755234164744,0.38911935222949046,995,533,462,619
QQQ,10,20,0.3,0.8,5,21,1.0,0.016954730382938932,0.04805511447078379,0.3528184371144709,-0.11156150037936817,0.3711319089954219,902,547,355,435
QQQ,10,40,0.2,0.8,5,21,1.0,0.0128002937352929,0.03630770890191427,0.3525503019172334,-0.11410795143436504,0.2697058448264864,724,373,351,313
QQQ,10,20,0.2,0.8,5,30,1.0,0.018625465045741585,0.05284692215092831,0.3524418128372384,-0.124965726341879,0.4140450390375465,753,398,355,391
QQQ,10,40,0.2,0.8,5,30,1.0,0.014360617018418509,0.04093845628506169,0.35078550393847296,-0.12713908925316578,0.30693668201036006,724,373,351,313
SPY,10,40,0.3,0.8,5,30,1.0,0.014020067545116088,0.03997311804648058,0.3507374012908778,-0.1151077707950319,0.2987237252995809,837,488,349,345
SPY,10,20,0.3,0.7,3,21,1.0,0.01487075929700521,0.0427157329046033,0.3481330714895131,-0.15523972576515213,0.3193317253585177,995,533,462,619
QQQ,10,40,0.2,0.7,5,21,1.2,0.01729481637825181,0.05020462763632451,0.3444864984067426,-0.1498009534518213,0.37976586751368857,843,373,470,363
SPY,10,40,0.3,0.7,5,21,1.2,0.015827606899227575,0.046160274154828866,0.3428837282495177,-0.16579963945707876,0.34288120161409164,947,488,459,387
SPY,10,40,0.2,0.7,5,30,1.2,0.017579324110360117,0.051673831734335436,0.3401978045819907,-0.16985177794986384,0.38702834488584714,831,372,459,335
QQQ,10,20,0.2,0.8,5,21,1.0,0.015904325885863324,0.04686329898014977,0.339377001448405,-0.1115615003793679,0.3447865059651143,753,398,355,391
SPY,10,40,0.3,0.8,5,21,1.0,0.011982809639031755,0.035354273433891636,0.33893525379437395,-0.11573127092097589,0.250602972322987,837,488,349,345
QQQ,10,20,0.2,0.7,5,30,1.2,0.022888431496232986,0.06784141704531244,0.3373813887310964,-0.14053277310617415,0.5293750859884145,889,398,491,471
QQQ,10,40,0.3,0.7,5,21,1.2,0.017524444845590903,0.052001369478031106,0.33699967946025755,-0.14833773540438813,0.38562466002005835,971,501,470,413
SPY,10,20,0.2,0.7,3,30,1.0,0.015756629064034078,0.04790484720645638,0.32891513036514763,-0.17971741153499696,0.34112075407318687,839,377,462,537
SPY,10,20,0.2,0.7,3,21,1.0,0.013769837286809583,0.042095323484630486,0.32711085571861964,-0.17139290843415209,0.2927201452357353,839,377,462,537
SPY,10,40,0.3,0.7,5,30,1.2,0.017275045005229916,0.05307884739957322,0.32546006274749695,-0.17465597892411158,0.3792625143604984,947,488,459,387
QQQ,10,40,0.3,0.7,5,30,1.2,0.019213736180147656,0.05964363694806308,0.3221422630024848,-0.1619276928977888,0.4294552673530374,971,501,470,413
SPY,10,40,0.3,0.7,3,21,1.2,0.014728466885966407,0.04630414637345498,0.318080950400802,-0.14437481235437186,0.31586326796911757,882,458,424,501
SPY,10,40,0.2,0.7,3,21,1.2,0.014273273186622859,0.04512628422656906,0.31629622139859603,-0.1468034427110087,0.3048255542568985,778,354,424,447
SPY,10,40,0.2,0.7,5,21,1.1,0.012767720754333078,0.04133096698194017,0.30891415533326416,-0.16719308907170777,0.2689394278962751,831,372,459,335
QQQ,10,40,0.2,0.7,5,30,1.2,0.017754252525532754,0.057589143984293496,0.30829165528792957,-0.16462553635732685,0.3915115998749621,843,373,470,363
QQQ,10,20,0.3,0.7,5,21,1.1,0.017001058594467544,0.0560210171888962,0.30347643523040646,-0.11727078353659273,0.37230505318146334,1038,547,491,515
QQQ,10,20,0.3,0.7,5,30,1.1,0.01916396417506183,0.06364317772151092,0.3011157654465226,-0.1326169194335238,0.4281453183748569,1038,547,491,515
SPY,10,40,0.3,0.7,3,30,1.2,0.01579160925068601,0.05321735115696662,0.29673797938773866,-0.15647510218351682,0.3419880866646099,882,458,424,501
QQQ,10,20,0.2,0.7,5,21,1.1,0.015424972596527198,0.054653732751481256,0.2822309075697879,-0.11727078353659263,0.33292367007599655,889,398,491,471
SPY,10,40,0.2,0.7,5,30,1.1,0.013317595875574906,0.047198393804405624,0.28216205684380313,-0.18379669749482833,0.281936464160192,831,372,459,335
SPY,10,40,0.3,0.7,3,21,1.1,0.011792297797106555,0.04253370146882409,0.27724598118388427,-0.15283075671168755,0.24619037516348152,882,458,424,501
SPY,10,40,0.3,0.7,5,21,1.1,0.01165098853445068,0.04229094598594039,0.2754960491620132,-0.18504172607635302,0.24292692401372107,947,488,459,387
SPY,10,40,0.2,0.7,3,30,1.2,0.014275907643999108,0.051855964362909956,0.2752992412616275,-0.1673336097421719,0.30488918266827025,778,354,424,447
QQQ,10,40,0.3,0.7,5,21,1.1,0.012862601972999599,0.04698722869636873,0.2737467675763062,-0.12805668966108827,0.27117313035316815,971,501,470,413
SPY,10,40,0.2,0.7,3,21,1.1,0.011385575176261709,0.04164961169772162,0.27336569807407207,-0.15583968025000283,0.2368192225599035,778,354,424,447
QQQ,10,40,0.3,0.7,5,30,1.1,0.01432217930200319,0.05342839150155793,0.2680630821832914,-0.13877881311958185,0.3060072322732639,971,501,470,413
QQQ,10,40,0.2,0.7,5,21,1.1,0.012187400495547784,0.04551593882831157,0.2677611581630619,-0.1301819314717376,0.25535813528972384,843,373,470,363
SPY,10,40,0.3,0.7,5,30,1.1,0.012903297444976758,0.04829744127213997,0.2671631685883934,-0.19452528505383787,0.2721323272022085,947,488,459,387
SPY,10,40,0.3,0.7,3,30,1.1,0.012860369216247225,0.04853772086707945,0.26495618225390816,-0.16054124489937702,0.27112052384459706,882,458,424,501
QQQ,10,20,0.2,0.7,5,30,1.1,0.016391108996476556,0.06216782624016072,0.2636590337444969,-0.13261691943352374,0.3569354575581891,889,398,491,471
SPY,10,40,0.2,0.7,5,21,1.0,0.009393160265990907,0.03781161957893527,0.248419939970617,-0.17507867129803453,0.19186860455507193,831,372,459,335
SPY,10,40,0.2,0.7,3,30,1.1,0.011650585505013078,0.04753396146310089,0.2451002429927297,-0.17140356234617043,0.24291762787654414,778,354,424,447
QQQ,10,40,0.2,0.7,5,30,1.1,0.012683684699647202,0.05177355318665198,0.24498385602240744,-0.1419947046928026,0.26696414691351844,843,373,470,363
QQQ,10,40,0.3,0.8,3,21,1.2,0.011204007387942694,0.045979613976691154,0.2436733678021403,-0.1133534626438567,0.23265735796451792,791,463,328,447
SPY,10,40,0.2,0.7,5,30,1.0,0.010271657761872222,0.04279117769776511,0.24004148318658422,-0.1866420250333804,0.2114942228800345,831,372,459,335
QQQ,10,40,0.2,0.8,3,21,1.2,0.010549365475670314,0.04400943490988125,0.23970690596851338,-0.10613878378583688,0.21776158499403198,671,343,328,379
SPY,10,40,0.3,0.7,3,30,1.0,0.009993709273839357,0.043922442645599226,0.22753081731989397,-0.17403660404854593,0.20525201263612036,882,458,424,501
SPY,10,40,0.3,0.7,3,21,1.0,0.008829123845756293,0.038861329081681946,0.2271956223421621,-0.16757755926672854,0.1794271172229016,882,458,424,501
QQQ,10,40,0.3,0.8,3,30,1.2,0.011960459195291762,0.05275721205062998,0.2267075671817829,-0.13453100226591636,0.2500845309647437,791,463,328,447
SPY,10,40,0.2,0.7,3,21,1.0,0.008602541394935992,0.03820880792134964,0.22514550604781408,-0.1628634599103923,0.17446387410401787,778,354,424,447
SPY,10,40,0.3,0.7,5,30,1.0,0.009715698385240445,0.043596024675056445,0.22285743843977826,-0.2047950579982309,0.1990388693382108,947,488,459,387
QQQ,10,40,0.3,0.8,3,21,1.1,0.00927127493665414,0.04171042510999439,0.22227716241694728,-0.10840488427302102,0.18916958589881294,791,463,328,447
SPY,10,40,0.3,0.7,5,21,1.0,0.00836984243100658,0.03852762874903178,0.21724260492457423,-0.19697240108245329,0.169387235500013,947,488,459,387
QQQ,10,20,0.3,0.7,5,30,1.0,0.012514269880539608,0.05776425831031443,0.2166438252060972,-0.12496572634187887,0.262990870610877,1038,547,491,515
SPY,10,40,0.2,0.7,3,30,1.0,0.009239900540099155,0.04319626852320334,0.21390506300644566,-0.1733216252978232,0.18847577088239875,778,354,424,447
QQQ,10,40,0.3,0.7,5,30,1.0,0.01009473139493311,0.04744931409380883,0.2127476779743433,-0.12999496060534022,0.20751725237252794,971,501,470,413
QQQ,10,40,0.3,0.8,3,30,1.1,0.009988416278933432,0.04746298003210912,0.21044646316299948,-0.1212106260435075,0.20513343771248316,791,463,328,447
QQQ,10,40,0.3,0.7,5,21,1.0,0.008627177675202047,0.0421987104585185,0.20444173723466258,-0.1282602805474027,0.17500256721796004,971,501,470,413
QQQ,10,40,0.2,0.8,3,21,1.1,0.00813356117462627,0.04016765412493169,0.20249032092660457,-0.09980940651621938,0.1642537060681608,671,343,328,379
QQQ,10,40,0.2,0.8,3,30,1.2,0.010188304963269834,0.05051616768944429,0.2016840435304587,-0.1298399664415991,0.20961906702880473,671,343,328,379
QQQ,10,20,0.3,0.7,5,21,1.0,0.010215293024012695,0.05134103990753451,0.19896934387013768,-0.11156150037936825,0.2102259060340692,1038,547,491,515
QQQ,10,20,0.3,0.8,3,21,1.2,0.010360484147368343,0.05510717141913311,0.18800609576871155,-0.1446853477898563,0.21349554480248734,829,506,323,507
QQQ,10,20,0.2,0.7,5,30,1.0,0.010639974687670861,0.056595227111912984,0.18800127202654524,-0.12496572634187889,0.21981310421899614,889,398,491,471
QQQ,10,20,0.2,0.7,5,21,1.0,0.009171849638477836,0.05022669673633553,0.18260905523262572,-0.11156150037936827,0.1869722066321402,889,398,491,471
QQQ,10,40,0.3,0.8,3,21,1.0,0.006843271195207334,0.03777649760480025,0.18115155266108526,-0.13493205771986203,0.13659468434337785,791,463,328,447
QQQ,10,20,0.3,0.8,3,30,1.2,0.011324675602925938,0.0629309869981849,0.17995388509086266,-0.16699269635907782,0.23542181288263908,829,506,323,507
QQQ,10,40,0.2,0.7,5,21,1.0,0.007319561539773423,0.04100576639369022,0.17850078619429788,-0.1103623684769128,0.14673133988142872,843,373,470,363
QQQ,10,40,0.3,0.8,3,30,1.0,0.007559372410883558,0.0425419144835074,0.1776923418388744,-0.14722150465664463,0.15186745526522039,791,463,328,447
QQQ,10,40,0.2,0.8,3,30,1.1,0.00796888608863422,0.04574370421937289,0.17420727561585012,-0.11951103564233721,0.16068854184796155,671,343,328,379
QQQ,10,40,0.2,0.7,5,30,1.0,0.008019099230398341,0.04614367301848812,0.17378545542279167,-0.11896429267919245,0.1617745439139502,843,373,470,363
QQQ,10,20,0.2,0.8,3,21,1.2,0.008934738358174599,0.05319266807277932,0.16796935897161433,-0.14070687828801587,0.18174736094866262,694,371,323,451
QQQ,10,40,0.2,0.8,3,21,1.0,0.005323033605906247,0.036515767819930156,0.1457735636877655,-0.12485307624651303,0.10480470755998561,671,343,328,379
QQQ,10,20,0.2,0.8,3,30,1.2,0.00859970244072139,0.060804467488865054,0.14143208214587571,-0.16699269635907768,0.17440181299433588,694,371,323,451
QQQ,10,40,0.2,0.8,3,30,1.0,0.005389292082725428,0.04117244132161093,0.130895616332973,-0.14199664658402583,0.10617252497929686,671,343,328,379
QQQ,10,20,0.3,0.8,3,30,1.1,0.0065932774095576185,0.05760792964850588,0.11445086552817337,-0.17805247260148263,0.1313081952488211,829,506,323,507
QQQ,10,20,0.3,0.8,3,21,1.1,0.0056892990809227495,0.05085856765393546,0.11186510637962312,-0.16920226932327828,0.11238585582385863,829,506,323,507
QQQ,10,20,0.2,0.8,3,21,1.1,0.004442579918392031,0.0493118328285049,0.09009155944055643,-0.15881435992298595,0.08678025595084682,694,371,323,451
QQQ,10,40,0.3,0.7,3,21,1.2,0.004207785667082353,0.051139104160004084,0.0822811767276374,-0.14944031589832205,0.08202083031534624,901,463,438,513
QQQ,10,20,0.2,0.8,3,30,1.1,0.004351786080986075,0.0559308883526403,0.07780648956527154,-0.1714426507025342,0.08493746288937465,694,371,323,451
QQQ,10,40,0.2,0.7,3,21,1.2,0.0035576730287583125,0.04937483515963311,0.07205437784766365,-0.14368414947719596,0.06894539087262475,781,343,438,445
QQQ,10,20,0.3,0.7,3,21,1.2,0.0035387098785135684,0.05922664855565304,0.059748609195544415,-0.16898598278123628,0.06856624777974263,958,506,452,595
QQQ,10,40,0.3,0.7,3,30,1.2,0.003272020227410355,0.05865264434346683,0.05578640595042186,-0.16755425797969015,0.06324760848126698,901,463,438,513
QQQ,10,20,0.2,0.7,3,21,1.2,0.0021225904712804944,0.05744890676810587,0.03694744757891374,-0.16496670961577325,0.040609789398158735,823,371,452,539
QQQ,10,20,0.3,0.7,3,30,1.2,0.0023964650860501813,0.06768133280015345,0.035408065812272946,-0.18922027455276388,0.045961915803148345,958,506,452,595
QQQ,10,40,0.3,0.7,3,21,1.1,0.0015663704902382225,0.046502881637086435,0.033683299509530376,-0.16589821111295955,0.02981969582748012,901,463,438,513
QQQ,10,20,0.3,0.8,3,30,1.0,0.0016620271891587546,0.0525948152872317,0.03160058990761853,-0.21062240157772016,0.031667763668722815,829,506,323,507
QQQ,10,40,0.2,0.7,3,30,1.2,0.0015150812676330006,0.05664423635633254,0.026747315615697626,-0.17178796819700617,0.028830089753350663,781,343,438,445
QQQ,10,40,0.3,0.7,3,30,1.1,0.0008504846381558462,0.05286877244980558,0.016086710523935642,-0.18288492508505635,0.016088092559107592,901,463,438,513
QQQ,10,20,0.3,0.8,3,21,1.0,0.0007285498017937098,0.046896993474584994,0.015535106790769745,-0.20028730943135684,0.013766573682965078,829,506,323,507
QQQ,10,40,0.2,0.7,3,21,1.1,0.000437342178834621,0.045123480137926025,0.009692119878560461,-0.15970362397716661,0.008242568315374843,781,343,438,445
QQQ,10,20,0.2,0.8,3,30,1.0,0.00034938567576792146,0.05129556319100439,0.0068112260404851665,-0.20550881772234714,0.006579706314267408,694,371,323,451
QQQ,10,20,0.2,0.8,3,21,1.0,5.1731889590733715e-05,0.045666115013069525,0.001132828785105284,-0.1923783413480531,0.0009716512687605317,694,371,323,451
QQQ,10,20,0.2,0.7,3,30,1.2,-0.00030445137643042575,0.06570726680569632,-0.00463345062473413,-0.19994610743949764,-0.005700273839242209,823,371,452,539
QQQ,10,20,0.3,0.7,3,21,1.1,-0.00094448418006432,0.05462888593175961,-0.017289098321428976,-0.20191418636468536,-0.01758351850394646,958,506,452,595
QQQ,10,40,0.2,0.7,3,30,1.1,-0.001150773729884702,0.05132946016533522,-0.02241936163322178,-0.18406597451051776,-0.0213848776944483,781,343,438,445
QQQ,10,20,0.3,0.7,3,30,1.1,-0.0016991732860694997,0.061907857543533035,-0.027446811333676935,-0.22021691737335464,-0.031422799726581796,958,506,452,595
QQQ,10,40,0.3,0.7,3,21,1.0,-0.0012491332204958017,0.04216822674913544,-0.029622616761360788,-0.18337188231048948,-0.023192470678557453,901,463,438,513
QQQ,10,40,0.3,0.7,3,30,1.0,-0.0016284691571409882,0.047417148761404175,-0.0343434643304935,-0.19840079158001717,-0.030134124837184806,901,463,438,513
QQQ,10,20,0.2,0.7,3,21,1.1,-0.002182979664845597,0.05319126841836604,-0.04104018816915167,-0.20072752421694962,-0.040197401269659094,823,371,452,539
QQQ,10,20,0.2,0.7,3,30,1.1,-0.003922198907841623,0.06034919851685312,-0.06499173152641471,-0.23018681659879203,-0.07112341739377681,823,371,452,539
QQQ,10,40,0.2,0.7,3,21,1.0,-0.002757152048711742,0.04104143395641915,-0.06717972017350786,-0.18717322113498913,-0.050513281788021835,781,343,438,445
QQQ,10,40,0.2,0.7,3,30,1.0,-0.0037787607216875907,0.04619073948002655,-0.08180775549873096,-0.20527980411944238,-0.06860899740145421,781,343,438,445
QQQ,10,20,0.3,0.7,3,30,1.0,-0.005565750921741608,0.056340558247303905,-0.09878764241758199,-0.24444059157045342,-0.09947937867127599,958,506,452,595
QQQ,10,20,0.3,0.7,3,21,1.0,-0.005367457906154227,0.05023363180864561,-0.10684988747380285,-0.2339247750969491,-0.0961022532356165,958,506,452,595
QQQ,10,20,0.2,0.7,3,21,1.0,-0.006040152934872922,0.049086140900586175,-0.123052104403685,-0.24412664960181046,-0.10751050227484249,823,371,452,539
QQQ,10,20,0.2,0.7,3,30,1.0,-0.006868920695822789,0.055128955600629484,-0.12459733040443009,-0.2617813925247039,-0.12137820481703654,823,371,452,539
QQQ,5,40,0.2,0.8,5,21,1.0,-0.017325975773957114,0.08847919575822727,-0.19581977012201823,-0.40766722503177966,-0.27972730493744946,757,371,386,407
QQQ,5,40,0.2,0.8,5,21,1.1,-0.02064476033351048,0.09794652830213742,-0.21077582525260333,-0.4439666214457733,-0.32405088842971097,757,371,386,407
QQQ,5,40,0.2,0.8,5,30,1.0,-0.021819428341295688,0.10349484594017826,-0.21082623142323126,-0.46311107092773296,-0.33911066192994677,757,371,386,407
SPY,5,20,0.3,0.8,3,21,1.2,-0.027409466473306332,0.12537271521872514,-0.2186238562791577,-0.5553929655297922,-0.4065271779570042,784,476,308,557
SPY,5,20,0.3,0.8,3,21,1.1,-0.025270833748607502,0.11508434034579937,-0.2195853377850977,-0.5299680186582817,-0.3815428587271582,784,476,308,557
SPY,5,20,0.3,0.8,3,30,1.1,-0.030271554767368647,0.13551100066461041,-0.2233881723173952,-0.5846394250612073,-0.43847101563282753,784,476,308,557
SPY,5,20,0.3,0.8,3,30,1.0,-0.027889977619719675,0.12306592967195257,-0.2266263107430615,-0.5569248357138233,-0.41200768751014205,784,476,308,557
SPY,5,20,0.3,0.8,3,30,1.2,-0.03380909604540416,0.14797371297674353,-0.22848041969939492,-0.6171859607504532,-0.47570638761113937,784,476,308,557
SPY,5,20,0.3,0.8,3,21,1.0,-0.024154491446574,0.10485948039971701,-0.23035105032467038,-0.5102728997535604,-0.3681089775043871,784,476,308,557
QQQ,5,40,0.2,0.8,3,21,1.0,-0.020791948292290252,0.08993415799632054,-0.23119078173991364,-0.4198996950401286,-0.3259555529341065,696,328,368,437
QQQ,5,40,0.2,0.8,5,30,1.1,-0.026693493902460674,0.11504336623009333,-0.2320298403740391,-0.5106251248474337,-0.39827130153287604,757,371,386,407
QQQ,5,40,0.2,0.8,3,21,1.1,-0.023320318395239514,0.09937266548072361,-0.23467538364222712,-0.4551790632814805,-0.35789083102534025,696,328,368,437
QQQ,5,40,0.2,0.8,5,21,1.2,-0.02531801771765807,0.10783984770382316,-0.23477423472622813,-0.4877456445341269,-0.38210466386393016,757,371,386,407
SPY,5,20,0.2,0.8,3,21,1.2,-0.02916790809854486,0.12370068370291616,-0.23579423512804112,-0.5638641100185412,-0.4263510114999699,657,349,308,473
QQQ,5,40,0.2,0.8,3,21,1.2,-0.02639054355312831,0.10917431795062511,-0.24172849483761946,-0.4913926551663874,-0.394745347007991,696,328,368,437
SPY,5,20,0.2,0.8,3,21,1.1,-0.027720941535753774,0.11366838847859174,-0.24387555684379852,-0.5406477707266857,-0.4100852186698206,657,349,308,473
QQQ,5,40,0.2,0.8,3,30,1.0,-0.025846310803020356,0.10516679842632168,-0.24576492951934734,-0.4806148595033403,-0.38836198849428294,696,328,368,437
QQQ,5,40,0.3,0.8,3,21,1.0,-0.022821659595688715,0.09139948137637866,-0.24969134673434548,-0.4162882608572489,-0.3517080436529999,806,438,368,511
SPY,5,20,0.3,0.8,5,30,1.0,-0.030199337089434564,0.11944863291881615,-0.2528227937942136,-0.6204058443666581,-0.43768540849178195,893,541,352,551
QQQ,5,40,0.2,0.8,3,30,1.1,-0.02967483636978674,0.1167105020457002,-0.2542602066621819,-0.5257764305911936,-0.4319484192901545,696,328,368,437
SPY,5,20,0.2,0.8,3,30,1.2,-0.03715740406732915,0.14601290343002638,-0.25448027670469586,-0.6320493065217391,-0.5087865578893764,657,349,308,473
SPY,5,20,0.2,0.8,3,30,1.1,-0.03423541039089517,0.13386331777810673,-0.2557490054717167,-0.6016479177278261,-0.48003244114426336,657,349,308,473
SPY,5,20,0.2,0.8,3,21,1.0,-0.026607671503215857,0.10369405693695294,-0.2565978445552921,-0.5192321871171294,-0.3972744177972939,657,349,308,473
SPY,5,20,0.3,0.8,5,21,1.0,-0.026216384837937534,0.10195113308672198,-0.25714657644498445,-0.5726039297032188,-0.3927095170271103,893,541,352,551
QQQ,5,40,0.3,0.8,3,30,1.0,-0.027616742237760672,0.10686467439548789,-0.2584272342004789,-0.4681694426652256,-0.40889718369922445,806,438,368,511
QQQ,5,40,0.3,0.8,5,21,1.0,-0.02328004462568023,0.09006037235043414,-0.2584937638842441,-0.4574604863325109,-0.35739356296708735,871,485,386,467
SPY,5,20,0.2,0.8,3,30,1.0,-0.031665499535798,0.12172444913979696,-0.26014083250794673,-0.571865087001606,-0.4534327267248528,657,349,308,473
QQQ,5,40,0.2,0.8,5,30,1.2,-0.033124564307020044,0.12704844872181897,-0.2607238784910194,-0.562183160380974,-0.46868869628445975,757,371,386,407
SPY,5,20,0.3,0.8,5,21,1.1,-0.02932332624112788,0.11181573623393014,-0.2622468646075042,-0.6051941530539837,-0.42807263618093194,893,541,352,551
QQQ,5,20,0.2,0.8,5,21,1.2,-0.02856699219616443,0.1088453902097158,-0.26245477315229904,-0.5444481716796797,-0.419648171633315,822,430,392,499
QQQ,5,40,0.3,0.8,3,21,1.1,-0.02671260931429087,0.10129860317678076,-0.2637016550729085,-0.45760552870816856,-0.3984931269805295,806,438,368,511
QQQ,5,40,0.2,0.8,3,30,1.2,-0.03410267898496566,0.12863324783466837,-0.2651155868255589,-0.5697147397616333,-0.4786891764577429,696,328,368,437
QQQ,5,20,0.2,0.8,5,21,1.1,-0.026248076108407625,0.09894070756497701,-0.26529096824145726,-0.5186227432048371,-0.3930804542940828,822,430,392,499
SPY,5,20,0.3,0.8,5,30,1.1,-0.03499620564672612,0.1314643376111944,-0.26620303485061747,-0.6602759852998634,-0.48766882096120734,893,541,352,551
QQQ,5,40,0.3,0.8,5,30,1.0,-0.028048309959934903,0.10532649671254574,-0.2662987076887557,-0.5102857241664812,-0.41380304013841873,871,485,386,467
SPY,5,40,0.2,0.8,3,21,1.0,-0.02417946269695559,0.089480072355721,-0.2702217606712703,-0.48052156789582595,-0.36841247495974616,686,336,350,457
SPY,5,20,0.2,0.8,5,21,1.1,-0.029697988210628412,0.1097420923254612,-0.27061620187223456,-0.5816800635447045,-0.43220281883414335,747,395,352,459
SPY,5,20,0.2,0.8,5,21,1.0,-0.027148583079203092,0.10026757266931487,-0.27076134742724695,-0.5508505357477446,-0.40353143033396344,747,395,352,459
SPY,5,20,0.2,0.8,5,21,1.2,-0.03256904585905429,0.11927167112645652,-0.2730660646527146,-0.6121835112560324,-0.46292835282153544,747,395,352,459
SPY,5,20,0.2,0.8,5,30,1.0,-0.03218029051938143,0.11748749151964824,-0.27390397141979744,-0.6014874960972263,-0.45886211605468397,747,395,352,459
SPY,5,20,0.3,0.8,5,21,1.2,-0.033462992208398545,0.1217307016968605,-0.2748936114056884,-0.6394127713788037,-0.4721692369910424,893,541,352,551
QQQ,5,40,0.3,0.8,3,30,1.1,-0.03275804920882719,0.11896213593348275,-0.2753653416843804,-0.5206991645254206,-0.46489479102076425,806,438,368,511
SPY,5,40,0.2,0.8,5,21,1.0,-0.024783192960743383,0.08940673615615255,-0.2771960371918567,-0.47213092006580276,-0.3757082727025324,757,383,374,415
QQQ,5,20,0.2,0.8,5,21,1.0,-0.024840531309133884,0.08926783631674579,-0.2782696695032816,-0.49549627128015256,-0.3763970155172567,822,430,392,499
QQQ,5,20,0.2,0.8,5,30,1.1,-0.03250794178944183,0.11607129744754066,-0.2800687379593913,-0.580986294460489,-0.4622911486940836,822,430,392,499
QQQ,5,40,0.3,0.8,3,21,1.2,-0.03134342213749375,0.11149788630681307,-0.2811122540138997,-0.5060157390354277,-0.4500096622195223,806,438,368,511
SPY,5,40,0.2,0.8,3,30,1.0,-0.0296119691427692,0.10484167561138827,-0.2824446382613199,-0.5348662690497034,-0.4312570704036862,686,336,350,457
SPY,5,20,0.2,0.8,5,30,1.1,-0.03652383816578997,0.12903042757033298,-0.28306376142078,-0.6405657765326715,-0.5026827521622181,747,395,352,459
QQQ,5,20,0.2,0.8,5,30,1.0,-0.02953386356298049,0.10425578048821986,-0.28328274388888774,-0.5465093402123391,-0.43039703619475933,822,430,392,499
SPY,5,40,0.2,0.8,3,21,1.1,-0.027982402322440092,0.09856848627952418,-0.28388791771729716,-0.5151721955413748,-0.413056335639728,686,336,350,457
QQQ,5,20,0.2,0.8,5,30,1.2,-0.03647566513723011,0.1281138890226648,-0.2847128083886139,-0.6160820779624842,-0.5022157252684347,822,430,392,499
SPY,5,20,0.3,0.8,5,30,1.2,-0.04095506393072357,0.14348129029444998,-0.285438358176709,-0.6999838771509104,-0.5439126477187255,893,541,352,551
SPY,5,40,0.2,0.8,5,30,1.0,-0.030187446171174304,0.10471214909583446,-0.28828981576479923,-0.5244325412613448,-0.4375559555271713,757,383,374,415
QQQ,5,40,0.3,0.8,5,21,1.1,-0.029251524123494743,0.10003762581244019,-0.2924052213947801,-0.5124809584727037,-0.42727786618862906,871,485,386,467
SPY,5,20,0.2,0.8,5,30,1.2,-0.041202956023841164,0.14058009521530818,-0.29309238950746175,-0.6775717577329231,-0.5461207889416815,747,395,352,459
QQQ,5,40,0.3,0.8,3,30,1.2,-0.03872249883952705,0.13136230076497038,-0.29477634461357544,-0.5753683836657555,-0.5235621901630947,806,438,368,511
QQQ,5,20,0.3,0.8,5,21,1.1,-0.029721755379713,0.10074583096388859,-0.29501722399179464,-0.5608021665601597,-0.4324638675903467,944,552,392,553
QQQ,5,40,0.2,0.7,5,21,1.0,-0.02727109736001121,0.09238866305627248,-0.29517796294336257,-0.49653016277868284,-0.40494005145901013,887,371,516,487
QQQ,5,20,0.3,0.8,5,30,1.0,-0.03137881362614714,0.10584689135185259,-0.2964547491700892,-0.5767819434359167,-0.45038679601952547,944,552,392,553
SPY,5,40,0.2,0.8,3,21,1.2,-0.03222443592150093,0.10787600580946309,-0.2987173623986191,-0.5508316697978145,-0.45932532327949915,686,336,350,457
QQQ,5,20,0.3,0.8,5,21,1.0,-0.02714771291188567,0.09067238546941138,-0.29940441923240274,-0.5295307324205818,-0.40352141421036314,944,552,392,553
SPY,5,20,0.3,0.7,3,21,1.2,-0.03912658975870442,0.13031135342250483,-0.30025464958410325,-0.6400491132184184,-0.5273081860514786,975,476,499,687
QQQ,5,20,0.2,0.8,3,21,1.2,-0.034118932558437676,0.11356464907735131,-0.3004362082358793,-0.5480524815013222,-0.4788538417622584,740,373,367,515
QQQ,5,20,0.3,0.8,5,30,1.1,-0.03551044638714118,0.11814656504705061,-0.30056266445833213,-0.6178267530997822,-0.4927701719538158,944,552,392,553
SPY,5,40,0.2,0.8,3,30,1.1,-0.035012553856064166,0.11590719545377683,-0.3020740318924116,-0.578998841044728,-0.4878317426787032,686,336,350,457
QQQ,5,20,0.3,0.8,5,21,1.2,-0.03358242144183621,0.11114819285192501,-0.30214095776236083,-0.5931640483583726,-0.4733923382995452,944,552,392,553
QQQ,5,40,0.2,0.7,5,21,1.1,-0.031147521538700484,0.10254545851703747,-0.3037435493403685,-0.5303201041907422,-0.4479176985892074,887,371,516,487
QQQ,5,40,0.3,0.8,5,30,1.1,-0.035760503918998765,0.11748644178205707,-0.30437983631622956,-0.5733811539974074,-0.49523336961355136,871,485,386,467
QQQ,5,40,0.2,0.7,3,21,1.2,-0.03495792992453084,0.11392896481390179,-0.3068397047373612,-0.5774271733916743,-0.4872871837993069,825,328,497,529
SPY,5,40,0.3,0.8,3,21,1.0,-0.02801242090752465,0.0911546587762681,-0.30730651931108555,-0.4853798702367613,-0.41339654458459085,792,442,350,525
QQQ,5,20,0.2,0.8,3,21,1.1,-0.03204779809249747,0.10351327062985573,-0.3096008646765153,-0.5305240260044108,-0.4574696475396508,740,373,367,515
SPY,5,20,0.3,0.7,3,21,1.1,-0.03706470387921734,0.11940509373932064,-0.31041141310215115,-0.620260924116524,-0.5078979306981235,975,476,499,687
SPY,5,40,0.2,0.8,5,21,1.1,-0.030715221419116423,0.09842289189492655,-0.3120739578746285,-0.5148218792433125,-0.44327461041445615,757,383,374,415
SPY,5,40,0.3,0.8,3,30,1.0,-0.03347131246017532,0.10682239781389909,-0.3133360900444067,-0.5360072969755904,-0.47225453361906544,792,442,350,525
QQQ,5,40,0.2,0.7,5,21,1.2,-0.035485903321462176,0.1130280065631202,-0.31395672984505096,-0.5731569791832036,-0.49252779758642173,887,371,516,487
QQQ,5,20,0.3,0.8,5,30,1.2,-0.04107925459045536,0.130789736887105,-0.3140862239513038,-0.6576176116211407,-0.545020165484236,944,552,392,553
QQQ,5,40,0.2,0.7,5,30,1.0,-0.0340465496649035,0.10802037871142015,-0.31518635715821675,-0.5601174497946266,-0.478120150254853,887,371,516,487
QQQ,5,40,0.2,0.7,3,21,1.1,-0.032760226940379056,0.10351219838281175,-0.31648663106568614,-0.5510061114820383,-0.4649174089122111,825,328,497,529
SPY,5,20,0.2,0.7,3,21,1.2,-0.040863846849853,0.1287027847734866,-0.3175055374425057,-0.6469072952406919,-0.5430975591934202,848,349,499,603
SPY,5,20,0.3,0.7,3,30,1.2,-0.0488847328918558,0.15372114625781483,-0.3180091619266768,-0.7080827438425563,-0.6097406118711433,975,476,499,687
QQQ,5,20,0.3,0.8,3,21,1.2,-0.03677538130147573,0.11559770008888673,-0.31813246520647015,-0.5724052955097977,-0.5051146766472245,852,485,367,573
SPY,5,20,0.3,0.7,3,30,1.1,-0.04506514553148799,0.1404937238823852,-0.32076269520206063,-0.6823995300543526,-0.579243431367314,975,476,499,687
QQQ,5,20,0.2,0.8,3,30,1.2,-0.042952673371908334,0.13373047249550807,-0.32118837666823535,-0.6199790658167401,-0.5614212809430552,740,373,367,515
SPY,5,40,0.2,0.8,3,30,1.2,-0.040885851411620266,0.12718082206448159,-0.32147811869694354,-0.621955819928142,-0.5432943114873314,686,336,350,457
QQQ,5,20,0.3,0.8,3,21,1.1,-0.03383621199541664,0.10513691864671283,-0.3218299759108886,-0.5508649755701717,-0.4759825601805018,852,485,367,573
SPY,5,40,0.3,0.8,3,21,1.1,-0.03256133638944125,0.10058623047879944,-0.3237156441239162,-0.5225715786844608,-0.46284799652512376,792,442,350,525
QQQ,5,20,0.2,0.8,3,30,1.1,-0.03938445382506495,0.12147863294417287,-0.32420889888647825,-0.5945342367788338,-0.5296840397736199,740,373,367,515
QQQ,5,40,0.2,0.7,3,21,1.0,-0.030357136671123053,0.09334738756567934,-0.32520606588763645,-0.5204920852642371,-0.4394006577918578,825,328,497,529
QQQ,5,20,0.2,0.8,3,21,1.0,-0.030584996084219163,0.09360459587044082,-0.32674673502732926,-0.5125142134214792,-0.44186870487753693,740,373,367,515
QQQ,5,20,0.3,0.8,3,30,1.1,-0.040427783115500215,0.12335465142161971,-0.32773618707996816,-0.6090885458844919,-0.5391819330848442,852,485,367,573
QQQ,5,20,0.3,0.8,3,30,1.2,-0.04481201811477531,0.13610176585370506,-0.3292537597413943,-0.6374092435856502,-0.5771446262082445,852,485,367,573
SPY,5,20,0.3,0.7,3,21,1.0,-0.03577727333447156,0.10866135792167493,-0.3292547969100521,-0.6034048751668597,-0.4953981512952381,975,476,499,687
SPY,5,40,0.2,0.8,5,30,1.1,-0.03813583852315039,0.11568044057463865,-0.32966539834834574,-0.5774118121625761,-0.5180736903469334,757,383,374,415
SPY,5,20,0.3,0.7,3,30,1.0,-0.042101332260020996,0.12740093058106633,-0.33046330248923533,-0.6584405580991927,-0.5540387223477358,975,476,499,687
QQQ,5,20,0.3,0.8,3,30,1.0,-0.03666783313499722,0.11080934406982164,-0.33090921566950704,-0.5759785106873418,-0.5040762796896028,852,485,367,573
QQQ,5,40,0.2,0.7,5,30,1.1,-0.0398962166157113,0.12041773461484297,-0.33131512350169723,-0.6092662380760494,-0.5343657694233743,887,371,516,487
QQQ,5,20,0.3,0.8,3,21,1.0,-0.031495563097185486,0.09488588315723838,-0.331930968540317,-0.5263402519227832,-0.4516291501010019,852,485,367,573
QQQ,5,20,0.2,0.8,3,30,1.0,-0.03645060322958915,0.10934771323430334,-0.3333458208813669,-0.5667509987162596,-0.501972591428228,740,373,367,515
SPY,5,40,0.3,0.8,3,30,1.1,-0.03952202304879027,0.1182993017716655,-0.3340850069011683,-0.581534683207843,-0.5309469171090431,792,442,350,525
SPY,5,20,0.2,0.7,3,21,1.1,-0.039485166248899084,0.11803993403464554,-0.3345068478038112,-0.6288891012238378,-0.5306088890704873,848,349,499,603
QQQ,5,40,0.3,0.8,5,21,1.2,-0.03695145247462084,0.11041149395885567,-0.3346703422778667,-0.579440309884595,-0.5068102333417364,871,485,386,467
SPY,5,40,0.2,0.7,3,21,1.0,-0.030867102181037165,0.09173010816095083,-0.3364991364326896,-0.5439656655936917,-0.44491007127039317,797,336,461,525
QQQ,5,40,0.2,0.7,3,30,1.2,-0.04527730809729158,0.1342293515042319,-0.337313021257233,-0.6614201964101316,-0.5809949753729647,825,328,497,529
SPY,5,40,0.2,0.7,3,21,1.1,-0.03455475220524751,0.10124925649614577,-0.34128400939480374,-0.5734176317686182,-0.4832508220972517,797,336,461,525
QQQ,5,40,0.3,0.7,3,21,1.0,-0.03236702116556356,0.09475917282363194,-0.3415713772196581,-0.5139813545988517,-0.4608188734897678,935,438,497,603
SPY,5,40,0.3,0.8,3,21,1.2,-0.03765071477796922,0.11019721435539588,-0.34166666551608366,-0.5679342957004183,-0.5134899548922899,792,442,350,525
QQQ,5,40,0.2,0.7,3,30,1.1,-0.041574455334968285,0.12155137950973635,-0.3420319498030719,-0.6281088297592281,-0.5494110416860983,825,328,497,529
QQQ,5,40,0.3,0.7,3,21,1.1,-0.036119730327717536,0.10536134732875942,-0.34281765793116714,-0.5530057926136913,-0.49875212545817027,935,438,497,603
QQQ,5,40,0.3,0.7,3,21,1.2,-0.03986722509441576,0.1161560892472374,-0.34322113763281625,-0.5895766595267864,-0.5341017312752162,935,438,497,603
SPY,5,20,0.2,0.7,3,30,1.2,-0.05218079670864273,0.15183312240733524,-0.3436720254533988,-0.7194168817529075,-0.6343639273320373,848,349,499,603
QQQ,5,40,0.2,0.7,3,30,1.0,-0.037587890010407965,0.10911728866458154,-0.34447236061693537,-0.5886500911167999,-0.5128933396272733,825,328,497,529
SPY,5,40,0.2,0.7,3,30,1.0,-0.037267636806510795,0.10736938876142724,-0.34709741050420606,-0.5991850433890554,-0.5098412753770314,797,336,461,525
QQQ,5,40,0.2,0.7,5,30,1.2,-0.046241259354843134,0.13315002557122246,-0.3472868980420023,-0.6594978323758728,-0.5888664689958201,887,371,516,487
SPY,5,40,0.2,0.8,5,21,1.2,-0.03757258670035002,0.10761999996213942,-0.3491227161639845,-0.5640609437252971,-0.5127479069011132,757,383,374,415
QQQ,5,40,0.3,0.8,5,30,1.2,-0.045465395120870555,0.13006761645971937,-0.3495519973255659,-0.645340420496956,-0.5825419850988789,871,485,386,467
SPY,5,40,0.2,0.7,3,21,1.2,-0.03883684034407009,0.11096975423863187,-0.3499768077394717,-0.6051670774670895,-0.5246249979620162,797,336,461,525
SPY,5,20,0.2,0.7,3,30,1.1,-0.04896853097057208,0.13890335101134624,-0.35253671429836214,-0.6954048694869202,-0.6103856221936399,848,349,499,603
QQQ,5,40,0.3,0.7,5,21,1.0,-0.033164908244999514,0.0939015729985973,-0.35318799447049654,-0.5388533402579961,-0.4691047488344515,1001,485,516,547
QQQ,5,40,0.3,0.7,3,30,1.0,-0.03933698224461668,0.11075393351356379,-0.3551745838426512,-0.5775798466845471,-0.5292475069095768,935,438,497,603
SPY,5,20,0.2,0.7,3,21,1.0,-0.03820123485551519,0.10753601952137061,-0.3552412952008463,-0.610660364374181,-0.5186884570064437,848,349,499,603
SPY,5,40,0.3,0.8,3,30,1.2,-0.0461658892414627,0.1299368035762461,-0.3552949431634498,-0.6329137068861415,-0.5882560880503572,792,442,350,525
SPY,5,40,0.2,0.7,3,30,1.1,-0.04281271798254582,0.11896687139389978,-0.3598709244088024,-0.6383097687755412,-0.5602156325423513,797,336,461,525
QQQ,5,40,0.3,0.7,3,30,1.1,-0.04461985707794691,0.12371384105449704,-0.3606698870362571,-0.6241271836736518,-0.5755447095121204,935,438,497,603
SPY,5,40,0.3,0.8,5,21,1.0,-0.03304125122239776,0.091290234263684,-0.3619363176017376,-0.5167654841623498,-0.46782854122319195,878,504,374,481
SPY,5,20,0.2,0.7,3,30,1.0,-0.04582165951740147,0.12610376638342538,-0.36336471805352916,-0.6699577549611154,-0.5854574382434555,848,349,499,603
QQQ,5,40,0.3,0.7,3,30,1.2,-0.049843680476311714,0.13684544969329887,-0.36423337851585497,-0.6658688954930725,-0.6170617849683291,935,438,497,603
SPY,5,40,0.3,0.8,5,30,1.0,-0.03910290504610847,0.10695038015972273,-0.3656172608990364,-0.5668453864954215,-0.5270893960007208,878,504,374,481
QQQ,5,40,0.3,0.7,5,30,1.0,-0.040197571128202325,0.10977383783750068,-0.3661853490784133,-0.598768473587532,-0.5371019568465352,1001,485,516,547
SPY,5,40,0.2,0.7,5,21,1.0,-0.03435788835857756,0.09259239025868675,-0.3710660051283664,-0.5625349496623727,-0.48126903178702574,874,383,491,483
SPY,5,40,0.3,0.7,3,21,1.0,-0.03467379178822083,0.09336327403033057,-0.3713857739924212,-0.5482306216293419,-0.4844456906612792,903,442,461,593
SPY,5,40,0.2,0.8,5,30,1.2,-0.0471376805969671,0.12680876396490265,-0.371722577550031,-0.6347393992144346,-0.5960607156375552,757,383,374,415
SPY,5,40,0.2,0.7,3,30,1.2,-0.04901137570019598,0.13075214496182555,-0.3748418484033693,-0.6774265791556326,-0.610715016459852,797,336,461,525
SPY,5,40,0.3,0.7,3,30,1.0,-0.04109653266486035,0.10930326768099421,-0.3759863134632183,-0.6001682897721352,-0.545174047419912,903,442,461,593
SPY,5,20,0.3,0.7,5,21,1.1,-0.04369866694751756,0.11617735851571671,-0.3761375495691436,-0.6917744470857604,-0.5677950441161437,1085,541,544,678
SPY,5,20,0.3,0.7,5,21,1.0,-0.040034544589859444,0.10581900406977662,-0.37833038537634345,-0.6630850849015574,-0.5356236319173696,1085,541,544,678
SPY,5,40,0.3,0.7,3,21,1.1,-0.03910272556037375,0.10321347590134407,-0.37885290868170973,-0.5799280801290465,-0.5270877376161925,903,442,461,593
QQQ,5,40,0.3,0.7,5,21,1.1,-0.03966198502622653,0.10454123509467213,-0.3793908211464002,-0.5873076665536087,-0.5322284647006306,1001,485,516,547
SPY,5,20,0.3,0.7,5,30,1.0,-0.04712570632650759,0.12387301847795498,-0.3804356017601549,-0.7168744198210373,-0.595965406199057,1085,541,544,678
SPY,5,20,0.3,0.7,5,21,1.2,-0.04823515498460773,0.1266777176541651,-0.3807706349453777,-0.7190057869554832,-0.6047062799208635,1085,541,544,678
SPY,5,20,0.2,0.7,5,21,1.2,-0.047354871351619976,0.1243168764026334,-0.38092069815403484,-0.7004763234220759,-0.5977857596780454,939,395,544,587
SPY,5,40,0.2,0.7,5,30,1.0,-0.04141819129508806,0.1083629640893674,-0.38221722378256745,-0.6184276879679135,-0.5480298212179395,874,383,491,483
SPY,5,20,0.2,0.7,5,21,1.1,-0.04406778032024283,0.1141826446423199,-0.38594114244144806,-0.6752876784079509,-0.5709162191540036,939,395,544,587
SPY,5,20,0.3,0.7,5,30,1.1,-0.052948392325497196,0.1365085053977065,-0.38787614127952197,-0.7508292352956621,-0.639883248585514,1085,541,544,678
SPY,5,40,0.3,0.7,3,30,1.1,-0.04728573633856181,0.12129753736759304,-0.3898326162654239,-0.6404883597813286,-0.5972374109201115,903,442,461,593
SPY,5,40,0.3,0.7,3,21,1.2,-0.04422604371357575,0.11322633230990421,-0.39059857200467824,-0.6202008171901721,-0.5722479271872125,903,442,461,593
SPY,5,20,0.2,0.7,5,21,1.0,-0.04095351477509901,0.10419736134859792,-0.39303792576941377,-0.646790136776971,-0.543898816426336,939,395,544,587
SPY,5,40,0.2,0.7,5,21,1.1,-0.04048756381869234,0.10203326743017095,-0.3968074809169571,-0.5999223822531841,-0.5397206056162722,874,383,491,483
QQQ,5,40,0.3,0.7,5,30,1.1,-0.048840234318587306,0.12275007851244786,-0.39788352814482725,-0.6542066018148536,-0.6093976867656503,1001,485,516,547
SPY,5,20,0.3,0.7,5,30,1.2,-0.05973760774350967,0.1492516183412586,-0.4002476382327843,-0.7815690690724321,-0.685382366880358,1085,541,544,678
SPY,5,20,0.2,0.7,5,30,1.0,-0.049072085281019584,0.12198176743045537,-0.4022903284213906,-0.7043984143919017,-0.6111813059239248,939,395,544,587
QQQ,5,20,0.2,0.7,5,21,1.2,-0.046458296248538145,0.11491744783768902,-0.40427539179391175,-0.6649740700799066,-0.5906193494372283,1003,430,573,601
SPY,5,20,0.2,0.7,5,30,1.1,-0.05444760594681286,0.13416511744492568,-0.4058253515051214,-0.7389141838792037,-0.6504365163765046,939,395,544,587
SPY,5,40,0.3,0.7,3,30,1.2,-0.05424668154928869,0.13343314952040938,-0.4065457627603352,-0.6867766056012048,-0.649039357254189,903,442,461,593
QQQ,5,40,0.3,0.7,5,21,1.2,-0.046997978049268196,0.11548018867679842,-0.4069787085367894,-0.6422870020004678,-0.5949474248195432,1001,485,516,547
SPY,5,40,0.3,0.8,5,21,1.1,-0.04106232899369644,0.1006969323852586,-0.40778132978862924,-0.5748409665703766,-0.5448693749930099,878,504,374,481
QQQ,5,20,0.2,0.7,3,21,1.2,-0.04851908852809639,0.11897730862975449,-0.40780119408384796,-0.6585165557930793,-0.6069143272141694,903,373,530,627
SPY,5,20,0.2,0.7,5,30,1.2,-0.05998064496077593,0.14646442523926592,-0.4095236427739424,-0.7684535960980285,-0.6869055842238854,939,395,544,587
QQQ,5,20,0.2,0.7,5,21,1.1,-0.04325736307292649,0.10452586164263487,-0.4138436401588324,-0.6411898082728207,-0.5640352234652704,1003,430,573,601
SPY,5,40,0.2,0.7,5,30,1.1,-0.04988302098728936,0.11985953364946499,-0.4161790011062005,-0.66498666017309,-0.6173593392867924,874,383,491,483
SPY,5,40,0.3,0.8,5,30,1.1,-0.04928911661390245,0.11838485687427538,-0.4163464645334449,-0.6328935803817672,-0.6128439287970289,878,504,374,481
QQQ,5,20,0.2,0.7,3,21,1.1,-0.0454245598323858,0.10843766242377408,-0.4189002125005863,-0.6378210484732004,-0.5822065764311763,903,373,530,627
QQQ,5,20,0.3,0.7,3,21,1.2,-0.051135932730249634,0.12091819997598757,-0.4228969066724812,-0.6791979536518742,-0.626722125440256,1015,485,530,685
SPY,5,40,0.2,0.7,5,21,1.2,-0.04739284437640512,0.11164078858554442,-0.424511909821297,-0.6422138942178647,-0.5980866443439974,874,383,491,483
QQQ,5,20,0.3,0.7,3,21,1.1,-0.04718825847909236,0.10998782976937349,-0.4290316353912831,-0.6557541690462808,-0.5964630564923845,1015,485,530,685
QQQ,5,40,0.3,0.7,5,30,1.2,-0.05841467365520503,0.13602917304080078,-0.4294275437349314,-0.7125914488423774,-0.6769671819288421,1001,485,516,547
QQQ,5,20,0.2,0.7,5,21,1.0,-0.04056678276994008,0.0941766092744524,-0.4307522120670017,-0.6165685777723923,-0.5404335141306098,1003,430,573,601
QQQ,5,20,0.2,0.7,3,21,1.0,-0.042838892723905175,0.09787727605219862,-0.4376796581574144,-0.6158281456000476,-0.560441353631463,903,373,530,627
QQQ,5,20,0.2,0.7,5,30,1.2,-0.05933683549761415,0.13523337852314107,-0.43877359380961156,-0.7419646787108444,-0.6828552233422458,1003,430,573,601
QQQ,5,20,0.3,0.7,5,21,1.2,-0.05138135415324607,0.11709791873239175,-0.43878964467908094,-0.7008860634163638,-0.6285305282056268,1125,552,573,655
QQQ,5,20,0.2,0.7,3,30,1.2,-0.06147630513620661,0.1401004401051945,-0.4388016560836432,-0.7359666344456219,-0.6961269280087689,903,373,530,627
QQQ,5,20,0.3,0.7,5,21,1.1,-0.0466703648697141,0.10623396683585687,-0.43931678595627455,-0.6727225453398867,-0.5923252679997711,1125,552,573,655
QQQ,5,20,0.2,0.7,5,30,1.1,-0.0539400265258122,0.12257213617898341,-0.4400676059610106,-0.7116069278790026,-0.6468967876933127,1003,430,573,601
QQQ,5,20,0.3,0.7,3,21,1.0,-0.04373794970864264,0.09910293465136667,-0.4413385926714278,-0.6291092386217724,-0.5681282332740718,1015,485,530,685
QQQ,5,20,0.2,0.7,3,30,1.1,-0.05635738702703841,0.12723264399788536,-0.44294754283322985,-0.7086913423880261,-0.6634561651206492,903,373,530,627
QQQ,5,20,0.3,0.7,3,30,1.2,-0.06329966229895967,0.14236482796233713,-0.44462992162436155,-0.7496690426231942,-0.7070209842411033,1015,485,530,685
QQQ,5,20,0.3,0.7,3,30,1.1,-0.057382281930870804,0.12902457596049416,-0.44473916309122846,-0.7211069894601951,-0.6702525694712342,1015,485,530,685
QQQ,5,20,0.2,0.7,5,30,1.0,-0.04903472262748931,0.10990821708932302,-0.44614246255708545,-0.6779691825361125,-0.6108943988134901,1003,430,573,601
QQQ,5,20,0.3,0.7,5,21,1.0,-0.042836756798734665,0.09550752591838792,-0.4485170816312327,-0.6425368513050754,-0.5604229383298012,1125,552,573,655
QQQ,5,20,0.3,0.7,3,30,1.0,-0.05195208548453989,0.11568648946734329,-0.44907651467119025,-0.6873157168974481,-0.6327039773921983,1015,485,530,685
SPY,5,40,0.2,0.7,5,30,1.2,-0.059215937581257316,0.13149885868764566,-0.4503152207724877,-0.7137919337145016,-0.6820891139885135,874,383,491,483
SPY,5,40,0.3,0.7,5,21,1.0,-0.04253486886207314,0.09440900460016127,-0.4505382621309883,-0.5995252992993046,-0.5578127916869353,995,504,491,549
QQQ,5,20,0.2,0.7,3,30,1.0,-0.05173830215426589,0.11428728463422036,-0.4527039234491901,-0.6784222637699339,-0.6311459225955334,903,373,530,627
SPY,5,40,0.3,0.8,5,21,1.2,-0.04997700077077227,0.11023374263470799,-0.45337298341022314,-0.6368290033603566,-0.6180692752352579,878,504,374,481
SPY,5,40,0.3,0.7,5,30,1.0,-0.05023040625356512,0.11052365476895182,-0.45447652232068414,-0.6524577022560054,-0.6199773251438351,995,504,491,549
QQQ,5,20,0.3,0.7,5,30,1.0,-0.05084259966995852,0.11141742143870081,-0.4563254023782169,-0.6995515460763847,-0.6245497482558989,1125,552,573,655
QQQ,5,20,0.3,0.7,5,30,1.1,-0.056876019018928026,0.12453715151668208,-0.4566992124539586,-0.73703764890196,-0.6669117846472274,1125,552,573,655
QQQ,5,20,0.3,0.7,5,30,1.2,-0.06383119735901643,0.13776806862755914,-0.4633235988201089,-0.7699464779271384,-0.7101264838486562,1125,552,573,655
SPY,5,40,0.3,0.8,5,30,1.2,-0.06047986980910225,0.12991749175475187,-0.4655252267590837,-0.7053058631337812,-0.6900125656613671,878,504,374,481
SPY,5,40,0.3,0.7,5,21,1.1,-0.05073035171313467,0.10422466180250285,-0.4867403821301383,-0.6494140894218834,-0.6237152959744519,995,504,491,549
SPY,5,40,0.3,0.7,5,30,1.1,-0.06090008484109177,0.12246736993180703,-0.49727600809099193,-0.7089706923954145,-0.6926051723740124,995,504,491,549
SPY,5,40,0.3,0.7,5,21,1.2,-0.05967068833794531,0.11415818810053754,-0.5227017818940343,-0.701007404053313,-0.684961724346714,995,504,491,549
SPY,5,40,0.3,0.7,5,30,1.2,-0.07238900436431206,0.1344943204128981,-0.5382309389874422,-0.7680679305519931,-0.7560317015004759,995,504,491,549
