code,name
000010,*ST美丽
000016,*ST康佳A
000056,*ST皇庭
000078,ST海王
000488,ST晨鸣
000609,*ST中迪
000610,*ST西旅
000615,*ST美谷
000632,ST三木
000638,*ST万方
000639,ST西王
000669,ST金鸿
000677,ST海龙
000698,ST沈化
000711,ST京蓝
000752,*ST西发
000793,ST华闻
000821,ST京机
000826,*ST启环
000838,*ST发展
000903,ST云动
000909,*ST数源
000911,*ST广糖
002024,ST易购
002055,ST得润
002082,ST万邦
002102,ST能特
002109,ST兴化
002122,ST汇洲
002168,ST惠程
002175,*ST东智
002193,ST如意
002198,ST嘉应
002207,*ST准油
002211,ST宏达
002217,ST合力泰
002227,*ST特迅
002305,*ST南置
002306,ST云网
002323,*ST雅博
002360,ST同德
002424,ST百灵
002431,ST棕榈
002485,ST雪发
002501,*ST利源
002512,ST达华
002514,*ST宝馨
002528,*ST英飞
002538,ST司特
002542,*ST中岩
002547,*ST春兴
002569,*ST步森
002581,*ST未名
002586,ST围海
002592,ST八菱
002598,ST章鼓
002620,*ST瑞和
002630,*ST华西
002634,*ST棒杰
002650,ST加加
002667,*ST威领
002689,ST远智
002691,*ST冀凯
002694,*ST顾地
002717,*ST岭南
002719,ST麦趣
002726,ST龙大
002731,*ST萃华
002759,ST天际
002789,*ST建艺
002816,*ST和科
002822,ST中装
002856,*ST美芝
002872,ST天圣
002883,*ST中设
002932,*ST明德
002977,*ST天箭
300010,ST豆神
300020,ST银江
300027,ST华谊
300044,*ST赛为
300068,ST南都
300076,*ST宁视
300081,ST恒信
300087,ST荃银
300091,*ST金灵
300096,ST易联众
300123,ST亚光
300147,*ST香雪
300152,*ST动力
300167,ST迪威迅
300173,ST福能
300198,*ST纳川
300205,*ST天喻
300211,*ST亿通
300212,*ST易录
300237,ST美晨
300245,ST天玑
300290,ST荣科
300295,*ST三六五
300301,ST长方
300326,ST凯利
300338,*ST开元
300352,ST信源
300366,ST创意
300385,ST雪浪
300396,ST迪瑞
300419,ST浩丰
300430,*ST益通
300460,ST惠伦
300462,ST华铭
300472,*ST新元
300477,ST合纵
300527,ST应急
300555,ST路通
300594,ST朗进
300716,*ST泉为
300831,ST派瑞
301030,*ST仕净
301139,*ST元道
600053,*ST九鼎
600079,ST人福
600080,ST金花
600082,ST海泰
600084,*ST尼雅
600107,*ST尔雅
600119,*ST长投
600136,ST明诚
600165,ST宁科
600169,ST太重
600180,*ST瑞茂
600187,*ST国中
600238,ST椰岛
600239,ST云城
600243,*ST海华
600265,*ST景谷
600289,ST信通
600302,ST标准
600337,ST美克
600340,*ST华幸
600355,*ST精伦
600365,ST通葡
600370,*ST三房
600381,*ST春天
600423,*ST柳化
600439,ST瑞贝卡
600476,*ST湘邮
600491,ST龙元
600525,ST长园
600530,ST交昂
600537,*ST亿晶
600543,*ST莫高
600568,ST中珠
600581,*ST八钢
600624,ST复华
600678,ST金顶
600730,*ST高科
600734,*ST实达
600735,ST新华锦
600745,*ST闻泰
600753,ST海钦
600759,ST洲际
600818,ST中路
600889,*ST京化
600965,*ST福成
601010,ST文峰
601718,ST际华
603008,ST喜临门
603021,*ST华鹏
603189,*ST网达
603272,*ST联翔
603359,*ST东珠
603377,ST东时
603378,*ST亚士
603398,*ST沐邦
603429,*ST集友
603517,ST绝味
603557,*ST起步
603595,ST东尼
603718,*ST海利
603729,ST龙韵
603789,ST星农
603822,ST嘉澳
603825,ST华扬
603828,*ST利达
603838,*ST四通
603843,*ST正平
603869,ST智知
603922,ST金鸿顺
603959,ST百利
605199,ST葫芦娃
605336,*ST帅电
688022,ST瀚川
688033,*ST天宜
688053,ST思科瑞
688066,*ST航图
688076,ST诺泰
688089,ST嘉必优
688121,*ST卓然
688184,ST帕瓦
688189,ST南新
688201,ST信安
688270,ST臻镭
688496,*ST清越
688622,*ST禾信
