code,name
300561,*ST汇科
688646,ST逸飞
002024,ST易购
000488,ST晨鸣
300029,*ST天龙
603429,*ST集友
000615,*ST美谷
600599,*ST熊猫
002569,*ST步森
002122,ST汇洲
000908,ST景峰
002731,ST萃华
605081,*ST太和
000638,*ST万方
002199,*ST东晶
002620,ST瑞和
002305,*ST南置
000903,ST云动
200488,ST晨鸣B
002808,*ST恒久
002713,*ST东易
300268,*ST佳沃
300093,*ST金刚
600358,ST联合
000656,*ST金科
300211,*ST亿通
000697,ST炼石
300125,*ST聆达
600525,ST长园
300205,*ST天喻
600136,ST明诚
300477,ST合纵
300716,ST泉为
002485,ST雪发
605199,ST葫芦娃
600624,ST复华
000752,ST西发
000736,*ST中地
688076,ST诺泰
002496,*ST辉丰
300175,ST朗源
300460,ST惠伦
000504,*ST生物
002581,ST未名
002055,ST得润
300343,ST联创
603389,*ST亚振
002592,ST八菱
603517,ST绝味
002762,*ST金比
600165,ST宁科
002253,*ST智胜
301288,*ST清研
688053,ST思科瑞
600228,*ST返利
000711,ST京蓝
002868,*ST绿康
603377,ST东时
002816,*ST和科
002424,ST百灵
603398,*ST沐邦
300313,*ST天山
300159,*ST新研
300506,ST名家汇
002693,*ST双成
300899,*ST凯鑫
300326,ST凯利
000972,*ST中基
000909,ST数源
300198,ST纳川
002306,*ST云网
600696,*ST岩石
300366,ST创意
603261,*ST立航
600360,*ST华微
002586,ST围海
002689,ST远智
600079,ST人福
003032,*ST传智
603869,ST智知
300462,ST华铭
002822,ST中装
000691,*ST亚太
300311,ST任子行
000820,*ST节能
300147,ST香雪
002289,*ST宇顺
688511,*ST天微
002742,*ST三圣
300237,ST美晨
600169,ST太重
603595,ST东尼
603721,*ST天择
002872,ST天圣
000793,*ST华闻
300555,ST路通
300097,ST智云
600265,ST景谷
300052,ST中青宝
000929,*ST兰黄
000518,*ST四环
300472,*ST新元
300020,ST银江
600130,*ST波导
002898,*ST赛隆
300527,ST应急
600892,*ST大晟
300338,ST开元
300152,ST新动力
002200,*ST交投
300225,*ST金泰
600193,*ST创兴
000430,ST张家界
300173,ST福能
600636,*ST国化
002717,ST岭南
603559,ST通脉
300044,ST赛为
000698,ST沈化
603825,ST华扬
603789,*ST星农
000821,ST京机
002529,*ST海源
603838,*ST四通
603268,*ST松发
300167,ST迪威迅
600421,*ST华嵘
688184,ST帕瓦
300091,*ST金灵
002656,*ST摩登
002211,ST宏达
002076,*ST星光
002047,*ST宝鹰
000668,*ST荣控
000595,*ST宝实
600107,ST尔雅
600365,ST通葡
600568,ST中珠
300096,ST易联众
603822,ST嘉澳
002647,*ST仁东
300419,ST浩丰
300301,ST长方
003004,*ST声迅
002005,ST德豪
002058,*ST威尔
000609,ST中迪
002650,ST加加
000608,*ST阳光
603021,ST华鹏
000004,*ST国华
600381,*ST春天
600238,*ST椰岛
002528,ST英飞拓
600608,*ST沪科
603828,ST柯利达
603557,ST起步
600753,*ST海钦
600243,*ST海华
001270,*ST铖昌
002848,*ST高斯
002630,ST华西
603007,*ST花王
002789,*ST建艺
603580,*ST艾艾
002512,ST达华
000669,ST金鸿
002214,*ST大立
600289,ST信通
600777,*ST新潮
603813,*ST原尚
002168,*ST惠程
600355,*ST精伦
688287,*ST观典
603843,*ST正平
600735,ST新华锦
300344,*ST立方
300165,ST天瑞
