symbol,announcement_date,announcement_id,title,pdf_url,sha256,bytes,extracted_chars,local_path
000023,2009-12-29,57446825,关于深圳市投资控股有限公司减持股份的公告,https://static.cninfo.com.cn/finalpage/2009-12-29/57446825.PDF,dce87b5bcdaf9b77f02d8938687b33914c96d9a49b5bbdb3d55d374bdcc7fc32,128802,971,research_reports\20260926_l1_repair\data_recovery\initial_000023_pdfs\57446825.pdf
000023,2009-12-05,57366334,关于终止筹划发行股份购买资产暨关联交易预案的重大资产重组事项公告,https://static.cninfo.com.cn/finalpage/2009-12-05/57366334.PDF,c07f649b0e46f518875324f4b4ce5b4f9cd13de27aaaca2a05e4d2f78e9dd9db,123597,2073,research_reports\20260926_l1_repair\data_recovery\initial_000023_pdfs\57366334.pdf
000023,2009-12-05,57366333,第六届监事会第十二次会议决议公告,https://static.cninfo.com.cn/finalpage/2009-12-05/57366333.PDF,bcb448b9a96b2f53af7e5e0acd1fda4f29bbf28ebac0d6218e83210178902fc1,81170,438,research_reports\20260926_l1_repair\data_recovery\initial_000023_pdfs\57366333.pdf
000023,2009-12-05,57366332,第六届董事会第十三次临时会议决议公告,https://static.cninfo.com.cn/finalpage/2009-12-05/57366332.PDF,9457b3edb922d8e6813ff66db82670c348aaf45aaed913a4cf111ed23f8cc134,101996,1064,research_reports\20260926_l1_repair\data_recovery\initial_000023_pdfs\57366332.pdf
000023,2009-11-27,57336055,股票交易异常波动公告,https://static.cninfo.com.cn/finalpage/2009-11-27/57336055.PDF,d7e86ba546f8e980cec55fa32472122d20d2e325ee2a65d5bc273132bb5681e6,116505,1293,research_reports\20260926_l1_repair\data_recovery\initial_000023_pdfs\57336055.pdf
000023,2009-11-27,57336070,株洲市中亿实业混凝土有限公司2009年1-8月财务报表审计报告,https://static.cninfo.com.cn/finalpage/2009-11-27/57336070.PDF,d741baeeae92585bccc391d26c550606f6003c56be24e22d3b4dd12c2efc1d5c,286245,23075,research_reports\20260926_l1_repair\data_recovery\initial_000023_pdfs\57336070.pdf
000023,2009-11-27,57336054,第六届监事会第十一次会议决议公告,https://static.cninfo.com.cn/finalpage/2009-11-27/57336054.PDF,797b22257b814d9960040d04b7fb73cd5296ef3ae5fec9a741bd48feccee59aa,95775,695,research_reports\20260926_l1_repair\data_recovery\initial_000023_pdfs\57336054.pdf
000023,2009-11-27,57336053,关于收购株洲市中亿实业混凝土有限公司股权的公告,https://static.cninfo.com.cn/finalpage/2009-11-27/57336053.PDF,891f60a00172ec18d510f2c9b7bff603621120c1cd2adf48faa772e2f77db36f,180044,8831,research_reports\20260926_l1_repair\data_recovery\initial_000023_pdfs\57336053.pdf
000023,2009-11-27,57336052,第六届董事会第十二次临时会议决议公告,https://static.cninfo.com.cn/finalpage/2009-11-27/57336052.PDF,6538db855a3eb0d9eb4a4a3ab197ccc9480722a7109e94995e1055aca141f955,108396,1071,research_reports\20260926_l1_repair\data_recovery\initial_000023_pdfs\57336052.pdf
000023,2009-11-27,57336051,拟收购株洲市中亿实业混凝土有限公司80%股权项目资产评估报告书,https://static.cninfo.com.cn/finalpage/2009-11-27/57336051.PDF,bc598f5e4d959dc2e2c2b68b3ad21c8fa82c99afabf5952d9afc25c4ef7e5896,259045,18232,research_reports\20260926_l1_repair\data_recovery\initial_000023_pdfs\57336051.pdf
000023,2009-11-26,57332072,风险提示性公告,https://static.cninfo.com.cn/finalpage/2009-11-26/57332072.PDF,5d887f5d0c063265232d6329961545f746de8e164d21ecb9472a36d3559f7940,70935,676,research_reports\20260926_l1_repair\data_recovery\initial_000023_pdfs\57332072.pdf
