symbol,announcement_date,announcement_time_ms,announcement_id,url,sha256,bytes,path
000023,2009-10-23,1256250600000,57186564,https://static.cninfo.com.cn/finalpage/2009-10-23/57186564.PDF,199172b69c0994d111567449b95f1531ec050f7b1f02831574a918f786969bb2,188416,D:\动量策略\微盘股对冲策略\research_reports\20260926_l1_repair\data_recovery\initial_share_primary_pdfs\000023_57186564.pdf
000502,2009-10-28,1256682600000,57213063,https://static.cninfo.com.cn/finalpage/2009-10-28/57213063.PDF,0c6be2f993344dc62416a9ab64baee4d32c0896d2b7e3ffdf7acd2d51ec7fb62,251904,D:\动量策略\微盘股对冲策略\research_reports\20260926_l1_repair\data_recovery\initial_share_primary_pdfs\000502_57213063.pdf
000982,2009-10-31,1256941800000,57233966,https://static.cninfo.com.cn/finalpage/2009-10-31/57233966.PDF,2b0fc84cd3477e0ea62c50841825cc3436e869851a7f97f00b463263355958ae,165888,D:\动量策略\微盘股对冲策略\research_reports\20260926_l1_repair\data_recovery\initial_share_primary_pdfs\000982_57233966.pdf
002013,2009-10-22,1256164200000,57178874,https://static.cninfo.com.cn/finalpage/2009-10-22/57178874.PDF,f00eee5f406ec2a2f0e4b8fa5c4659e419fd9da19189b4f43f8dfd68f1a172f1,70656,D:\动量策略\微盘股对冲策略\research_reports\20260926_l1_repair\data_recovery\initial_share_primary_pdfs\002013_57178874.pdf
002071,2009-10-21,1256077800000,57173394,https://static.cninfo.com.cn/finalpage/2009-10-21/57173394.PDF,f1fbcc9c9320cbf6ff6ae94256b266239233a84d5761109584ceffaa15ff73c5,142336,D:\动量策略\微盘股对冲策略\research_reports\20260926_l1_repair\data_recovery\initial_share_primary_pdfs\002071_57173394.pdf
002260,2009-10-29,1256769000000,57221049,https://static.cninfo.com.cn/finalpage/2009-10-29/57221049.PDF,7f556b37e37f63ff8d4d9f284203d60e53a28840cd62c4d568a0e13647567f33,139264,D:\动量策略\微盘股对冲策略\research_reports\20260926_l1_repair\data_recovery\initial_share_primary_pdfs\002260_57221049.pdf
600070,2009-10-28,1256682600000,57214079,https://static.cninfo.com.cn/finalpage/2009-10-28/57214079.PDF,c67ec5373204a70f17e70e4aa9cc58f5983b1cbab01c41ba3f02a817253cf3fd,195306,D:\动量策略\微盘股对冲策略\research_reports\20260926_l1_repair\data_recovery\initial_share_primary_pdfs\600070_57214079.pdf
600077,2009-10-31,1256941800000,57234727,https://static.cninfo.com.cn/finalpage/2009-10-31/57234727.PDF,88bbfe5ed3a1b9499a53df8cbe1f37605a917c31e7e3f0eed031824478373102,160959,D:\动量策略\微盘股对冲策略\research_reports\20260926_l1_repair\data_recovery\initial_share_primary_pdfs\600077_57234727.pdf
600213,2009-10-28,1256682600000,57213920,https://static.cninfo.com.cn/finalpage/2009-10-28/57213920.PDF,48dd8ae89d70c2e2ac1ae87029423a18ef78d140767bf5c3ef4d179900509add,135539,D:\动量策略\微盘股对冲策略\research_reports\20260926_l1_repair\data_recovery\initial_share_primary_pdfs\600213_57213920.pdf
600306,2009-10-31,1256941800000,57234804,https://static.cninfo.com.cn/finalpage/2009-10-31/57234804.PDF,f861c5bcac82b167fa465e9cdb66ec043fed0179f98fd4465cf5e019d2b5e4d6,154691,D:\动量策略\微盘股对冲策略\research_reports\20260926_l1_repair\data_recovery\initial_share_primary_pdfs\600306_57234804.pdf
600355,2009-10-31,1256941800000,57234809,https://static.cninfo.com.cn/finalpage/2009-10-31/57234809.PDF,4007c45cf101ec5bccd0c87bc2aa08e4a99303cfc4c73a601fd8ca6d877597ea,221413,D:\动量策略\微盘股对冲策略\research_reports\20260926_l1_repair\data_recovery\initial_share_primary_pdfs\600355_57234809.pdf
600466,2009-10-28,1256682600000,57214120,https://static.cninfo.com.cn/finalpage/2009-10-28/57214120.PDF,9b9d05ae1d50b45c295b72abd5508250ce9b6273d8e73b483225c07ec605e109,165391,D:\动量策略\微盘股对冲策略\research_reports\20260926_l1_repair\data_recovery\initial_share_primary_pdfs\600466_57214120.pdf
600532,2009-10-24,1256337000000,57196585,https://static.cninfo.com.cn/finalpage/2009-10-24/57196585.PDF,dfda3b37f753f3b6a7d072f80db53fe64f39467843f3bf180baf115035ad5c85,165674,D:\动量策略\微盘股对冲策略\research_reports\20260926_l1_repair\data_recovery\initial_share_primary_pdfs\600532_57196585.pdf
600634,2009-10-30,1256855700000,57228826,https://static.cninfo.com.cn/finalpage/2009-10-30/57228826.PDF,e1324651b670ceb19ab4b272bc3b424a92e7873df3ab76990c05575216de5dad,157275,D:\动量策略\微盘股对冲策略\research_reports\20260926_l1_repair\data_recovery\initial_share_primary_pdfs\600634_57228826.pdf
600647,2009-10-30,1256855400000,57228831,https://static.cninfo.com.cn/finalpage/2009-10-30/57228831.PDF,f987ae243c8cf161f10c94b76b36ac2ad29407666904e7febfeebe4fa53d406d,290012,D:\动量策略\微盘股对冲策略\research_reports\20260926_l1_repair\data_recovery\initial_share_primary_pdfs\600647_57228831.pdf
600687,2009-10-31,1256941800000,57234836,https://static.cninfo.com.cn/finalpage/2009-10-31/57234836.PDF,19518f43211d22b87b62372f68f2b1707eb971c33408c7fc7149d791c006b085,188782,D:\动量策略\微盘股对冲策略\research_reports\20260926_l1_repair\data_recovery\initial_share_primary_pdfs\600687_57234836.pdf
600766,2009-10-24,1256337000000,57196287,https://static.cninfo.com.cn/finalpage/2009-10-24/57196287.PDF,d49718d1f5d0ae63a8784c88135641c54140dc4fc9d7e42e1f0320e6f9e1deed,169541,D:\动量策略\微盘股对冲策略\research_reports\20260926_l1_repair\data_recovery\initial_share_primary_pdfs\600766_57196287.pdf
600856,2009-10-24,1256337000000,57196290,https://static.cninfo.com.cn/finalpage/2009-10-24/57196290.PDF,dbae37183e9e0e50f823e6d5113457fca2199650fa85ad0a35b556a171f3938b,161833,D:\动量策略\微盘股对冲策略\research_reports\20260926_l1_repair\data_recovery\initial_share_primary_pdfs\600856_57196290.pdf
