date,symbol,sina_close_raw,tencent_close_raw,original_merge,is_rebalance_date,last_signal_date,under_old_rank100_at_last_signal,possible_holding_period_price_effect,sse_id,sse_closeTxDate,sse_closePrice,sse_closeMarketValue_10000yuan,sse_match,status,http_status,result_count,exact_match_count,request_url,response_file,response_sha256,response_bytes
2015-12-01,601989,10.15,10.16,both,False,2015-11-26,False,False,601989,2015-12-01,10.16,18655451.71,tencent_only,exact_day_match,200,4,1,https://query.sse.com.cn/security/fund/queryNewAllQuatAbel.do?jsonCallBack=jsonpCallbackProbe&FUNDID=601989&inMonth=201512&inYear=2015&searchDate=2015-12-01,sse_all_sh_conflicts/sse_601989_20151201.jsonp,023e03c11d452c51d41a882e69b72f2c1720926539c0b714d6dc009a9a23fa7a,4225
2015-12-03,600005,3.62,3.61,both,False,2015-11-26,False,False,600005,2015-12-03,3.61,3643854.52,tencent_only,exact_day_match,200,4,1,https://query.sse.com.cn/security/fund/queryNewAllQuatAbel.do?jsonCallBack=jsonpCallbackProbe&FUNDID=600005&inMonth=201512&inYear=2015&searchDate=2015-12-03,sse_all_sh_conflicts/sse_600005_20151203.jsonp,cf87fb7cd87da329245ec4c4254dacd255055447b0a143eefc3f31973ad1d5fa,4137
2015-12-03,600093,17.08,17.09,both,False,2015-11-26,False,False,600093,2015-12-03,17.09,1918262.78,tencent_only,exact_day_match,200,4,1,https://query.sse.com.cn/security/fund/queryNewAllQuatAbel.do?jsonCallBack=jsonpCallbackProbe&FUNDID=600093&inMonth=201512&inYear=2015&searchDate=2015-12-03,sse_all_sh_conflicts/sse_600093_20151203.jsonp,0a3f2cc96971174628442ec96a27eb2332c875abbb7f785572a65ea53931e7ce,4144
2015-12-03,600139,15.91,15.9,both,False,2015-11-26,False,False,600139,2015-12-03,15.9,1052405.91,tencent_only,exact_day_match,200,4,1,https://query.sse.com.cn/security/fund/queryNewAllQuatAbel.do?jsonCallBack=jsonpCallbackProbe&FUNDID=600139&inMonth=201512&inYear=2015&searchDate=2015-12-03,sse_all_sh_conflicts/sse_600139_20151203.jsonp,06c9a0d11e0339938cb1fcac2fc7cf0a0700e0e33c2da9c70dbbde521f6f85b5,4153
2015-12-03,600145,7.06,7.05,both,False,2015-11-26,True,True,600145,2015-12-03,7.05,266267.93,tencent_only,exact_day_match,200,4,1,https://query.sse.com.cn/security/fund/queryNewAllQuatAbel.do?jsonCallBack=jsonpCallbackProbe&FUNDID=600145&inMonth=201512&inYear=2015&searchDate=2015-12-03,sse_all_sh_conflicts/sse_600145_20151203.jsonp,0bebe8aa89fcab670212f267aae1981c428f8c16c3a7818a0e4ce22acab45cc4,4075
2015-12-03,600175,6.58,6.56,both,False,2015-11-26,False,False,600175,2015-12-03,6.56,1607880.61,tencent_only,exact_day_match,200,4,1,https://query.sse.com.cn/security/fund/queryNewAllQuatAbel.do?jsonCallBack=jsonpCallbackProbe&FUNDID=600175&inMonth=201512&inYear=2015&searchDate=2015-12-03,sse_all_sh_conflicts/sse_600175_20151203.jsonp,7bab8470d4ed2d0ecd5a90a5a6013c64e5f667f8e8ef682d5c89dce251495972,4155
2015-12-03,600213,14.99,14.97,both,False,2015-11-26,True,True,600213,2015-12-03,14.97,329340.0,tencent_only,exact_day_match,200,4,1,https://query.sse.com.cn/security/fund/queryNewAllQuatAbel.do?jsonCallBack=jsonpCallbackProbe&FUNDID=600213&inMonth=201512&inYear=2015&searchDate=2015-12-03,sse_all_sh_conflicts/sse_600213_20151203.jsonp,2b3ffa75ba3d88d6cf7ceee9262dc56213154a0e9a696077d78ebd35c3bb3ae2,4106
2015-12-03,600290,14.65,14.64,both,False,2015-11-26,False,False,600290,2015-12-03,14.64,771357.68,tencent_only,exact_day_match,200,4,1,https://query.sse.com.cn/security/fund/queryNewAllQuatAbel.do?jsonCallBack=jsonpCallbackProbe&FUNDID=600290&inMonth=201512&inYear=2015&searchDate=2015-12-03,sse_all_sh_conflicts/sse_600290_20151203.jsonp,44bbdb524980faf068a663db84bfb88da8d99972a078fa71afa72ca4557e615b,4131
2015-12-03,600317,4.87,4.88,both,False,2015-11-26,False,False,600317,2015-12-03,4.88,3158815.71,tencent_only,exact_day_match,200,4,1,https://query.sse.com.cn/security/fund/queryNewAllQuatAbel.do?jsonCallBack=jsonpCallbackProbe&FUNDID=600317&inMonth=201512&inYear=2015&searchDate=2015-12-03,sse_all_sh_conflicts/sse_600317_20151203.jsonp,3d9b99fafb71b5afb5d32a2472de9e0c3b22b5e08e31b2ad32c20f3c3031683d,4108
2015-12-03,600401,3.05,3.04,both,False,2015-11-26,False,False,600401,2015-12-03,3.04,1436380.29,tencent_only,exact_day_match,200,4,1,https://query.sse.com.cn/security/fund/queryNewAllQuatAbel.do?jsonCallBack=jsonpCallbackProbe&FUNDID=600401&inMonth=201512&inYear=2015&searchDate=2015-12-03,sse_all_sh_conflicts/sse_600401_20151203.jsonp,ce9c1c7979147d06894844603e0e6991b731e2770d844093795df82e45200031,4131
2015-12-03,600485,24.06,24.04,both,False,2015-11-26,False,False,600485,2015-12-03,24.04,7028677.65,tencent_only,exact_day_match,200,4,1,https://query.sse.com.cn/security/fund/queryNewAllQuatAbel.do?jsonCallBack=jsonpCallbackProbe&FUNDID=600485&inMonth=201512&inYear=2015&searchDate=2015-12-03,sse_all_sh_conflicts/sse_600485_20151203.jsonp,77cd236fb0850d6e262dc814e5da909bb24b4a8ef8f5c68b92d2b32ef435fbd2,4149
2015-12-03,600565,9.84,9.81,both,False,2015-11-26,False,False,600565,2015-12-03,9.81,2301290.61,tencent_only,exact_day_match,200,4,1,https://query.sse.com.cn/security/fund/queryNewAllQuatAbel.do?jsonCallBack=jsonpCallbackProbe&FUNDID=600565&inMonth=201512&inYear=2015&searchDate=2015-12-03,sse_all_sh_conflicts/sse_600565_20151203.jsonp,87ba3fb80729032ee87d5661a10e761622e6f27132ea715eb9a837ba5d273a3b,4140
2015-12-03,600647,26.12,26.13,both,False,2015-11-26,False,False,600647,2015-12-03,26.13,363582.1,tencent_only,exact_day_match,200,4,1,https://query.sse.com.cn/security/fund/queryNewAllQuatAbel.do?jsonCallBack=jsonpCallbackProbe&FUNDID=600647&inMonth=201512&inYear=2015&searchDate=2015-12-03,sse_all_sh_conflicts/sse_600647_20151203.jsonp,42b21dca03eb075f4395b86c6e40f97527ed2b5ae4edcc0592efa2b4866a5d61,4141
2015-12-03,600677,23.3,23.25,both,False,2015-11-26,False,False,600677,2015-12-03,23.25,968195.3,tencent_only,exact_day_match,200,4,1,https://query.sse.com.cn/security/fund/queryNewAllQuatAbel.do?jsonCallBack=jsonpCallbackProbe&FUNDID=600677&inMonth=201512&inYear=2015&searchDate=2015-12-03,sse_all_sh_conflicts/sse_600677_20151203.jsonp,e09a7e03d9e3546c7d42bfc63f8f1ea0b0f7939ea7603a23cbd14d81013b013c,4131
2015-12-03,600680,53.77,53.84,both,False,2015-11-26,False,False,600680,2015-12-03,53.84,1385978.01,tencent_only,exact_day_match,200,4,1,https://query.sse.com.cn/security/fund/queryNewAllQuatAbel.do?jsonCallBack=jsonpCallbackProbe&FUNDID=600680&inMonth=201512&inYear=2015&searchDate=2015-12-03,sse_all_sh_conflicts/sse_600680_20151203.jsonp,396bb129050a6c048f72832292f1a89c74e7560b7539656c04433f44875fe09a,4181
2015-12-03,600687,20.26,20.29,both,False,2015-11-26,False,False,600687,2015-12-03,20.29,2188356.5,tencent_only,exact_day_match,200,4,1,https://query.sse.com.cn/security/fund/queryNewAllQuatAbel.do?jsonCallBack=jsonpCallbackProbe&FUNDID=600687&inMonth=201512&inYear=2015&searchDate=2015-12-03,sse_all_sh_conflicts/sse_600687_20151203.jsonp,1b5912e13808c05844b54ab116aab54f9e233dde084090264006b41086a1594d,4148
2015-12-03,600701,24.57,24.55,both,False,2015-11-26,False,False,600701,2015-12-03,24.55,1224509.65,tencent_only,exact_day_match,200,4,1,https://query.sse.com.cn/security/fund/queryNewAllQuatAbel.do?jsonCallBack=jsonpCallbackProbe&FUNDID=600701&inMonth=201512&inYear=2015&searchDate=2015-12-03,sse_all_sh_conflicts/sse_600701_20151203.jsonp,4e82a2e0b59c0fad566eca3193e519b5abce3961826b3761a353c9a0f8fd2979,4154
2015-12-03,600766,16.7,16.63,both,False,2015-11-26,True,True,600766,2015-12-03,16.63,372889.2,tencent_only,exact_day_match,200,4,1,https://query.sse.com.cn/security/fund/queryNewAllQuatAbel.do?jsonCallBack=jsonpCallbackProbe&FUNDID=600766&inMonth=201512&inYear=2015&searchDate=2015-12-03,sse_all_sh_conflicts/sse_600766_20151203.jsonp,49852c9dc75290c7fc8c7d5b78358094ccf19b66a3630d25dded8548c9a66087,4136
2015-12-03,600823,12.94,12.95,both,False,2015-11-26,False,False,600823,2015-12-03,12.95,2282039.94,tencent_only,exact_day_match,200,4,1,https://query.sse.com.cn/security/fund/queryNewAllQuatAbel.do?jsonCallBack=jsonpCallbackProbe&FUNDID=600823&inMonth=201512&inYear=2015&searchDate=2015-12-03,sse_all_sh_conflicts/sse_600823_20151203.jsonp,c81d7cbd3216ab3373a467b11ffb5f5265cd2cbcd98c615137aee333107aa08b,4164
2015-12-03,600836,29.67,29.65,both,False,2015-11-26,False,False,600836,2015-12-03,29.65,982531.43,tencent_only,exact_day_match,200,4,1,https://query.sse.com.cn/security/fund/queryNewAllQuatAbel.do?jsonCallBack=jsonpCallbackProbe&FUNDID=600836&inMonth=201512&inYear=2015&searchDate=2015-12-03,sse_all_sh_conflicts/sse_600836_20151203.jsonp,1413a3c54f037e57cd6641caff7081136287b96451e57a7dfe7da2fb6282442d,4151
2015-12-03,600837,15.86,15.85,both,False,2015-11-26,False,False,600837,2015-12-03,15.85,12826027.92,tencent_only,exact_day_match,200,4,1,https://query.sse.com.cn/security/fund/queryNewAllQuatAbel.do?jsonCallBack=jsonpCallbackProbe&FUNDID=600837&inMonth=201512&inYear=2015&searchDate=2015-12-03,sse_all_sh_conflicts/sse_600837_20151203.jsonp,7a37efa0a9e1fa2777fbe1dd2ffb80fb7d1113ec3b1a5c2d8ca7ec88d5ca99cc,4213
2015-12-03,600891,10.4,10.39,both,False,2015-11-26,False,False,600891,2015-12-03,10.39,641671.65,tencent_only,exact_day_match,200,4,1,https://query.sse.com.cn/security/fund/queryNewAllQuatAbel.do?jsonCallBack=jsonpCallbackProbe&FUNDID=600891&inMonth=201512&inYear=2015&searchDate=2015-12-03,sse_all_sh_conflicts/sse_600891_20151203.jsonp,1a863eb690a5dc95e06996b05b0b66349a69e3f14a1ed412aac66a49b21caa8d,4129
2015-12-03,600896,17.87,17.84,both,False,2015-11-26,False,False,600896,2015-12-03,17.84,1037067.34,tencent_only,exact_day_match,200,4,1,https://query.sse.com.cn/security/fund/queryNewAllQuatAbel.do?jsonCallBack=jsonpCallbackProbe&FUNDID=600896&inMonth=201512&inYear=2015&searchDate=2015-12-03,sse_all_sh_conflicts/sse_600896_20151203.jsonp,1f8b3b04ec4f6e0d9c7b5cf57ab923210f5a4b6a2a0c6590182187e7445d2708,4145
2015-12-03,601028,8.91,8.9,both,False,2015-11-26,False,False,601028,2015-12-03,8.9,699751.61,tencent_only,exact_day_match,200,4,1,https://query.sse.com.cn/security/fund/queryNewAllQuatAbel.do?jsonCallBack=jsonpCallbackProbe&FUNDID=601028&inMonth=201512&inYear=2015&searchDate=2015-12-03,sse_all_sh_conflicts/sse_601028_20151203.jsonp,42aff268397ec58a62c5d8af13ccf43f128ce2aeaa18f0e5be0180c49ee25e42,4130
2015-12-03,601258,4.04,4.05,both,False,2015-11-26,False,False,601258,2015-12-03,4.05,2624445.93,tencent_only,exact_day_match,200,4,1,https://query.sse.com.cn/security/fund/queryNewAllQuatAbel.do?jsonCallBack=jsonpCallbackProbe&FUNDID=601258&inMonth=201512&inYear=2015&searchDate=2015-12-03,sse_all_sh_conflicts/sse_601258_20151203.jsonp,5281954883f0373a1dfa6efee017ffebe91dd5caac44e893ee52a6fa356bf2b6,4168
2015-12-03,601558,4.13,4.12,both,False,2015-11-26,False,False,601558,2015-12-03,4.12,2484607.2,tencent_only,exact_day_match,200,4,1,https://query.sse.com.cn/security/fund/queryNewAllQuatAbel.do?jsonCallBack=jsonpCallbackProbe&FUNDID=601558&inMonth=201512&inYear=2015&searchDate=2015-12-03,sse_all_sh_conflicts/sse_601558_20151203.jsonp,829e778161913e1f3e48bad1091d1e527bcb06a2cd4adc37ee31a8d2cf5d57f4,4149
2015-12-03,603003,23.06,23.05,both,False,2015-11-26,False,False,603003,2015-12-03,23.05,465610.0,tencent_only,exact_day_match,200,4,1,https://query.sse.com.cn/security/fund/queryNewAllQuatAbel.do?jsonCallBack=jsonpCallbackProbe&FUNDID=603003&inMonth=201512&inYear=2015&searchDate=2015-12-03,sse_all_sh_conflicts/sse_603003_20151203.jsonp,40d380ee3a524d9d7e5e813d9a2009badbb8323f31cfca9bef725ad9fc2dac23,4123
2015-12-03,603555,33.62,33.66,both,False,2015-11-26,False,False,603555,2015-12-03,33.66,2066724.0,tencent_only,exact_day_match,200,4,1,https://query.sse.com.cn/security/fund/queryNewAllQuatAbel.do?jsonCallBack=jsonpCallbackProbe&FUNDID=603555&inMonth=201512&inYear=2015&searchDate=2015-12-03,sse_all_sh_conflicts/sse_603555_20151203.jsonp,3c202cdf3c19ad327ed2ad57ec6be773870a41c4e1ca62f16f4c1f79fe04caaa,4122
2015-12-07,600074,15.51,15.5,both,False,2015-11-26,False,False,600074,2015-12-07,15.5,3512227.12,tencent_only,exact_day_match,200,4,1,https://query.sse.com.cn/security/fund/queryNewAllQuatAbel.do?jsonCallBack=jsonpCallbackProbe&FUNDID=600074&inMonth=201512&inYear=2015&searchDate=2015-12-07,sse_all_sh_conflicts/sse_600074_20151207.jsonp,3c83feb00f1b097ae3050b6362b690a942f96a66478e416961784beddc06f59a,4145
2015-12-07,600083,21.25,21.26,both,False,2015-11-26,False,False,600083,2015-12-07,21.26,488980.0,tencent_only,exact_day_match,200,4,1,https://query.sse.com.cn/security/fund/queryNewAllQuatAbel.do?jsonCallBack=jsonpCallbackProbe&FUNDID=600083&inMonth=201512&inYear=2015&searchDate=2015-12-07,sse_all_sh_conflicts/sse_600083_20151207.jsonp,4530229bb97f62f3fc04a41b174f2ece6456d2d69ce04dc1dc4970b4e21e8d57,4139
2015-12-07,600856,21.65,21.64,both,False,2015-11-26,False,False,600856,2015-12-07,21.64,1227346.3,tencent_only,exact_day_match,200,4,1,https://query.sse.com.cn/security/fund/queryNewAllQuatAbel.do?jsonCallBack=jsonpCallbackProbe&FUNDID=600856&inMonth=201512&inYear=2015&searchDate=2015-12-07,sse_all_sh_conflicts/sse_600856_20151207.jsonp,ae0c4cff450f0012413b3c7ca884c8c766ae3b20a989503cbcd6e432e87e0760,4138
2016-07-19,600260,16.82,16.83,both,False,2016-07-07,False,False,600260,2016-07-19,16.83,1122136.29,tencent_only,exact_day_match,200,4,1,https://query.sse.com.cn/security/fund/queryNewAllQuatAbel.do?jsonCallBack=jsonpCallbackProbe&FUNDID=600260&inMonth=201607&inYear=2016&searchDate=2016-07-19,sse_all_sh_conflicts/sse_600260_20160719.jsonp,5f70aebd8e133a0af764eaba4b978fd2d3f89e06249bbedf051a39ae10ff3bc5,4133
2016-07-19,600297,8.86,8.87,both,False,2016-07-07,False,False,600297,2016-07-19,8.87,4878855.4,tencent_only,exact_day_match,200,4,1,https://query.sse.com.cn/security/fund/queryNewAllQuatAbel.do?jsonCallBack=jsonpCallbackProbe&FUNDID=600297&inMonth=201607&inYear=2016&searchDate=2016-07-19,sse_all_sh_conflicts/sse_600297_20160719.jsonp,c7b8269155d5eafc8adcc16b80ba625276665af15055cf32281627c13f47466d,4126
2016-07-22,600093,14.04,14.05,both,False,2016-07-21,False,False,600093,2016-07-22,14.05,1577038.74,tencent_only,exact_day_match,200,4,1,https://query.sse.com.cn/security/fund/queryNewAllQuatAbel.do?jsonCallBack=jsonpCallbackProbe&FUNDID=600093&inMonth=201607&inYear=2016&searchDate=2016-07-22,sse_all_sh_conflicts/sse_600093_20160722.jsonp,c8ab6c6f0a8277d53b0cff2e15da787e95bb4649018b856cba889a2d92ec7c50,4145
2016-07-22,600200,22.19,22.18,both,False,2016-07-21,False,False,600200,2016-07-22,22.18,1525067.21,tencent_only,exact_day_match,200,4,1,https://query.sse.com.cn/security/fund/queryNewAllQuatAbel.do?jsonCallBack=jsonpCallbackProbe&FUNDID=600200&inMonth=201607&inYear=2016&searchDate=2016-07-22,sse_all_sh_conflicts/sse_600200_20160722.jsonp,85cd3bea7e184481c509348de30bc4f5135659a264e01219f6e001927073192b,4133
2016-07-22,600890,10.5,10.49,both,False,2016-07-21,False,False,600890,2016-07-22,10.49,607575.48,tencent_only,exact_day_match,200,4,1,https://query.sse.com.cn/security/fund/queryNewAllQuatAbel.do?jsonCallBack=jsonpCallbackProbe&FUNDID=600890&inMonth=201607&inYear=2016&searchDate=2016-07-22,sse_all_sh_conflicts/sse_600890_20160722.jsonp,60e19bb9f84f62b7266993816d9ef058933b88eb8ae77b36684fede44b79a393,4114
2016-09-09,600068,8.7,8.69,both,False,2016-09-01,False,False,600068,2016-09-09,8.69,4001551.57,tencent_only,exact_day_match,200,4,1,https://query.sse.com.cn/security/fund/queryNewAllQuatAbel.do?jsonCallBack=jsonpCallbackProbe&FUNDID=600068&inMonth=201609&inYear=2016&searchDate=2016-09-09,sse_all_sh_conflicts/sse_600068_20160909.jsonp,7b42cfe96e09f65ab22e28881a3ec5c29a58dee5a32707bd386368123b5d3a09,4140
2016-09-09,600870,10.24,10.17,both,False,2016-09-01,False,False,600870,2016-09-09,10.17,532094.06,tencent_only,exact_day_match,200,4,1,https://query.sse.com.cn/security/fund/queryNewAllQuatAbel.do?jsonCallBack=jsonpCallbackProbe&FUNDID=600870&inMonth=201609&inYear=2016&searchDate=2016-09-09,sse_all_sh_conflicts/sse_600870_20160909.jsonp,cf41bbb5d5b9152b2ae420172ee2e26ca457f7a58248744593440c2a40b7fb01,4128
2017-02-16,600680,32.62,32.6,both,True,2017-02-16,False,False,600680,2017-02-16,32.6,839206.6,tencent_only,exact_day_match,200,4,1,https://query.sse.com.cn/security/fund/queryNewAllQuatAbel.do?jsonCallBack=jsonpCallbackProbe&FUNDID=600680&inMonth=201702&inYear=2017&searchDate=2017-02-16,sse_all_sh_conflicts/sse_600680_20170216.jsonp,ea0a039832d1453699b7742448cf07517f77fafa54b13333991d8e7b367a94b2,4114
2017-02-17,600306,15.12,15.1,both,False,2017-02-16,True,True,600306,2017-02-17,15.1,268989.77,tencent_only,exact_day_match,200,4,1,https://query.sse.com.cn/security/fund/queryNewAllQuatAbel.do?jsonCallBack=jsonpCallbackProbe&FUNDID=600306&inMonth=201702&inYear=2017&searchDate=2017-02-17,sse_all_sh_conflicts/sse_600306_20170217.jsonp,cda30226d6ac2befe2fd59e5ce3b29e76fa85f6c910a22f7f91a21f05ed6c76c,4088
2017-02-27,600200,17.36,17.35,both,False,2017-02-16,False,False,600200,2017-02-27,17.35,1252482.55,tencent_only,exact_day_match,200,4,1,https://query.sse.com.cn/security/fund/queryNewAllQuatAbel.do?jsonCallBack=jsonpCallbackProbe&FUNDID=600200&inMonth=201702&inYear=2017&searchDate=2017-02-27,sse_all_sh_conflicts/sse_600200_20170227.jsonp,ebdf307e8b1c8c7355ed181b4d011d35d68be94b735b49d2efae1c65a20dcbab,4127
2017-03-13,601989,7.35,7.34,both,False,2017-03-02,False,False,601989,2017-03-13,7.34,13477462.16,tencent_only,exact_day_match,200,4,1,https://query.sse.com.cn/security/fund/queryNewAllQuatAbel.do?jsonCallBack=jsonpCallbackProbe&FUNDID=601989&inMonth=201703&inYear=2017&searchDate=2017-03-13,sse_all_sh_conflicts/sse_601989_20170313.jsonp,6cb0017686aaca04845ae34514ab1adc0857f260a8ccf05fc79e7d273efe8892,4183
2017-04-28,600122,11.05,11.06,both,False,2017-04-27,False,False,600122,2017-04-28,11.06,1276501.9,tencent_only,exact_day_match,200,4,1,https://query.sse.com.cn/security/fund/queryNewAllQuatAbel.do?jsonCallBack=jsonpCallbackProbe&FUNDID=600122&inMonth=201704&inYear=2017&searchDate=2017-04-28,sse_all_sh_conflicts/sse_600122_20170428.jsonp,1d99e1ffdbaeea65e244ed63dd2be34ca14535a68412ac3c833d774efccde29a,4139
2017-06-16,600093,13.26,13.28,both,False,2017-06-08,False,False,600093,2017-06-16,13.28,1490610.28,tencent_only,exact_day_match,200,4,1,https://query.sse.com.cn/security/fund/queryNewAllQuatAbel.do?jsonCallBack=jsonpCallbackProbe&FUNDID=600093&inMonth=201706&inYear=2017&searchDate=2017-06-16,sse_all_sh_conflicts/sse_600093_20170616.jsonp,33578634b0be89ad0a1a5ad0c29f24e15ecb782ef2af28d8bf8ff448a1078187,4143
2017-07-11,600466,8.42,8.44,both,False,2017-07-06,False,False,600466,2017-07-11,8.44,1801346.79,tencent_only,exact_day_match,200,4,1,https://query.sse.com.cn/security/fund/queryNewAllQuatAbel.do?jsonCallBack=jsonpCallbackProbe&FUNDID=600466&inMonth=201707&inYear=2017&searchDate=2017-07-11,sse_all_sh_conflicts/sse_600466_20170711.jsonp,b659ba533f8da4795d27f60c754edd0a9dc4e3030ea40b97c79deea5562db738,4114
2017-08-04,600290,11.75,11.76,both,False,2017-08-03,False,False,600290,2017-08-04,11.76,893646.53,tencent_only,exact_day_match,200,4,1,https://query.sse.com.cn/security/fund/queryNewAllQuatAbel.do?jsonCallBack=jsonpCallbackProbe&FUNDID=600290&inMonth=201708&inYear=2017&searchDate=2017-08-04,sse_all_sh_conflicts/sse_600290_20170804.jsonp,890bb5d5ac1c35e42bb22c741ac153eddcba151a8cf21b79f19b1bcb124d4a11,4086
2017-09-06,600680,14.43,14.39,both,False,2017-08-31,False,False,600680,2017-09-06,14.39,370435.06,tencent_only,exact_day_match,200,4,1,https://query.sse.com.cn/security/fund/queryNewAllQuatAbel.do?jsonCallBack=jsonpCallbackProbe&FUNDID=600680&inMonth=201709&inYear=2017&searchDate=2017-09-06,sse_all_sh_conflicts/sse_600680_20170906.jsonp,4f365f1ee3cc7dd2eb3c5eedcea89b5526ced576c25aa88c559905fe6882c26c,4109
2017-09-15,600242,16.34,16.33,both,False,2017-09-14,False,False,600242,2017-09-15,16.33,682612.41,tencent_only,exact_day_match,200,4,1,https://query.sse.com.cn/security/fund/queryNewAllQuatAbel.do?jsonCallBack=jsonpCallbackProbe&FUNDID=600242&inMonth=201709&inYear=2017&searchDate=2017-09-15,sse_all_sh_conflicts/sse_600242_20170915.jsonp,4aed9f20e24e1a6e79626cf9d5cd607d1051e4875e16cf0c32d0e30a63f02184,4107
2017-09-27,603603,48.1,48.13,both,False,2017-09-14,False,False,603603,2017-09-27,48.13,1925248.13,tencent_only,exact_day_match,200,4,1,https://query.sse.com.cn/security/fund/queryNewAllQuatAbel.do?jsonCallBack=jsonpCallbackProbe&FUNDID=603603&inMonth=201709&inYear=2017&searchDate=2017-09-27,sse_all_sh_conflicts/sse_603603_20170927.jsonp,44a3579e1c270d92ce190d9d3b8a5befd6936099a13e3b9e2a4a5c87bb1fec77,4152
2017-10-11,600306,13.86,13.87,both,False,2017-09-28,True,True,600306,2017-10-11,13.87,247078.68,tencent_only,exact_day_match,200,4,1,https://query.sse.com.cn/security/fund/queryNewAllQuatAbel.do?jsonCallBack=jsonpCallbackProbe&FUNDID=600306&inMonth=201710&inYear=2017&searchDate=2017-10-11,sse_all_sh_conflicts/sse_600306_20171011.jsonp,5501804d883e6d63182610ea701a36a6f91fa8fbe890316a31c0ab97e7389319,4087
2017-10-18,600242,17.4,17.42,both,False,2017-10-12,False,False,600242,2017-10-18,17.42,795510.64,tencent_only,exact_day_match,200,4,1,https://query.sse.com.cn/security/fund/queryNewAllQuatAbel.do?jsonCallBack=jsonpCallbackProbe&FUNDID=600242&inMonth=201710&inYear=2017&searchDate=2017-10-18,sse_all_sh_conflicts/sse_600242_20171018.jsonp,d1267548cc23982b6197c68c1d65d68ea7cd2d79b305445c978099934099c25e,4116
2017-10-18,600306,13.41,13.4,both,False,2017-10-12,True,True,600306,2017-10-18,13.4,238706.15,tencent_only,exact_day_match,200,4,1,https://query.sse.com.cn/security/fund/queryNewAllQuatAbel.do?jsonCallBack=jsonpCallbackProbe&FUNDID=600306&inMonth=201710&inYear=2017&searchDate=2017-10-18,sse_all_sh_conflicts/sse_600306_20171018.jsonp,2bee21be37282dc12bdd5176b46763978b16de93915c4a4b5920e120c8263cf7,4093
2017-10-25,600083,18.45,18.36,both,False,2017-10-12,False,False,600083,2017-10-25,18.36,422280.0,tencent_only,exact_day_match,200,4,1,https://query.sse.com.cn/security/fund/queryNewAllQuatAbel.do?jsonCallBack=jsonpCallbackProbe&FUNDID=600083&inMonth=201710&inYear=2017&searchDate=2017-10-25,sse_all_sh_conflicts/sse_600083_20171025.jsonp,46d8e23baade88f542e78fdc0c404035e695986ad6f6043d9586bcedf2f1b6cf,4120
2018-01-02,603996,18.3,18.29,both,False,2017-12-21,False,False,603996,2018-01-02,18.29,548974.35,tencent_only,exact_day_match,200,4,1,https://query.sse.com.cn/security/fund/queryNewAllQuatAbel.do?jsonCallBack=jsonpCallbackProbe&FUNDID=603996&inMonth=201801&inYear=2018&searchDate=2018-01-02,sse_all_sh_conflicts/sse_603996_20180102.jsonp,0201df5fe776bfcdfd95ae6f8b4794b5f53c157f94e91559cb8496e23c660ff0,4126
2018-01-05,600823,5.58,5.59,both,False,2018-01-04,False,False,600823,2018-01-05,5.59,2096903.06,tencent_only,exact_day_match,200,4,1,https://query.sse.com.cn/security/fund/queryNewAllQuatAbel.do?jsonCallBack=jsonpCallbackProbe&FUNDID=600823&inMonth=201801&inYear=2018&searchDate=2018-01-05,sse_all_sh_conflicts/sse_600823_20180105.jsonp,8003ee0ac18c6cf6898abb66aa50923c084c275ee498236e79d404c4466cbf30,4145
2018-01-09,600387,10.8,10.79,both,False,2018-01-04,False,False,600387,2018-01-09,10.79,502525.33,tencent_only,exact_day_match,200,4,1,https://query.sse.com.cn/security/fund/queryNewAllQuatAbel.do?jsonCallBack=jsonpCallbackProbe&FUNDID=600387&inMonth=201801&inYear=2018&searchDate=2018-01-09,sse_all_sh_conflicts/sse_600387_20180109.jsonp,e552acef52b7bfc12e2a1b0e76551df49c58cabd865cd2533d77742b692239f0,4125
2018-01-16,600701,9.41,9.4,both,False,2018-01-04,False,False,600701,2018-01-16,9.4,972651.1,tencent_only,exact_day_match,200,4,1,https://query.sse.com.cn/security/fund/queryNewAllQuatAbel.do?jsonCallBack=jsonpCallbackProbe&FUNDID=600701&inMonth=201801&inYear=2018&searchDate=2018-01-16,sse_all_sh_conflicts/sse_600701_20180116.jsonp,b458d74034b3ee8ed3ea1ab3ecfa8e63a651ffe3a57eb699c4289b1f4ff59790,4130
2018-01-23,600093,15.46,15.44,both,False,2018-01-18,False,False,600093,2018-01-23,15.44,1733058.94,tencent_only,exact_day_match,200,4,1,https://query.sse.com.cn/security/fund/queryNewAllQuatAbel.do?jsonCallBack=jsonpCallbackProbe&FUNDID=600093&inMonth=201801&inYear=2018&searchDate=2018-01-23,sse_all_sh_conflicts/sse_600093_20180123.jsonp,030a82364793968fa3e91bb14d8bb2a3ef671486b0a577b4a9bdd3f91ea475f2,4149
2018-01-23,600260,29.3,29.31,both,False,2018-01-18,False,False,600260,2018-01-23,29.31,2077635.02,tencent_only,exact_day_match,200,4,1,https://query.sse.com.cn/security/fund/queryNewAllQuatAbel.do?jsonCallBack=jsonpCallbackProbe&FUNDID=600260&inMonth=201801&inYear=2018&searchDate=2018-01-23,sse_all_sh_conflicts/sse_600260_20180123.jsonp,7ce17bec3577db72ed8a9be208ecc1282c494fdb3e0f9b77226feb7592b69a41,4139
2018-04-10,600634,9.82,9.81,both,False,2018-03-29,False,False,600634,2018-04-10,9.81,564793.17,tencent_only,exact_day_match,200,4,1,https://query.sse.com.cn/security/fund/queryNewAllQuatAbel.do?jsonCallBack=jsonpCallbackProbe&FUNDID=600634&inMonth=201804&inYear=2018&searchDate=2018-04-10,sse_all_sh_conflicts/sse_600634_20180410.jsonp,235dd5bacd81033484a31595986941905c14a37264610180d6dbe1df975992e0,4134
2018-04-10,600687,10.69,10.7,both,False,2018-03-29,False,False,600687,2018-04-10,10.7,1592925.38,tencent_only,exact_day_match,200,4,1,https://query.sse.com.cn/security/fund/queryNewAllQuatAbel.do?jsonCallBack=jsonpCallbackProbe&FUNDID=600687&inMonth=201804&inYear=2018&searchDate=2018-04-10,sse_all_sh_conflicts/sse_600687_20180410.jsonp,0172203dd0fe41a649ddc5b10b7b6948c2d9fe74e99d8aeec6fa8b25efcf12be,4129
2018-04-24,600766,8.82,8.81,both,False,2018-04-12,True,True,600766,2018-04-24,8.81,197543.83,tencent_only,exact_day_match,200,4,1,https://query.sse.com.cn/security/fund/queryNewAllQuatAbel.do?jsonCallBack=jsonpCallbackProbe&FUNDID=600766&inMonth=201804&inYear=2018&searchDate=2018-04-24,sse_all_sh_conflicts/sse_600766_20180424.jsonp,73b18572a0c44145d95c97f105ee0fef2f7bffd55b99dac2d2db81b52a3912de,4127
2018-04-25,600093,14.43,14.42,both,False,2018-04-12,False,False,600093,2018-04-25,14.42,1618569.3,tencent_only,exact_day_match,200,4,1,https://query.sse.com.cn/security/fund/queryNewAllQuatAbel.do?jsonCallBack=jsonpCallbackProbe&FUNDID=600093&inMonth=201804&inYear=2018&searchDate=2018-04-25,sse_all_sh_conflicts/sse_600093_20180425.jsonp,3213f3a739be7c7a0b621ba3406987ab1ae489e1bec4c1c44a09aeb9aca55919,4158
2018-04-25,600297,6.85,6.86,both,False,2018-04-12,False,False,600297,2018-04-25,6.86,5586996.44,tencent_only,exact_day_match,200,4,1,https://query.sse.com.cn/security/fund/queryNewAllQuatAbel.do?jsonCallBack=jsonpCallbackProbe&FUNDID=600297&inMonth=201804&inYear=2018&searchDate=2018-04-25,sse_all_sh_conflicts/sse_600297_20180425.jsonp,61d702dd2f4e1f6a44cededd8a5cbb68d611ef89f0fd3dffa08f78059eabe3a1,4116
2018-04-25,600466,9.66,9.67,both,False,2018-04-12,False,False,600466,2018-04-25,9.67,2063865.33,tencent_only,exact_day_match,200,4,1,https://query.sse.com.cn/security/fund/queryNewAllQuatAbel.do?jsonCallBack=jsonpCallbackProbe&FUNDID=600466&inMonth=201804&inYear=2018&searchDate=2018-04-25,sse_all_sh_conflicts/sse_600466_20180425.jsonp,38f9a45d9cc89a1ab67940d5b634aac9ba30bb54447c565e6f76f04b9a0ea827,4116
2018-05-09,600122,8.11,8.12,both,False,2018-04-26,False,False,600122,2018-05-09,8.12,940304.4,tencent_only,exact_day_match,200,4,1,https://query.sse.com.cn/security/fund/queryNewAllQuatAbel.do?jsonCallBack=jsonpCallbackProbe&FUNDID=600122&inMonth=201805&inYear=2018&searchDate=2018-05-09,sse_all_sh_conflicts/sse_600122_20180509.jsonp,8617997c56d2e05268f89a73b7210711590521d0cf1cddfd4af25de13786d6a2,4115
2018-05-09,600890,10.27,10.35,both,False,2018-04-26,False,False,600890,2018-05-09,10.35,599466.75,tencent_only,exact_day_match,200,4,1,https://query.sse.com.cn/security/fund/queryNewAllQuatAbel.do?jsonCallBack=jsonpCallbackProbe&FUNDID=600890&inMonth=201805&inYear=2018&searchDate=2018-05-09,sse_all_sh_conflicts/sse_600890_20180509.jsonp,f301e9d431a13e493d210488e4cf6e51a5e13baece5add2d0e0436488bb04b05,4105
2018-05-15,600122,8.13,8.12,both,False,2018-05-10,False,False,600122,2018-05-15,8.12,940304.4,tencent_only,exact_day_match,200,4,1,https://query.sse.com.cn/security/fund/queryNewAllQuatAbel.do?jsonCallBack=jsonpCallbackProbe&FUNDID=600122&inMonth=201805&inYear=2018&searchDate=2018-05-15,sse_all_sh_conflicts/sse_600122_20180515.jsonp,19147fd4f0de4598cee4e2d69162b39a801acff76d91ae5205d3b40c39002cef,4114
2018-05-15,600890,10.47,10.45,both,False,2018-05-10,False,False,600890,2018-05-15,10.45,605258.7,tencent_only,exact_day_match,200,4,1,https://query.sse.com.cn/security/fund/queryNewAllQuatAbel.do?jsonCallBack=jsonpCallbackProbe&FUNDID=600890&inMonth=201805&inYear=2018&searchDate=2018-05-15,sse_all_sh_conflicts/sse_600890_20180515.jsonp,88d03d46259a12886143d195f489aabf0a8908a6dbb7e36cd048b9f2675cbe1d,4099
2018-05-17,600767,5.93,5.94,both,False,2018-05-10,True,True,600767,2018-05-17,5.94,202560.05,tencent_only,exact_day_match,200,4,1,https://query.sse.com.cn/security/fund/queryNewAllQuatAbel.do?jsonCallBack=jsonpCallbackProbe&FUNDID=600767&inMonth=201805&inYear=2018&searchDate=2018-05-17,sse_all_sh_conflicts/sse_600767_20180517.jsonp,9d5fe932e14acc3c51298dd052a2590005b18f6f1b873fbdfb26ff0ea3d298e0,4080
2018-05-23,600209,6.44,6.43,both,False,2018-05-10,False,False,600209,2018-05-23,6.43,282284.18,tencent_only,exact_day_match,200,4,1,https://query.sse.com.cn/security/fund/queryNewAllQuatAbel.do?jsonCallBack=jsonpCallbackProbe&FUNDID=600209&inMonth=201805&inYear=2018&searchDate=2018-05-23,sse_all_sh_conflicts/sse_600209_20180523.jsonp,bdcc6a8157cfa991d990ffd4899224ba5acb11c5fdda12906205f91c909ca950,4105
2018-05-24,603996,19.47,19.44,both,True,2018-05-24,False,False,603996,2018-05-24,19.44,583491.6,tencent_only,exact_day_match,200,4,1,https://query.sse.com.cn/security/fund/queryNewAllQuatAbel.do?jsonCallBack=jsonpCallbackProbe&FUNDID=603996&inMonth=201805&inYear=2018&searchDate=2018-05-24,sse_all_sh_conflicts/sse_603996_20180524.jsonp,497ab73bf57fc1cbbab18502d8c31e2f10997ffebe9ad0e08037a821705f8f89,4122
2018-05-28,600767,5.9,5.93,both,False,2018-05-24,True,True,600767,2018-05-28,5.93,202219.04,tencent_only,exact_day_match,200,4,1,https://query.sse.com.cn/security/fund/queryNewAllQuatAbel.do?jsonCallBack=jsonpCallbackProbe&FUNDID=600767&inMonth=201805&inYear=2018&searchDate=2018-05-28,sse_all_sh_conflicts/sse_600767_20180528.jsonp,be3515ec2ff35d2adad96f0c6a4a47ceb6ec439502dec904736c1a3ae735755a,4082
2018-06-08,600190,3.45,3.46,both,False,2018-06-07,False,False,600190,2018-06-08,3.46,615701.65,tencent_only,exact_day_match,200,4,1,https://query.sse.com.cn/security/fund/queryNewAllQuatAbel.do?jsonCallBack=jsonpCallbackProbe&FUNDID=600190&inMonth=201806&inYear=2018&searchDate=2018-06-08,sse_all_sh_conflicts/sse_600190_20180608.jsonp,c6909ed41379e84c872a30bcadeeb6af07d8f2b5023e647d5a50eefdc807b312,4073
2018-06-22,600200,7.06,7.05,both,False,2018-06-21,False,False,600200,2018-06-22,7.05,508933.83,tencent_only,exact_day_match,200,4,1,https://query.sse.com.cn/security/fund/queryNewAllQuatAbel.do?jsonCallBack=jsonpCallbackProbe&FUNDID=600200&inMonth=201806&inYear=2018&searchDate=2018-06-22,sse_all_sh_conflicts/sse_600200_20180622.jsonp,ec97bd3cd63d1609554766ed3f876ae2a1d499e3d09f8228cc64e53bdb974b52,4103
2018-06-22,600260,25.66,25.65,both,False,2018-06-21,False,False,600260,2018-06-22,25.65,1818196.46,tencent_only,exact_day_match,200,4,1,https://query.sse.com.cn/security/fund/queryNewAllQuatAbel.do?jsonCallBack=jsonpCallbackProbe&FUNDID=600260&inMonth=201806&inYear=2018&searchDate=2018-06-22,sse_all_sh_conflicts/sse_600260_20180622.jsonp,c0d007b9db7e3ecbbbcde4edfe5dfde27d07f5806b020fa3206a430ec4b22a61,4133
2018-06-22,600297,5.89,5.9,both,False,2018-06-21,False,False,600297,2018-06-22,5.9,4805142.71,tencent_only,exact_day_match,200,4,1,https://query.sse.com.cn/security/fund/queryNewAllQuatAbel.do?jsonCallBack=jsonpCallbackProbe&FUNDID=600297&inMonth=201806&inYear=2018&searchDate=2018-06-22,sse_all_sh_conflicts/sse_600297_20180622.jsonp,3f7844216bbe0ca3c1a3c80ba5161726f3530f6eb83c6dfc5ab1c853463029a4,4119
2018-06-25,600093,10.03,10.02,both,False,2018-06-21,False,False,600093,2018-06-25,10.02,1124692.4,tencent_only,exact_day_match,200,4,1,https://query.sse.com.cn/security/fund/queryNewAllQuatAbel.do?jsonCallBack=jsonpCallbackProbe&FUNDID=600093&inMonth=201806&inYear=2018&searchDate=2018-06-25,sse_all_sh_conflicts/sse_600093_20180625.jsonp,e1938af4c55a802247b8a0eca35bd6bdcb4d323f54c4e72be15e2f9a647691c2,4139
2018-06-25,600260,25.85,25.81,both,False,2018-06-21,False,False,600260,2018-06-25,25.81,1829538.04,tencent_only,exact_day_match,200,4,1,https://query.sse.com.cn/security/fund/queryNewAllQuatAbel.do?jsonCallBack=jsonpCallbackProbe&FUNDID=600260&inMonth=201806&inYear=2018&searchDate=2018-06-25,sse_all_sh_conflicts/sse_600260_20180625.jsonp,dfb1d62bb20114b580be8c03318370c2de7d5ab1aaa89fc7aec78ec5908f2acb,4129
2018-06-29,600462,3.75,3.74,both,False,2018-06-21,False,False,600462,2018-06-29,3.74,199633.72,tencent_only,exact_day_match,200,4,1,https://query.sse.com.cn/security/fund/queryNewAllQuatAbel.do?jsonCallBack=jsonpCallbackProbe&FUNDID=600462&inMonth=201806&inYear=2018&searchDate=2018-06-29,sse_all_sh_conflicts/sse_600462_20180629.jsonp,6061e75912f8ef031fedfaa5d190c237d9ca6cc4cbec8f362399f1f7802af292,4097
2018-08-06,600781,15.9,15.91,both,False,2018-08-02,False,False,600781,2018-08-06,15.91,997807.6,tencent_only,exact_day_match,200,4,1,https://query.sse.com.cn/security/fund/queryNewAllQuatAbel.do?jsonCallBack=jsonpCallbackProbe&FUNDID=600781&inMonth=201808&inYear=2018&searchDate=2018-08-06,sse_all_sh_conflicts/sse_600781_20180806.jsonp,7a75fccc4780aa8085881a9d36b5acd3f64a0e94a5487ba5a14eff6019c72486,4125
2018-08-06,600891,5.05,5.06,both,False,2018-08-02,False,False,600891,2018-08-06,5.06,312498.42,tencent_only,exact_day_match,200,4,1,https://query.sse.com.cn/security/fund/queryNewAllQuatAbel.do?jsonCallBack=jsonpCallbackProbe&FUNDID=600891&inMonth=201808&inYear=2018&searchDate=2018-08-06,sse_all_sh_conflicts/sse_600891_20180806.jsonp,264aed423acc79008db956f601800337909b7584238c9f773b914128adf47a89,4089
2018-08-07,600634,2.12,2.13,both,False,2018-08-02,True,True,600634,2018-08-07,2.13,122630.93,tencent_only,exact_day_match,200,4,1,https://query.sse.com.cn/security/fund/queryNewAllQuatAbel.do?jsonCallBack=jsonpCallbackProbe&FUNDID=600634&inMonth=201808&inYear=2018&searchDate=2018-08-07,sse_all_sh_conflicts/sse_600634_20180807.jsonp,ef868cef9d8a3d5b643a7689689badc216a474aab451ed8777a01af1898ca3e7,4110
2018-08-08,600890,8.05,8.06,both,False,2018-08-02,False,False,600890,2018-08-08,8.06,466831.11,tencent_only,exact_day_match,200,4,1,https://query.sse.com.cn/security/fund/queryNewAllQuatAbel.do?jsonCallBack=jsonpCallbackProbe&FUNDID=600890&inMonth=201808&inYear=2018&searchDate=2018-08-08,sse_all_sh_conflicts/sse_600890_20180808.jsonp,158a338b2d9f03f5017aace8aa8acb4e6a8df50f9abd00a4c7d4f5030177d08e,4092
2018-08-13,600317,2.4,2.39,both,False,2018-08-02,False,False,600317,2018-08-13,2.39,1547042.94,tencent_only,exact_day_match,200,4,1,https://query.sse.com.cn/security/fund/queryNewAllQuatAbel.do?jsonCallBack=jsonpCallbackProbe&FUNDID=600317&inMonth=201808&inYear=2018&searchDate=2018-08-13,sse_all_sh_conflicts/sse_600317_20180813.jsonp,29f23b72dcdb88694b397e37b64da41b563d0564cb752b70bedd4811fd33b8f9,4087
2018-08-15,600242,13.14,13.13,both,False,2018-08-02,False,False,600242,2018-08-15,13.13,599601.31,tencent_only,exact_day_match,200,4,1,https://query.sse.com.cn/security/fund/queryNewAllQuatAbel.do?jsonCallBack=jsonpCallbackProbe&FUNDID=600242&inMonth=201808&inYear=2018&searchDate=2018-08-15,sse_all_sh_conflicts/sse_600242_20180815.jsonp,1ef4571223287a5c9cc1d947e5c80d3d79d71cc5890491a8cc6fb0dc1e876f72,4080
2018-08-15,600306,6.65,6.66,both,False,2018-08-02,True,True,600306,2018-08-15,6.66,118640.52,tencent_only,exact_day_match,200,4,1,https://query.sse.com.cn/security/fund/queryNewAllQuatAbel.do?jsonCallBack=jsonpCallbackProbe&FUNDID=600306&inMonth=201808&inYear=2018&searchDate=2018-08-15,sse_all_sh_conflicts/sse_600306_20180815.jsonp,cb83413d100a3abd90584fcf360fb6f7c00fba26c6b42f61591bc5f1ee383e74,4068
2018-08-16,600070,6.45,6.42,both,True,2018-08-16,False,False,600070,2018-08-16,6.42,335089.41,tencent_only,exact_day_match,200,4,1,https://query.sse.com.cn/security/fund/queryNewAllQuatAbel.do?jsonCallBack=jsonpCallbackProbe&FUNDID=600070&inMonth=201808&inYear=2018&searchDate=2018-08-16,sse_all_sh_conflicts/sse_600070_20180816.jsonp,c023e44fdb3ec6cdcdecc1bd724bddae706c31a21e5e6eef393ced85de13a316,4119
2018-08-16,603388,12.3,12.22,both,True,2018-08-16,False,False,603388,2018-08-16,12.22,251541.37,tencent_only,exact_day_match,200,4,1,https://query.sse.com.cn/security/fund/queryNewAllQuatAbel.do?jsonCallBack=jsonpCallbackProbe&FUNDID=603388&inMonth=201808&inYear=2018&searchDate=2018-08-16,sse_all_sh_conflicts/sse_603388_20180816.jsonp,7550af8a7a179317489831ead376ee9a88551b204f3e487308f130f55c13a4c7,4137
2018-08-17,600070,6.44,6.43,both,False,2018-08-16,False,False,600070,2018-08-17,6.43,335611.35,tencent_only,exact_day_match,200,4,1,https://query.sse.com.cn/security/fund/queryNewAllQuatAbel.do?jsonCallBack=jsonpCallbackProbe&FUNDID=600070&inMonth=201808&inYear=2018&searchDate=2018-08-17,sse_all_sh_conflicts/sse_600070_20180817.jsonp,517a2468a019756fd270bc070ba2a04d0cbba8c57a674b7093fe77be42702f86,4107
2018-08-17,600242,13.17,13.11,both,False,2018-08-16,False,False,600242,2018-08-17,13.11,598687.97,tencent_only,exact_day_match,200,4,1,https://query.sse.com.cn/security/fund/queryNewAllQuatAbel.do?jsonCallBack=jsonpCallbackProbe&FUNDID=600242&inMonth=201808&inYear=2018&searchDate=2018-08-17,sse_all_sh_conflicts/sse_600242_20180817.jsonp,7076d5a8af7b45688cb7d25bf3f7e31435314e8e5c9b4e77263e034f2e8f97f7,4077
2018-08-17,600677,7.47,7.48,both,False,2018-08-16,False,False,600677,2018-08-17,7.48,390300.19,tencent_only,exact_day_match,200,4,1,https://query.sse.com.cn/security/fund/queryNewAllQuatAbel.do?jsonCallBack=jsonpCallbackProbe&FUNDID=600677&inMonth=201808&inYear=2018&searchDate=2018-08-17,sse_all_sh_conflicts/sse_600677_20180817.jsonp,9182a814a1efde93a3739319d016612cae323675bb02f6ac0967b5594710ae0e,4132
2018-08-17,600781,17.12,17.16,both,False,2018-08-16,False,False,600781,2018-08-17,17.16,1076202.29,tencent_only,exact_day_match,200,4,1,https://query.sse.com.cn/security/fund/queryNewAllQuatAbel.do?jsonCallBack=jsonpCallbackProbe&FUNDID=600781&inMonth=201808&inYear=2018&searchDate=2018-08-17,sse_all_sh_conflicts/sse_600781_20180817.jsonp,d316e118892a4c2b355722831c21df7f336123c9d45428cbfffa672972b09627,4127
2018-08-17,603388,11.73,11.69,both,False,2018-08-16,False,False,603388,2018-08-17,11.69,240631.64,tencent_only,exact_day_match,200,4,1,https://query.sse.com.cn/security/fund/queryNewAllQuatAbel.do?jsonCallBack=jsonpCallbackProbe&FUNDID=603388&inMonth=201808&inYear=2018&searchDate=2018-08-17,sse_all_sh_conflicts/sse_603388_20180817.jsonp,7418376f9318b11063aba37e8bb3ed5437d2c80fa43e9e3626d0f968de13f092,4134
2025-03-17,600811,0.92,,left_only,False,2025-03-06,False,False,,,,,,outside_page_supported_date_range,,,,,,,
2025-04-30,603003,3.84,,left_only,False,2025-04-17,False,False,,,,,,outside_page_supported_date_range,,,,,,,
