date,close_tencent
2010-01-04,4.22
2010-01-05,4.2
2010-01-06,4.17
2010-01-07,4.13
2010-01-08,4.13
2010-01-11,4.16
2010-01-12,4.24
2010-01-13,4.13
2010-01-14,4.25
2010-01-15,4.46
2010-01-18,4.5
2010-01-19,4.52
2010-01-20,4.3
2010-01-21,4.52
2010-01-22,4.47
2010-01-25,4.39
2010-01-26,4.25
2010-01-27,4.27
2010-01-28,4.33
2010-01-29,4.27
2010-02-01,4.1
2010-02-02,4.08
2010-02-03,4.14
2010-02-04,4.21
2010-02-05,4.14
2010-02-08,4.17
2010-02-09,4.2
2010-02-10,4.24
2010-02-11,4.19
2010-02-12,4.2
2010-02-22,4.25
2010-02-23,4.32
2010-02-24,4.41
2010-02-25,4.48
2010-02-26,4.42
2010-03-01,4.48
2010-03-02,4.45
2010-03-03,4.51
2010-03-04,4.35
2010-03-05,4.41
2010-03-09,4.41
2010-03-10,4.35
2010-03-11,4.32
2010-03-12,4.29
2010-03-15,4.26
2010-03-16,4.31
2010-03-17,4.39
2010-03-18,4.4
2010-03-19,4.45
2010-03-22,4.48
2010-03-23,4.44
2010-03-24,4.66
2010-03-25,4.51
2010-03-26,4.71
2010-03-29,4.72
2010-03-30,4.73
2010-03-31,4.62
2010-04-01,4.85
2010-04-02,5.09
2010-04-06,5.14
2010-04-07,5.26
2010-04-08,5.18
2010-04-09,5.22
2010-04-12,5.13
2010-04-14,5.64
2010-04-15,5.68
2010-04-16,5.39
2010-04-19,5.56
2010-04-20,6.12
2010-04-21,6.16
2010-04-22,6.22
2010-04-23,6.05
2010-04-26,5.8
2010-04-27,5.54
2010-04-28,5.62
2010-04-29,5.27
2010-04-30,5.16
2010-05-04,5.22
2010-05-05,5.51
2010-05-06,5.42
2010-05-10,5.2
2010-05-11,5.06
2010-05-12,4.91
2010-05-13,4.99
2010-05-14,5.0
2010-05-17,4.55
2010-05-18,4.48
2010-05-19,4.47
2010-05-20,4.34
2010-05-21,4.5
2010-05-24,4.72
2010-05-25,4.77
2010-05-26,4.81
2010-05-27,4.85
2010-05-28,4.76
2010-05-31,4.51
2010-06-01,4.42
2010-06-02,4.53
2010-06-03,4.48
2010-06-04,4.51
2010-06-07,4.43
2010-06-08,4.53
2010-06-09,4.68
2010-06-10,4.61
2010-06-11,4.54
2010-06-17,4.64
2010-06-18,4.45
2010-06-21,4.56
2010-06-22,4.57
2010-06-23,4.52
2010-06-24,4.54
2010-06-25,4.42
2010-06-28,4.3
2010-06-29,3.98
2010-06-30,3.89
2010-07-01,3.92
2010-07-02,4.0
2010-07-05,3.91
2010-07-06,4.01
2010-07-07,4.06
2010-07-08,3.99
2010-07-09,4.11
2010-07-12,4.15
2010-07-13,4.31
2010-07-14,4.29
2010-07-15,4.23
2010-07-16,4.19
2010-07-19,4.27
2010-07-20,4.36
2010-07-21,4.33
2010-07-23,4.4
2010-07-26,4.43
2010-07-27,4.46
2010-07-28,4.54
2010-07-29,4.65
2010-07-30,4.65
2010-08-02,4.69
2010-08-03,4.5
2010-08-04,4.55
2010-08-05,4.53
2010-08-06,4.61
2010-08-09,4.7
2010-08-10,4.49
2010-08-11,4.51
2010-08-12,4.4
2010-08-13,4.84
2010-08-16,5.06
2010-08-17,5.0
2010-08-18,5.08
2010-08-19,5.0
2010-08-20,4.86
2010-08-23,4.88
2010-08-24,4.9
2010-08-25,4.82
2010-08-26,4.95
2010-08-27,4.9
2010-08-30,5.0
2010-08-31,4.96
2010-09-01,4.94
2010-09-02,4.96
2010-09-03,4.93
2010-09-06,4.94
2010-09-07,4.9
2010-09-08,4.99
2010-09-09,4.96
2010-09-10,5.2
2010-09-13,5.18
2010-09-14,5.16
2010-09-15,5.01
2010-09-16,4.83
2010-09-17,4.77
2010-09-20,4.76
2010-09-21,4.75
2010-09-27,4.86
2010-09-28,4.87
2010-09-29,4.77
2010-09-30,4.83
2010-10-08,4.92
2010-10-11,5.01
2010-10-12,4.96
2010-10-13,5.02
2010-10-14,4.8
2010-10-15,4.86
2010-10-18,4.8
2010-10-19,4.88
2010-10-20,4.86
2010-10-21,4.86
2010-10-22,5.14
2010-10-25,5.1
2010-10-26,5.22
2010-10-27,5.08
2010-10-28,5.09
2010-10-29,5.11
2010-11-01,5.18
2010-11-02,5.24
2010-11-03,5.06
2010-11-04,5.09
2010-11-05,5.17
2010-11-08,5.31
2010-11-09,5.22
2010-11-10,5.2
2010-11-11,5.13
2010-11-12,4.64
2010-11-15,4.74
2010-11-16,4.54
2010-11-17,4.43
2010-11-18,4.5
2010-11-19,4.53
2010-11-22,4.54
2010-11-23,4.38
2010-11-24,4.46
2010-11-25,4.54
2010-11-26,4.46
2010-11-29,4.47
2010-11-30,4.3
2010-12-01,4.38
2010-12-02,4.38
2010-12-03,4.34
2010-12-06,4.29
2010-12-07,4.31
2010-12-08,4.28
2010-12-09,4.31
2010-12-10,4.36
2010-12-13,4.44
2010-12-14,4.41
2010-12-15,4.4
2010-12-16,4.38
2010-12-17,4.4
2010-12-20,4.28
2010-12-21,4.32
2010-12-22,4.42
2010-12-23,4.38
2010-12-24,4.26
2010-12-27,4.15
2010-12-28,3.95
2010-12-29,4.01
2010-12-30,3.99
2011-01-04,4.09
2011-01-05,4.14
2011-01-06,4.55
2011-01-07,4.67
2011-01-10,4.36
2011-01-11,4.31
2011-01-12,4.34
2011-01-13,4.26
2011-01-14,4.16
2011-01-17,4.07
2011-01-18,4.08
2011-01-19,4.19
2011-01-20,4.09
2011-01-21,4.15
2011-01-24,4.18
2011-01-25,4.15
2011-01-26,4.12
2011-01-27,4.2
2011-01-28,4.17
2011-01-31,4.16
2011-02-01,4.21
2011-02-09,4.2
2011-02-10,4.29
2011-02-11,4.33
2011-02-14,4.37
2011-02-15,4.34
2011-02-16,4.42
2011-02-17,4.38
2011-02-18,4.35
2011-02-21,4.41
2011-02-22,4.29
2011-02-23,4.32
2011-02-24,4.4
2011-02-25,4.42
2011-02-28,4.44
2011-03-01,4.44
2011-03-02,4.45
2011-03-03,4.43
2011-03-04,4.45
2011-03-07,4.5
2011-03-08,4.5
2011-03-09,4.48
2011-03-10,4.42
2011-03-11,4.38
2011-03-14,4.44
2011-03-15,4.36
2011-03-16,4.45
2011-03-17,4.73
2011-03-18,4.65
2011-03-21,4.68
2011-03-22,4.87
2011-03-23,4.96
2011-03-24,4.91
2011-03-25,4.91
2011-03-28,4.86
2011-03-29,5.03
2011-03-30,4.88
2011-03-31,4.7
2011-04-01,4.77
2011-04-06,4.88
2011-04-07,4.9
2011-04-08,4.89
2011-04-11,5.0
2011-04-12,5.07
2011-04-13,5.01
2011-04-14,4.95
2011-04-15,5.06
2011-04-18,5.0
2011-04-19,4.9
2011-04-20,4.97
2011-04-21,4.96
2011-04-22,5.08
2011-04-25,4.88
2011-04-26,4.68
2011-04-27,4.7
2011-04-28,4.54
2011-04-29,4.62
2011-05-03,4.7
2011-05-04,4.61
2011-05-05,4.69
2011-05-09,4.76
2011-05-10,4.73
2011-05-11,4.74
2011-05-12,4.72
2011-05-13,4.79
2011-05-16,4.94
2011-05-17,4.85
2011-05-18,4.89
2011-05-19,4.84
2011-05-20,4.73
2011-05-23,4.46
2011-05-24,4.55
2011-05-25,4.46
2011-05-26,4.44
2011-05-27,4.3
2011-05-30,4.19
2011-05-31,4.28
2011-06-01,4.37
2011-06-02,4.3
2011-06-03,4.39
2011-06-07,4.4
2011-06-08,4.41
2011-06-09,4.33
2011-06-10,4.3
2011-06-13,4.28
2011-06-14,4.36
2011-06-15,4.32
2011-06-16,4.22
2011-06-17,4.16
2011-06-20,4.1
2011-06-21,4.14
2011-06-22,4.13
2011-06-23,4.2
2011-06-24,4.26
2011-06-27,4.28
2011-06-28,4.29
2011-06-29,4.25
2011-06-30,4.27
2011-07-01,4.29
2011-07-04,4.37
2011-07-05,4.4
2011-07-06,4.49
2011-07-07,4.56
2011-07-08,4.72
2011-07-11,4.74
2011-07-12,4.61
2011-07-13,4.66
2011-07-14,4.79
2011-07-15,4.71
2011-07-18,4.7
2011-07-19,4.65
2011-07-20,4.7
2011-07-21,4.56
2011-07-22,4.61
2011-07-25,4.38
2011-07-26,4.37
2011-07-27,4.46
2011-07-28,4.42
2011-07-29,4.38
2011-08-01,4.38
2011-08-02,4.29
2011-08-03,4.37
2011-08-04,4.39
2011-08-05,4.27
2011-08-08,3.97
2011-08-09,3.93
2011-08-10,3.97
2011-08-11,4.06
2011-08-12,4.12
2011-08-15,4.22
2011-08-16,4.13
2011-08-17,4.13
2011-08-18,4.03
2011-08-19,3.99
2011-08-22,3.95
2011-08-23,4.02
2011-08-24,4.01
2011-08-25,4.1
2011-08-26,4.11
2011-08-29,4.06
2011-08-30,4.01
2011-08-31,4.0
2011-09-01,4.0
2011-09-02,3.96
2011-09-05,3.87
2011-09-06,3.88
2011-09-07,3.95
2011-09-08,3.88
2011-09-09,3.87
2011-09-13,3.85
2011-09-14,3.92
2011-09-15,3.91
2011-09-16,3.94
2011-09-19,3.86
2011-09-20,3.88
2011-09-21,3.98
2011-09-22,3.88
2011-09-23,3.84
2011-09-26,3.79
2011-09-27,3.81
2011-09-28,3.76
2011-09-29,3.6
2011-09-30,3.62
2011-10-10,3.63
2011-10-11,3.63
2011-10-12,3.75
2011-10-13,3.78
2011-10-14,3.74
2011-10-17,3.74
2011-10-18,3.64
2011-10-19,3.62
2011-10-20,3.49
2011-10-21,3.43
2011-10-24,3.46
2011-10-25,3.53
2011-10-26,3.54
2011-10-27,3.57
2011-10-28,3.61
2011-10-31,3.65
2011-11-01,3.64
2011-11-02,3.66
2011-11-03,3.68
2011-11-04,3.7
2011-11-07,3.7
2011-11-08,3.68
2011-11-09,3.7
2011-11-10,3.61
2011-11-11,3.58
2011-11-14,3.66
2011-11-15,3.72
2011-11-16,3.64
2011-11-17,3.64
2011-11-18,3.5
2011-11-21,3.48
2011-11-22,3.47
2011-11-23,3.45
2011-11-24,3.4
2011-11-25,3.36
2011-11-29,3.41
2011-11-30,3.21
2011-12-01,3.29
2011-12-02,3.2
2011-12-05,3.07
2011-12-06,3.08
2011-12-07,3.09
2011-12-08,3.05
2011-12-09,2.98
2011-12-12,2.96
2011-12-13,2.83
2011-12-14,2.77
2011-12-15,2.65
2011-12-16,2.72
2011-12-19,2.72
2011-12-20,2.72
2011-12-21,2.69
2011-12-22,2.65
2011-12-23,2.69
2011-12-26,2.7
2011-12-27,2.62
2011-12-28,2.6
2011-12-29,2.6
2011-12-30,2.64
2012-01-04,2.59
2012-01-05,2.52
2012-01-06,2.53
2012-01-09,2.64
2012-01-10,2.74
2012-01-11,2.77
2012-01-12,2.85
2012-01-13,2.72
2012-01-16,2.62
2012-01-17,2.77
2012-01-18,2.72
2012-01-19,2.71
2012-01-20,2.74
2012-01-30,2.73
2012-01-31,2.74
2012-02-01,2.75
2012-02-02,2.81
2012-02-03,2.89
2012-02-06,2.88
2012-02-07,2.82
2012-02-08,2.88
2012-02-09,2.89
2012-02-10,2.88
2012-02-13,2.89
2012-02-14,2.92
2012-02-15,3.0
2012-02-16,3.02
2012-02-17,2.99
2012-02-20,3.0
2012-02-21,3.01
2012-02-22,3.03
2012-02-23,3.04
2012-02-24,3.1
2012-02-27,3.1
2012-02-28,3.08
2012-02-29,3.0
2012-03-01,3.01
2012-03-02,3.08
2012-03-05,3.05
2012-03-06,3.01
2012-03-07,3.01
2012-03-08,3.05
2012-03-09,3.08
2012-03-12,3.06
2012-03-13,3.07
2012-03-14,2.91
2012-03-15,2.86
2012-03-16,2.93
2012-03-19,2.94
2012-03-20,3.23
2012-03-21,3.28
2012-03-22,3.18
2012-03-23,3.03
2012-03-26,2.99
2012-03-27,2.96
2012-03-28,2.79
2012-03-29,2.69
2012-04-05,2.65
2012-04-06,2.59
2012-04-09,2.59
2012-04-10,2.6
2012-04-11,2.6
2012-04-12,2.65
2012-04-13,2.68
2012-04-16,2.66
2012-04-17,2.61
2012-04-18,2.65
2012-04-19,2.61
2012-04-20,2.62
2012-04-23,2.49
2012-04-24,2.38
2012-04-25,2.39
2012-04-26,2.4
2012-04-27,2.35
2012-05-02,2.23
2012-05-03,2.12
2012-05-04,2.21
2012-05-07,2.23
2012-05-08,2.29
2012-05-09,2.22
2012-05-10,2.25
2012-05-11,2.24
2012-05-14,2.22
2012-05-16,2.2
2012-05-17,2.23
2012-05-18,2.22
2012-05-21,2.22
2012-05-22,2.23
2012-05-23,2.17
2012-05-24,2.11
2012-05-25,2.06
2012-05-28,2.1
2012-05-29,2.14
2012-05-30,2.14
2012-05-31,2.14
2012-06-01,2.14
2012-06-04,2.07
2012-06-05,2.09
2012-06-06,2.11
2012-06-07,2.1
2012-06-08,2.09
2012-06-11,2.13
2012-06-12,2.14
2012-06-13,2.18
2012-06-14,2.24
2012-06-15,2.22
2012-06-18,2.21
2012-06-19,2.22
2012-06-20,2.2
2012-06-21,2.14
2012-06-25,2.09
2012-06-26,2.09
2012-06-27,2.08
2012-06-28,2.05
2012-06-29,2.04
2012-07-02,2.06
2012-07-03,2.08
2012-07-04,2.07
2012-07-05,2.03
2012-07-06,2.04
2012-07-09,2.01
2012-07-10,1.97
2012-07-11,1.97
2012-07-12,2.0
2012-07-13,1.98
2012-07-16,1.88
2012-07-17,1.88
2012-07-18,1.88
2012-07-19,1.9
2012-07-20,1.87
2012-07-23,1.85
2012-07-24,1.87
2012-07-25,1.85
2012-07-26,1.85
2012-07-27,1.85
2012-07-30,1.76
2012-07-31,1.67
2012-08-01,1.59
2012-08-02,1.54
2012-08-03,1.53
2012-08-06,1.57
2012-08-07,1.6
2012-08-08,1.58
2012-08-09,1.6
2012-08-10,1.62
2012-08-13,1.57
2012-08-14,1.59
2012-08-15,1.59
2012-08-16,1.61
2012-08-17,1.6
2012-08-20,1.62
2012-08-21,1.7
2012-08-22,1.79
2012-08-23,1.88
2012-08-24,1.81
2012-08-27,1.82
2012-08-28,1.86
2012-08-29,1.84
2012-08-30,1.76
2012-08-31,1.84
2012-09-03,1.82
2012-09-04,1.82
2012-09-05,1.81
2012-09-06,1.82
2012-09-07,1.85
2012-09-10,1.92
2012-09-11,1.95
2012-09-12,1.99
2012-09-13,1.96
2012-09-14,1.96
2012-09-17,1.88
2012-09-18,1.87
2012-09-19,1.91
2012-09-20,1.82
2012-09-21,1.83
2012-09-24,1.81
2012-09-25,1.79
2012-09-26,1.83
2012-09-27,1.83
2012-09-28,1.84
2012-10-08,1.87
2012-10-09,1.9
2012-10-10,2.0
2012-10-11,1.94
2012-10-12,1.96
2012-10-15,2.06
2012-10-16,2.07
2012-10-17,2.05
2012-10-18,2.07
2012-10-19,2.12
2012-10-22,2.23
2012-10-23,2.34
2012-10-24,2.46
2012-10-25,2.34
2012-10-26,2.28
2012-10-29,2.22
2012-10-30,2.2
2012-10-31,2.2
2012-11-01,2.31
2012-11-02,2.43
2012-11-05,2.44
2012-11-06,2.5
2012-11-07,2.46
2012-11-08,2.38
2012-11-09,2.37
2012-11-12,2.45
2012-11-13,2.41
2012-11-14,2.4
2012-11-15,2.36
2012-11-16,2.26
2012-11-19,2.3
2012-11-20,2.27
2012-11-21,2.3
2012-11-22,2.24
2012-11-23,2.24
2012-11-26,2.17
2012-11-27,2.06
2012-11-28,1.96
2012-11-29,1.98
2012-11-30,2.03
2012-12-03,1.93
2012-12-04,1.94
2012-12-05,2.0
2012-12-06,1.98
2012-12-07,2.0
2012-12-10,2.08
2012-12-11,2.08
2012-12-12,2.07
2012-12-13,2.01
2012-12-14,2.09
2012-12-17,2.07
2012-12-18,2.06
2012-12-19,2.04
2012-12-20,2.03
2012-12-21,2.02
2012-12-24,2.03
2012-12-25,2.05
2012-12-26,2.07
2012-12-27,2.17
2012-12-28,2.13
2012-12-31,2.13
2013-01-04,2.11
2013-01-07,2.14
2013-01-08,2.2
2013-01-09,2.29
2013-01-10,2.25
2013-01-11,2.22
2013-01-14,2.33
2013-01-15,2.38
2013-01-16,2.48
2013-01-17,2.46
2013-01-18,2.46
2013-01-21,2.58
2013-01-22,2.71
2013-01-23,2.61
2013-01-24,2.52
2013-01-25,2.64
2013-01-28,2.65
2013-01-29,2.64
2013-01-30,2.59
2013-01-31,2.6
2013-02-01,2.65
2013-02-04,2.62
2013-02-05,2.63
2013-02-06,2.71
2013-02-07,2.7
2013-02-08,2.67
2013-02-18,2.73
2013-02-19,2.68
2013-02-20,2.68
2013-02-21,2.58
2013-02-22,2.58
2013-02-25,2.59
2013-02-26,2.49
2013-02-27,2.49
2013-02-28,2.55
2013-03-01,2.61
2013-03-04,2.51
2013-03-05,2.57
2013-03-06,2.66
2013-03-07,2.63
2013-03-08,2.65
2013-03-11,2.68
2013-03-12,2.57
2013-03-13,2.52
2013-03-14,2.55
2013-03-15,2.54
2013-03-18,2.51
2013-03-19,2.56
2013-03-20,2.69
2013-03-21,2.73
2013-03-22,2.78
2013-03-25,2.92
2013-03-26,2.93
2013-03-27,3.01
2013-03-28,3.03
2013-03-29,2.93
2013-04-01,2.95
2013-04-02,2.89
2013-04-03,2.75
2013-04-08,2.7
2013-04-09,2.76
2013-04-10,2.69
2013-04-11,2.66
2013-04-12,2.67
2013-04-15,2.62
2013-04-16,2.64
2013-04-17,2.63
2013-04-19,2.89
2013-04-22,2.93
2013-04-23,2.75
2013-04-24,3.03
2013-04-25,2.98
2013-04-26,2.88
2013-05-02,2.86
2013-05-03,2.84
2013-05-06,2.81
2013-05-07,2.78
2013-05-08,2.81
2013-05-09,2.74
2013-05-10,2.75
2013-05-13,2.76
2013-05-14,2.76
2013-05-15,2.87
2013-05-16,2.86
2013-05-17,2.86
2013-05-20,2.84
2013-05-21,2.91
2013-05-22,2.84
2013-05-23,2.83
2013-05-24,2.84
2013-05-27,2.83
2013-05-28,2.89
2013-05-29,2.91
2013-05-30,2.88
2013-05-31,2.84
2013-06-03,2.84
2013-06-04,2.77
2013-06-05,2.8
2013-06-06,2.77
2013-06-07,2.68
2013-06-13,2.51
2013-06-14,2.56
2013-06-17,2.57
2013-06-18,2.55
2013-06-19,2.51
2013-06-20,2.36
2013-06-21,2.39
2013-06-24,2.2
2013-06-25,2.15
2013-06-26,2.16
2013-06-27,2.14
2013-06-28,2.13
2013-07-01,2.17
2013-07-02,2.23
2013-07-03,2.18
2013-07-04,2.19
2013-07-05,2.2
2013-07-08,2.09
2013-07-09,2.1
2013-07-10,2.15
2013-07-11,2.2
2013-07-12,2.18
2013-07-15,2.21
2013-07-16,2.43
2013-07-17,2.32
2013-07-18,2.39
2013-07-19,2.31
2013-07-22,2.28
2013-07-23,2.31
2013-07-24,2.29
2013-07-25,2.27
2013-07-26,2.26
2013-07-29,2.18
2013-07-30,2.2
2013-07-31,2.2
2013-08-01,2.28
2013-08-02,2.28
2013-08-05,2.31
2013-08-06,2.32
2013-08-07,2.28
2013-08-08,2.28
2013-08-09,2.3
2013-08-12,2.35
2013-08-13,2.39
2013-08-14,2.34
2013-08-15,2.34
2013-08-16,2.29
2013-08-19,2.3
2013-08-20,2.3
2013-08-21,2.35
2013-08-22,2.48
2013-08-23,2.4
2013-08-26,2.43
2013-08-27,2.44
2013-08-28,2.4
2013-08-29,2.46
2013-08-30,2.44
2013-09-02,2.47
2013-09-03,2.5
2013-09-04,2.47
2013-09-05,2.44
2013-09-06,2.45
2013-09-09,2.46
2013-09-10,2.5
2013-09-11,2.52
2013-09-12,2.55
2013-09-13,2.53
2013-09-16,2.5
2013-09-17,2.48
2013-09-18,2.48
2013-09-23,2.52
2013-09-24,2.47
2013-09-25,2.46
2013-09-26,2.41
2013-09-27,2.39
2013-09-30,2.39
2013-10-08,2.43
2013-10-09,2.44
2013-10-10,2.5
2013-10-11,2.49
2013-10-14,2.49
2013-10-15,2.5
2013-10-16,2.42
2013-10-17,2.45
2013-10-18,2.46
2013-10-21,2.49
2013-10-22,2.5
2013-10-23,2.49
2013-10-24,2.43
2013-10-25,2.42
2013-10-28,2.41
2013-10-29,2.31
2013-10-30,2.45
2013-10-31,2.42
2013-11-01,2.43
2013-11-04,2.44
2013-11-05,2.45
2013-11-06,2.45
2013-11-07,2.49
2013-11-08,2.39
2013-11-11,2.38
2013-11-12,2.39
2013-11-13,2.35
2013-11-14,2.35
2013-11-15,2.42
2013-11-18,2.43
2013-11-19,2.46
2013-11-20,2.49
2013-11-21,2.46
2013-11-22,2.47
2013-11-25,2.5
2013-11-26,2.52
2013-11-27,2.59
2013-11-28,2.57
2013-11-29,2.55
2013-12-02,2.4
2013-12-03,2.44
2013-12-04,2.45
2013-12-05,2.45
2013-12-06,2.46
2013-12-09,2.47
2013-12-10,2.46
2013-12-11,2.4
2013-12-12,2.4
2013-12-13,2.41
2013-12-16,2.36
2013-12-17,2.4
2013-12-18,2.35
2013-12-19,2.35
2013-12-20,2.32
2013-12-23,2.31
2013-12-24,2.31
2013-12-25,2.34
2013-12-26,2.29
2013-12-27,2.31
2013-12-30,2.3
2013-12-31,2.31
2014-01-02,2.33
2014-01-03,2.32
2014-01-06,2.25
2014-01-07,2.26
2014-01-08,2.23
2014-01-09,2.18
2014-01-10,2.11
2014-01-13,2.1
2014-01-14,2.15
2014-01-15,2.15
2014-01-16,2.18
2014-01-17,2.15
2014-01-20,2.18
2014-01-21,2.21
2014-01-22,2.23
2014-01-23,2.21
2014-01-24,2.24
2014-01-27,2.21
2014-01-28,2.2
2014-01-29,2.21
2014-01-30,2.22
2014-02-07,2.26
2014-02-10,2.3
2014-02-11,2.32
2014-02-12,2.36
2014-02-13,2.31
2014-02-14,2.36
2014-02-17,2.39
2014-02-18,2.37
2014-02-19,2.44
2014-02-20,2.43
2014-02-21,2.37
2014-02-24,2.34
2014-02-25,2.29
2014-02-26,2.3
2014-02-27,2.37
2014-02-28,2.32
2014-03-03,2.39
2014-03-04,2.39
2014-03-05,2.36
2014-03-06,2.37
2014-03-07,2.35
2014-03-10,2.29
2014-03-11,2.27
2014-03-12,2.27
2014-03-13,2.31
2014-03-14,2.31
2014-03-17,2.34
2014-03-18,2.35
2014-03-19,2.38
2014-03-20,2.32
2014-03-21,2.38
2014-03-24,2.39
2014-03-25,2.43
2014-03-26,2.41
2014-03-27,2.44
2014-03-28,2.38
2014-03-31,2.35
2014-04-01,2.36
2014-04-02,2.37
2014-04-03,2.34
2014-04-04,2.36
2014-04-08,2.38
2014-04-09,2.38
2014-04-10,2.47
2014-04-11,2.39
2014-04-14,2.39
2014-04-15,2.39
2014-04-16,2.39
2014-04-17,2.41
2014-04-18,2.41
2014-04-21,2.39
2014-04-22,2.36
2014-04-23,2.34
2014-04-24,2.35
2014-04-25,2.32
2014-04-28,2.23
2014-04-29,2.25
2014-04-30,2.29
2014-05-05,2.3
2014-05-06,2.3
2014-05-07,2.3
2014-05-08,2.31
2014-05-09,2.28
2014-05-12,2.33
2014-05-13,2.32
2014-05-14,2.33
2014-05-15,2.28
2014-05-16,2.29
2014-05-19,2.28
2014-05-20,2.28
2014-05-21,2.29
2014-05-22,2.29
2014-05-23,2.31
2014-05-26,2.31
2014-05-27,2.31
2014-05-28,2.33
2014-05-29,2.3
2014-05-30,2.31
2014-06-03,2.32
2014-06-04,2.28
2014-06-05,2.31
2014-06-06,2.31
2014-06-09,2.3
2014-06-10,2.31
2014-06-11,2.32
2014-06-12,2.3
2014-06-13,2.31
2014-06-16,2.33
2014-06-17,2.32
2014-06-18,2.36
2014-06-19,2.25
2014-06-20,2.26
2014-06-23,2.28
2014-06-24,2.27
2014-06-25,2.28
2014-06-26,2.3
2014-06-27,2.33
2014-06-30,2.36
2014-07-01,2.37
2014-07-02,2.38
2014-07-03,2.39
2014-07-04,2.39
2014-07-07,2.38
2014-07-08,2.36
2014-07-09,2.34
2014-07-10,2.4
2014-07-11,2.39
2014-07-14,2.42
2014-07-15,2.43
2014-07-16,2.44
2014-07-17,2.41
2014-07-18,2.42
2014-07-21,2.42
2014-07-22,2.46
2014-07-23,2.44
2014-07-24,2.48
2014-07-25,2.73
2014-07-28,3.0
2014-07-29,3.3
2014-07-30,3.63
2014-07-31,3.56
2014-08-01,3.56
2014-08-04,3.58
2014-08-05,3.63
2014-08-06,3.52
2014-08-07,3.38
2014-08-08,3.36
2014-08-11,3.39
2014-08-12,3.38
2014-08-13,3.37
2014-08-14,3.71
2014-08-15,4.08
2014-08-18,4.49
2014-08-19,4.52
2014-08-20,4.45
2014-08-21,4.25
2014-08-22,4.23
2014-08-25,4.24
2014-08-26,4.53
2014-08-27,4.21
2014-08-28,4.21
2014-08-29,4.18
2014-09-01,4.24
2014-09-02,4.32
2014-09-03,4.42
2014-09-04,4.37
2014-09-05,4.3
2014-09-09,4.4
2014-09-10,4.36
2014-09-11,4.38
2014-09-12,4.3
2014-09-15,4.28
2014-09-16,4.19
2014-09-17,4.17
2014-09-18,4.19
2014-09-19,4.22
2014-09-22,4.11
2014-09-23,4.06
2014-09-24,4.1
2014-09-25,4.16
2014-09-26,4.14
2014-09-29,4.14
2014-09-30,4.18
2014-10-08,4.21
2014-10-09,4.63
2014-10-10,4.52
2014-10-13,4.56
2014-10-14,4.43
2014-10-15,4.38
2014-10-16,4.27
2014-10-17,4.1
2014-10-20,4.19
2014-10-21,4.12
2014-10-22,4.04
2014-10-23,3.89
2014-10-24,3.89
2014-10-27,3.91
2014-10-28,4.06
2014-10-29,4.11
2014-10-30,4.14
2014-10-31,4.13
2014-11-03,4.19
2014-11-04,4.27
2014-11-05,4.29
2014-11-06,4.26
2014-11-07,4.11
2014-11-10,4.17
2014-11-11,4.01
2014-11-12,4.04
2014-11-13,4.02
2014-11-14,3.98
2014-11-17,4.04
2014-11-18,4.03
2014-11-19,4.04
2014-11-20,4.01
2014-11-21,4.01
2014-11-24,4.06
2014-11-25,4.12
2014-11-26,4.11
2014-11-27,4.13
2014-11-28,4.11
2014-12-01,4.08
2014-12-02,4.09
2014-12-03,4.12
2014-12-04,4.26
2014-12-05,4.05
2014-12-08,4.11
2014-12-09,3.99
2014-12-10,4.03
2014-12-11,4.23
2014-12-12,4.21
2014-12-15,4.42
2014-12-16,4.38
2014-12-17,4.25
2014-12-18,4.3
2014-12-19,4.18
2014-12-22,4.04
2014-12-23,4.01
2014-12-24,4.09
2014-12-25,4.12
2014-12-26,4.09
2014-12-29,4.04
2014-12-30,4.02
2014-12-31,4.06
2015-01-05,4.13
2015-01-06,4.29
2015-01-07,4.61
2015-01-08,4.68
2015-01-09,4.47
2015-01-12,4.2
2015-01-13,4.31
2015-01-14,4.19
2015-01-15,4.22
2015-01-16,4.37
2015-01-19,4.03
2015-01-20,4.15
2015-01-21,4.57
2015-01-22,4.79
2015-01-23,5.01
2015-01-26,4.9
2015-01-27,5.05
2015-01-28,4.82
2015-01-29,4.76
2015-01-30,4.91
2015-02-02,4.86
2015-02-03,5.08
2015-02-04,4.85
2015-02-05,4.73
2015-02-06,4.52
2015-02-09,4.44
2015-02-10,4.46
2015-02-11,4.45
2015-02-12,4.49
2015-02-13,4.55
2015-02-16,4.83
2015-02-17,4.84
2015-02-25,4.89
2015-02-26,4.98
2015-02-27,4.92
2015-03-02,5.02
2015-03-03,4.95
2015-03-04,5.45
2015-03-05,5.63
2015-03-06,5.37
2015-03-09,5.64
2015-03-10,5.65
2015-03-11,5.6
2015-03-12,5.51
2015-03-13,5.54
2015-03-16,5.63
2015-03-17,5.72
2015-03-18,6.18
2015-03-19,6.06
2015-03-20,5.96
2015-03-23,6.04
2015-03-24,6.43
2015-03-25,6.57
2015-03-26,6.31
2015-03-27,6.29
2015-03-30,6.33
2015-03-31,6.25
2015-04-01,6.28
2015-04-02,6.42
2015-04-03,6.49
2015-04-07,6.57
2015-04-08,6.34
2015-04-09,6.1
2015-04-10,6.37
2015-04-13,6.63
2015-04-14,6.74
2015-04-15,6.4
2015-04-16,6.33
2015-04-17,6.41
2015-04-20,6.2
2015-04-21,6.39
2015-04-22,6.69
2015-04-23,6.71
2015-04-24,7.38
2015-04-27,7.23
2015-04-28,6.84
2015-04-29,7.11
2015-04-30,7.07
2015-05-04,7.23
2015-05-05,6.81
2015-05-06,6.32
2015-05-07,5.9
2015-05-08,6.1
2015-05-11,6.38
2015-05-12,6.52
2015-05-13,6.42
2015-05-14,6.59
2015-05-15,6.34
2015-05-18,6.36
2015-05-19,6.61
2015-05-20,6.65
2015-05-21,6.96
2015-05-22,7.31
2015-05-25,8.04
2015-05-26,8.09
2015-05-27,8.39
2015-05-28,7.55
2015-05-29,7.65
2015-06-01,7.99
2015-06-02,8.35
2015-06-03,8.2
2015-06-04,8.6
2015-06-05,8.99
2015-06-08,8.89
2015-06-09,9.03
2015-06-10,8.92
2015-06-11,9.18
2015-06-12,9.39
2015-06-15,9.45
2015-06-16,8.82
2015-06-17,9.0
2015-06-18,8.73
2015-06-19,7.86
2015-06-23,8.04
2015-06-24,8.3
2015-06-25,8.01
2015-06-26,7.21
2015-06-29,6.64
2015-06-30,7.08
2015-07-01,6.55
2015-07-02,5.93
2015-07-03,5.34
2015-07-06,4.95
2015-07-07,4.46
2015-07-08,4.01
2015-07-09,4.41
2015-07-10,4.85
2015-07-13,5.34
2015-07-14,5.4
2015-07-15,4.86
2015-07-16,5.17
2015-07-17,5.48
2015-07-20,5.71
2015-07-21,5.7
2015-07-22,5.7
2015-07-23,5.85
2015-07-24,5.7
2015-07-27,5.13
2015-07-28,4.89
2015-07-29,5.24
2015-07-30,5.02
2015-07-31,5.17
2015-08-03,4.94
2015-08-04,5.4
2015-08-05,5.65
2015-08-06,5.45
2015-08-07,6.0
2015-08-10,6.29
2015-08-11,6.32
2015-08-12,6.09
2015-08-13,6.2
2015-08-14,6.82
2015-08-17,7.5
2015-08-18,7.09
2015-08-19,7.8
2015-08-20,7.44
2015-08-21,6.73
2015-08-24,6.06
2015-08-25,5.45
2015-08-26,4.91
2015-08-27,5.08
2015-08-28,5.59
2015-08-31,6.15
2015-09-01,5.54
2015-09-02,5.07
2015-09-07,5.38
2015-09-08,5.58
2015-09-09,5.79
2015-09-10,5.63
2015-09-11,5.74
2015-09-14,5.17
2015-09-15,4.65
2015-09-16,5.12
2015-09-17,4.98
2015-09-18,5.29
2015-09-21,5.36
2015-09-22,5.45
2015-09-23,5.72
2015-09-24,6.01
2015-09-25,5.48
2015-09-28,5.61
2015-09-29,5.51
2015-09-30,5.57
2015-10-08,5.84
2015-10-09,6.08
2015-10-12,6.23
2015-10-13,6.3
2015-10-14,6.07
2015-10-15,6.21
2015-10-16,6.75
2015-10-19,6.66
2015-10-20,6.67
2015-10-21,6.0
2015-10-22,6.24
2015-10-23,6.55
2015-10-26,6.78
2015-10-27,6.57
2015-10-28,6.64
2015-10-29,6.64
2015-10-30,6.45
2015-11-02,6.3
2015-11-03,6.36
2015-11-04,6.6
2015-11-05,6.7
2015-11-06,6.81
2015-11-09,6.8
2015-11-10,6.68
2015-11-11,6.72
2015-11-12,6.6
2015-11-13,6.85
2015-11-16,6.75
2015-11-17,6.93
2015-11-18,7.02
2015-11-19,7.38
2015-11-20,7.44
2016-05-11,6.7
2016-05-12,6.03
2016-05-13,5.7
2016-05-16,5.68
2016-05-17,5.55
2016-05-18,5.26
2016-05-19,5.3
2016-05-20,5.22
2016-05-23,5.35
2016-05-24,5.46
2016-05-25,5.39
2016-05-26,5.75
2016-05-27,5.83
2016-05-30,5.74
2016-05-31,5.94
2016-06-01,6.08
2016-06-02,6.09
2016-06-03,6.07
2016-06-06,6.18
2016-06-07,6.17
2016-06-08,6.06
2016-06-13,5.63
2016-06-14,5.7
2016-06-15,5.79
2016-06-16,5.8
2016-06-17,5.85
2016-06-20,5.98
2016-06-21,5.77
2016-06-22,6.0
2016-06-23,6.26
2016-06-24,6.72
2016-06-27,6.69
2016-06-28,6.65
2016-06-29,6.77
2016-06-30,6.68
2016-07-01,6.7
2016-07-04,6.66
2016-07-05,6.7
2016-07-06,6.61
2016-07-07,6.59
2016-07-08,6.64
2016-07-11,6.53
2016-07-12,6.47
2016-07-13,6.5
2016-07-14,6.74
2016-07-15,6.62
2016-07-18,6.64
2016-07-19,6.73
2016-07-20,6.79
2016-07-21,6.8
2016-07-22,6.74
2016-07-25,6.58
2016-07-26,6.63
2016-07-27,6.18
2016-07-28,6.17
2016-07-29,6.13
2016-08-01,5.9
2016-08-02,5.9
2016-08-03,5.93
2016-08-04,6.03
2016-08-05,6.0
2016-08-08,6.1
2016-08-09,6.12
2016-08-10,6.12
2016-08-11,6.33
2016-08-12,6.38
2016-08-15,6.52
2016-08-16,7.17
2016-08-17,7.23
2016-08-18,7.12
2016-08-19,6.94
2016-08-22,6.79
2016-08-23,6.82
2016-08-24,6.76
2016-08-25,6.68
2016-08-26,6.62
2016-08-29,6.63
2016-08-30,6.74
2016-08-31,6.79
2016-09-01,6.6
2016-09-02,6.6
2016-09-05,6.58
2016-09-06,6.75
2016-09-07,6.8
2016-09-08,6.77
2016-09-09,6.75
2016-09-12,6.44
2016-09-13,6.49
2016-09-14,6.62
2016-09-19,6.73
2016-09-20,6.99
2016-09-21,6.95
2016-09-22,6.93
2016-09-23,6.98
2016-09-26,6.79
2016-09-27,6.76
2016-09-28,6.8
2016-09-29,7.08
2016-09-30,7.22
2016-10-10,7.29
2016-10-11,7.29
2016-10-12,7.3
2016-10-13,7.55
2016-10-14,7.48
2016-10-17,7.28
2016-10-18,8.01
2016-10-19,7.85
2016-10-20,7.73
2016-10-21,7.85
2016-10-24,7.89
2016-10-25,7.75
2016-10-26,7.56
2016-10-27,7.63
2016-10-28,7.57
2016-10-31,7.7
2016-11-01,7.8
2016-11-02,7.88
2016-11-03,8.04
2016-11-04,7.87
2016-11-07,7.8
2016-11-08,8.31
2016-11-09,8.25
2016-11-10,8.28
2016-11-11,8.37
2016-11-14,8.26
2016-11-15,8.28
2016-11-16,8.35
2016-11-17,8.37
2016-11-18,8.09
2016-11-21,8.16
2016-11-22,8.17
2016-11-23,8.08
2016-11-24,7.97
2016-11-25,7.86
2016-11-28,7.97
2016-11-29,7.72
2016-11-30,7.81
2016-12-01,7.97
2016-12-02,8.0
2016-12-05,7.71
2016-12-06,7.59
2016-12-07,7.71
2016-12-08,7.83
2016-12-09,7.67
2016-12-12,7.06
2016-12-13,7.11
2016-12-14,7.12
2016-12-15,7.14
2016-12-16,7.14
2016-12-19,7.24
2016-12-20,7.77
2017-01-04,8.55
2017-01-05,8.68
2017-01-06,8.2
2017-01-09,8.25
2017-01-10,8.12
2017-01-11,7.93
2017-01-12,7.61
2017-01-13,7.52
2017-01-16,7.18
2017-01-17,7.43
2017-01-18,7.61
2017-01-24,8.37
2017-01-25,8.02
2017-01-26,8.04
2017-02-03,7.67
2017-02-06,7.73
2017-02-07,8.5
2017-02-08,8.51
2017-02-09,8.46
2017-02-10,8.83
2017-02-13,9.71
2017-02-14,9.29
2017-02-15,8.99
2017-02-16,9.03
2017-02-17,8.93
2017-02-20,9.12
2017-02-21,8.86
2017-02-22,8.81
2017-02-23,8.87
2017-02-24,8.79
2017-02-27,8.53
2017-02-28,8.58
2017-03-01,8.78
2017-03-02,8.63
2017-03-03,8.56
2017-03-06,8.65
2017-03-07,8.85
2017-03-08,8.72
2017-03-09,8.6
2017-03-10,8.38
2017-03-13,8.4
2017-03-14,8.31
2017-03-15,8.15
2017-03-16,8.21
2017-03-17,8.28
2017-03-20,8.23
2017-03-21,8.24
2017-03-22,8.12
2017-03-23,7.95
2017-03-24,7.84
2017-03-27,7.94
2017-03-28,8.02
2017-03-29,7.81
2017-03-30,7.56
2017-03-31,7.57
2017-04-05,7.67
2017-04-06,7.92
2017-04-07,7.82
2017-04-10,7.58
2017-04-11,7.53
2017-04-12,7.37
2017-04-13,7.28
2017-04-14,7.12
2017-04-17,7.02
2017-04-18,7.03
2017-04-19,6.7
2017-04-20,6.46
2017-04-21,6.47
2017-04-24,5.96
2017-04-25,6.02
2017-04-26,6.1
2017-04-27,6.09
2017-04-28,6.14
2017-05-02,6.15
2017-05-03,6.11
2017-05-04,6.2
2017-05-05,6.48
2017-05-08,6.6
2017-05-09,6.58
2017-05-10,6.52
2017-05-11,6.35
2017-05-12,6.58
2017-05-15,6.6
2017-05-16,6.63
2017-05-17,6.62
2017-05-18,6.46
2017-05-19,6.53
2017-05-22,6.36
2017-05-23,6.19
2017-05-24,6.43
2017-05-25,6.44
2017-05-26,6.44
2017-05-31,6.47
2017-06-01,6.25
2017-06-02,6.46
2017-06-05,6.42
2017-06-06,6.37
2017-06-07,6.49
2017-06-08,6.35
2017-06-09,6.26
2017-06-12,6.11
2017-06-13,6.12
2017-06-14,6.05
2017-06-15,6.11
2017-06-16,6.03
2017-06-19,6.06
2017-06-20,6.04
2017-06-21,6.06
2017-06-22,5.83
2017-06-23,5.65
2017-06-26,5.65
2017-06-27,5.64
2017-06-28,5.51
2017-06-29,5.42
2017-06-30,5.2
2017-07-03,5.23
2017-07-04,5.21
2017-07-05,5.23
2017-07-06,5.27
2017-07-07,5.24
2017-07-10,5.12
2017-07-11,4.99
2017-07-12,5.22
2017-07-13,5.25
2017-07-14,5.26
2017-07-17,5.29
2017-07-18,5.28
2017-07-19,5.31
2017-07-20,5.25
2017-07-21,5.53
2017-07-24,5.46
2017-07-25,5.37
2017-07-26,5.31
2017-07-27,5.41
2017-07-28,5.39
2017-07-31,5.37
2017-08-01,5.36
2017-08-02,5.26
2017-08-03,5.24
2017-08-04,5.25
2017-08-07,5.27
2017-08-08,5.34
2017-08-09,5.3
2017-08-10,5.22
2017-08-11,5.14
2017-08-14,5.18
2017-08-15,5.14
2017-08-16,5.24
2017-08-17,5.25
2017-08-18,5.3
2017-08-21,5.28
2017-08-22,5.22
2017-08-23,5.25
2017-08-24,5.2
2017-08-25,5.23
2017-08-28,5.26
2018-01-16,4.73
2018-01-17,4.27
2018-01-18,4.2
2018-01-19,4.16
2018-01-22,4.0
2018-01-23,3.88
2018-01-24,3.76
2018-01-25,4.14
2018-01-26,4.3
2018-01-29,4.04
2018-01-30,3.89
2018-01-31,3.77
2018-02-01,3.39
2018-02-02,3.28
2018-02-05,3.35
2018-02-06,3.14
2018-02-07,3.18
2018-02-08,3.26
2018-02-09,3.15
2018-02-12,3.24
2018-02-13,3.19
2018-02-14,3.2
2018-02-22,3.42
2018-02-23,3.39
2018-02-26,3.45
2018-02-27,3.43
2018-02-28,3.38
2018-03-01,3.41
2018-03-02,3.42
2018-03-05,3.38
2018-03-06,3.4
2018-03-07,3.36
2018-03-08,3.43
2018-03-09,3.45
2018-03-12,3.56
2018-03-13,3.69
2018-03-14,3.8
2018-03-15,3.71
2018-03-16,3.61
2018-03-19,3.55
2018-03-20,3.58
2018-03-21,3.45
2018-03-22,3.53
2018-03-23,3.25
2018-03-26,3.3
2018-03-27,3.39
2018-03-28,3.31
2018-03-29,3.33
2018-04-02,3.16
2018-04-03,3.0
2018-04-04,2.87
2018-04-09,2.76
2018-04-10,2.77
2018-04-11,2.8
2018-04-12,2.76
2018-04-13,2.76
2018-04-16,2.84
2018-04-17,2.76
2018-04-18,2.82
2018-04-19,2.8
2018-04-20,2.72
2018-04-23,2.59
2018-04-24,2.59
2018-04-25,2.46
2018-04-26,2.34
2018-04-27,2.26
2018-05-02,2.29
2018-05-03,2.26
2018-05-04,2.25
2018-05-07,2.31
2018-05-08,2.31
2018-05-09,2.31
2018-05-10,2.29
2018-05-11,2.28
2018-05-14,2.26
2018-05-15,2.25
2018-05-16,2.23
2018-05-17,2.22
2018-05-18,2.29
2018-05-21,2.32
2018-05-22,2.37
2018-05-23,2.33
2018-05-24,2.32
2018-05-25,2.28
2018-05-28,2.34
2018-05-29,2.32
2018-05-30,2.21
2018-05-31,2.25
2018-06-01,2.26
2018-06-04,2.25
2018-06-05,2.24
2018-06-06,2.23
2018-06-07,2.24
2018-06-08,2.25
2018-06-11,2.27
2018-06-12,2.26
2018-06-13,2.21
2018-06-14,2.21
2018-06-15,2.11
2018-06-19,2.0
2018-06-20,1.9
2018-06-21,1.87
2018-06-22,1.91
2018-06-25,1.9
2018-06-26,1.91
2018-06-27,1.95
2018-06-28,1.91
2018-06-29,1.94
2018-07-02,1.91
2018-07-03,1.91
2018-07-04,1.89
2018-07-05,1.8
2018-07-06,1.75
2018-07-09,1.77
2018-07-10,1.78
2018-07-11,1.72
2018-07-12,1.76
2018-07-13,1.85
2018-07-16,1.87
2018-07-17,1.85
2018-07-18,1.94
2018-07-19,1.9
2018-07-20,1.93
2018-07-23,1.92
2018-07-24,1.95
2018-07-25,1.94
2018-07-26,1.99
2018-07-27,2.0
2018-07-30,1.97
2018-07-31,1.97
2018-08-01,1.96
2018-08-02,1.92
2018-08-03,1.9
2018-08-06,1.87
2018-08-07,1.91
2018-08-08,1.89
2018-08-09,1.95
2018-08-10,1.95
2018-08-13,1.95
2018-08-14,1.99
2018-08-15,1.96
2018-08-16,1.96
2018-08-17,1.94
2018-08-20,1.96
2018-08-21,2.03
2018-08-22,2.03
2018-08-23,2.04
2018-08-24,2.03
2018-08-27,2.09
2018-08-28,2.19
2018-08-29,2.15
2018-08-30,2.09
2018-08-31,2.06
2018-09-03,2.08
2018-09-04,2.08
2018-09-05,2.07
2018-09-06,2.03
2018-09-07,2.02
2018-09-10,1.99
2018-09-11,2.01
2018-09-12,2.02
2018-09-13,2.03
2018-09-14,2.09
2018-09-17,2.08
2018-09-18,2.06
2018-09-19,2.09
2018-09-20,2.06
2018-09-21,2.04
2018-09-25,2.01
2018-09-26,2.01
2018-09-27,2.0
2018-09-28,2.02
2018-10-08,1.98
2018-10-09,1.98
2018-10-10,2.01
2018-10-11,1.91
2018-10-12,1.82
2018-10-15,1.88
2018-10-16,1.85
2018-10-17,1.9
2018-10-18,1.85
2018-10-19,1.88
2018-10-22,1.97
2018-10-23,1.97
2018-10-24,1.99
2018-10-25,1.97
2018-10-26,2.01
2018-10-29,2.02
2018-10-30,2.03
2018-10-31,2.07
2018-11-01,2.03
2018-11-02,2.04
2018-11-05,2.08
2018-11-06,2.06
2018-11-07,2.07
2018-11-08,2.17
2018-11-09,2.14
2018-11-12,2.25
2018-11-13,2.36
2018-11-14,2.29
2018-11-15,2.23
2018-11-16,2.27
2018-11-19,2.22
2018-11-20,2.22
2018-11-21,2.23
2018-11-22,2.24
2018-11-23,2.13
2018-11-26,2.08
2018-11-27,2.09
2018-11-28,2.07
2018-11-29,2.04
2018-11-30,2.05
2018-12-03,2.12
2018-12-04,2.12
2018-12-05,2.23
2018-12-06,2.19
2018-12-07,2.21
2018-12-10,2.2
2018-12-11,2.18
2018-12-12,2.14
2018-12-13,2.13
2018-12-14,2.08
2018-12-17,2.1
2018-12-18,2.14
2018-12-19,2.17
2018-12-20,2.14
2018-12-21,2.16
2018-12-24,2.09
2018-12-25,2.03
2018-12-26,2.02
2018-12-27,1.99
2018-12-28,2.04
2019-01-02,2.03
2019-01-03,2.02
2019-01-04,2.07
2019-01-07,2.11
2019-01-08,2.07
2019-01-09,2.08
2019-01-10,2.08
2019-01-11,2.1
2019-01-14,2.09
2019-01-15,2.12
2019-01-16,2.1
2019-01-17,2.1
2019-01-18,2.09
2019-01-21,2.08
2019-01-22,2.09
2019-01-23,2.1
2019-01-24,2.1
2019-01-25,2.07
2019-01-28,2.05
2019-01-29,2.02
2019-01-30,2.01
2019-01-31,2.03
2019-02-01,2.08
2019-02-11,2.11
2019-02-12,2.12
2019-02-13,2.17
2019-02-14,2.14
2019-02-15,2.13
2019-02-18,2.18
2019-02-19,2.19
2019-02-20,2.21
2019-02-21,2.19
2019-02-22,2.23
2019-02-25,2.31
2019-02-26,2.32
2019-02-27,2.36
2019-02-28,2.4
2019-03-01,2.46
2019-03-04,2.44
2019-03-05,2.44
2019-03-06,2.56
2019-03-07,2.69
2019-03-08,2.62
2019-03-11,2.75
2019-03-12,2.74
2019-03-13,2.71
2019-03-14,2.59
2019-03-15,2.65
2019-03-18,2.78
2019-03-19,2.9
2019-03-20,3.05
2019-03-21,3.2
2019-03-22,3.2
2019-03-25,3.19
2019-03-26,3.05
2019-03-27,2.93
2019-03-28,2.96
2019-03-29,2.87
2019-04-01,2.95
2019-04-02,2.97
2019-04-03,3.08
2019-04-04,3.05
2019-04-08,2.96
2019-04-09,3.07
2019-04-10,3.1
2019-04-11,3.01
2019-04-12,2.96
2019-04-15,2.95
2019-04-16,2.95
2019-04-17,2.96
2019-04-18,2.89
2019-04-19,2.84
2019-04-22,2.8
2019-04-23,2.75
2019-04-24,2.72
2019-04-25,2.65
2019-04-26,2.56
2019-04-29,2.43
2019-04-30,2.55
2019-05-06,2.51
2019-05-07,2.53
2019-05-08,2.54
2019-05-09,2.54
2019-05-10,2.6
2019-05-13,2.58
2019-05-14,2.46
2019-05-15,2.51
2019-05-16,2.52
2019-05-17,2.44
2019-05-20,2.33
2019-05-21,2.36
2019-05-22,2.43
2019-05-23,2.33
2019-05-24,2.35
2019-05-27,2.4
2019-05-28,2.39
2019-05-29,2.35
2019-05-30,2.35
2019-05-31,2.35
2019-06-03,2.24
2019-06-04,2.21
2019-06-05,2.17
2019-06-06,2.06
2019-06-10,2.1
2019-06-11,2.15
2019-06-12,2.16
2019-06-13,2.19
2019-06-14,2.14
2019-06-17,2.14
2019-06-18,2.18
2019-06-19,2.21
2019-06-20,2.21
2019-06-21,2.28
2019-06-24,2.24
2019-06-25,2.25
2019-06-26,2.26
2019-06-27,2.22
2019-06-28,2.19
2019-07-01,2.23
2019-07-02,2.29
2019-07-03,2.24
2019-07-04,2.23
2019-07-05,2.22
2019-07-08,2.16
2019-07-09,2.14
2019-07-10,2.14
2019-07-11,2.13
2019-07-12,2.11
2019-07-15,2.15
2019-07-16,2.15
2019-07-17,2.14
2019-07-18,2.1
2019-07-19,2.12
2019-07-22,2.07
2019-07-23,2.08
2019-07-24,2.1
2019-07-25,2.08
2019-07-26,2.09
2019-07-29,2.07
2019-07-30,2.07
2019-07-31,2.05
2019-08-01,2.05
2019-08-02,2.02
2019-08-05,2.01
2019-08-06,1.92
2019-08-07,1.88
2019-08-08,1.89
2019-08-09,1.83
2019-08-12,1.84
2019-08-13,1.81
2019-08-14,1.9
2019-08-15,1.85
2019-08-16,1.88
2019-08-19,1.97
2019-08-21,1.99
2019-08-22,1.94
2019-08-23,1.98
2019-08-26,1.93
2019-08-27,1.94
2019-08-28,1.93
2019-08-29,1.95
2019-08-30,1.92
2019-09-02,1.95
2019-09-03,1.94
2019-09-04,1.92
2019-09-05,1.93
2019-09-06,1.91
2019-09-09,1.93
2019-09-10,1.94
2019-09-11,1.96
2019-09-12,1.98
2019-09-16,1.95
2019-09-17,1.94
2019-09-18,1.92
2019-09-19,1.92
2019-09-20,1.94
2019-09-23,1.9
2019-09-24,1.9
2019-09-25,1.87
2019-09-26,1.82
2019-09-27,1.84
2019-09-30,1.87
2019-10-08,1.87
2019-10-09,1.85
2019-10-10,1.86
2019-10-11,1.86
2019-10-14,1.88
2019-10-15,1.87
2019-10-16,1.85
2019-10-17,1.84
2019-10-18,1.83
2019-10-21,1.85
2019-10-22,1.89
2019-10-23,1.87
2019-10-24,1.88
2019-10-25,1.95
2019-10-28,1.92
2019-10-29,1.9
2019-10-30,1.91
2019-10-31,1.86
2019-11-01,1.85
2019-11-04,1.85
2019-11-05,1.86
2019-11-06,1.85
2019-11-07,1.84
2019-11-08,1.84
2019-11-11,1.79
2019-11-12,1.79
2019-11-13,1.8
2019-11-14,1.8
2019-11-15,1.8
2019-11-18,1.8
2019-11-19,1.83
2019-11-20,1.83
2019-11-21,1.84
2019-11-22,1.82
2019-11-25,1.83
2019-11-26,1.83
2019-11-27,1.81
2019-11-28,1.8
2019-11-29,1.83
2019-12-02,1.82
2019-12-03,1.84
2019-12-04,1.9
2019-12-05,1.91
2019-12-06,1.89
2019-12-09,1.91
2019-12-10,1.89
2019-12-11,1.87
2019-12-12,1.89
2019-12-13,1.9
2019-12-16,1.92
2019-12-17,1.94
2019-12-18,1.95
2019-12-19,1.94
2019-12-20,1.98
2019-12-23,1.96
2019-12-24,2.05
2019-12-25,2.02
2019-12-26,2.01
2019-12-27,2.01
2019-12-30,1.97
2019-12-31,1.96
2020-01-02,1.99
2020-01-03,2.05
2020-01-06,2.03
2020-01-07,2.04
2020-01-08,2.05
2020-01-09,2.06
2020-01-10,2.05
2020-01-13,2.03
2020-01-14,2.02
2020-01-15,2.01
2020-01-16,1.99
2020-01-17,1.99
2020-01-20,1.99
2020-01-21,1.96
2020-01-22,1.95
2020-01-23,1.85
2020-02-03,1.76
2020-02-04,1.67
2020-02-05,1.69
2020-02-06,1.68
2020-02-07,1.68
2020-02-10,1.71
2020-02-11,1.73
2020-02-12,1.73
2020-02-13,1.7
2020-02-14,1.7
2020-02-17,1.73
2020-02-18,1.73
2020-02-19,1.74
2020-02-20,1.83
2020-02-21,1.8
2020-02-24,1.77
2020-02-25,1.78
2020-02-26,1.75
2020-02-27,1.76
2020-02-28,1.67
2020-03-02,1.69
2020-03-03,1.69
2020-03-04,1.69
2020-03-05,1.71
2020-03-06,1.72
2020-03-09,1.74
2020-03-10,1.74
2020-03-11,1.78
2020-03-12,1.72
2020-03-13,1.73
2020-03-16,1.69
2020-03-17,1.68
2020-03-18,1.65
2020-03-19,1.6
2020-03-20,1.63
2020-03-23,1.59
2020-03-24,1.6
2020-03-25,1.63
2020-03-26,1.62
2020-03-27,1.62
2020-03-30,1.58
2020-03-31,1.58
2020-04-01,1.58
2020-04-02,1.6
2020-04-03,1.57
2020-04-07,1.62
2020-04-08,1.62
2020-04-09,1.64
2020-04-10,1.61
2020-04-13,1.59
2020-04-14,1.62
2020-04-15,1.61
2020-04-16,1.6
2020-04-17,1.6
2020-04-20,1.59
2020-04-21,1.57
2020-04-22,1.54
2020-04-23,1.56
2020-04-24,1.48
2020-04-27,1.47
2020-04-28,1.4
2020-04-29,1.36
2020-05-06,1.33
2020-05-07,1.35
2020-05-08,1.32
2020-05-11,1.25
2020-05-12,1.21
2020-05-13,1.15
2020-05-14,1.21
2020-05-15,1.16
2020-05-18,1.22
2020-05-19,1.21
2020-05-20,1.27
2020-05-21,1.33
2020-05-22,1.4
2020-05-25,1.33
2020-05-26,1.4
2020-05-27,1.42
2020-05-28,1.38
2020-05-29,1.38
2020-06-01,1.45
2020-06-02,1.52
2020-06-03,1.5
2020-06-04,1.46
2020-06-05,1.48
2020-06-08,1.48
2020-06-09,1.42
2020-06-10,1.47
2020-06-11,1.44
2020-06-12,1.42
2020-06-15,1.43
2020-06-16,1.44
2020-06-17,1.43
2020-06-18,1.41
2020-06-19,1.43
2020-06-22,1.41
2020-06-23,1.36
2020-06-24,1.38
2020-06-29,1.37
2020-06-30,1.36
2020-07-01,1.38
2020-07-02,1.38
2020-07-03,1.39
2020-07-06,1.43
2020-07-07,1.44
2020-07-08,1.44
2020-07-09,1.5
2020-07-10,1.48
2020-07-13,1.5
2020-07-14,1.49
2020-07-15,1.43
2020-07-16,1.37
2020-07-17,1.37
2020-07-20,1.44
2020-07-21,1.51
2020-07-22,1.48
2020-07-23,1.45
2020-07-24,1.41
2020-07-27,1.43
2020-07-28,1.44
2020-07-29,1.46
2020-07-30,1.42
2020-07-31,1.47
2020-08-03,1.47
2020-08-04,1.47
2020-08-05,1.52
2020-08-06,1.51
2020-08-07,1.5
2020-08-10,1.52
2020-08-11,1.48
2020-08-12,1.45
2020-08-13,1.48
2020-08-14,1.51
2020-08-17,1.5
2020-08-18,1.5
2020-08-19,1.5
2020-08-20,1.48
2020-08-21,1.5
2020-08-24,1.49
2020-08-25,1.51
2020-08-26,1.49
2020-08-27,1.5
2020-08-28,1.49
2020-08-31,1.46
2020-09-01,1.47
2020-09-02,1.48
2020-09-03,1.46
2020-09-04,1.47
2020-09-07,1.44
2020-09-08,1.45
2020-09-09,1.52
2020-09-10,1.59
2020-09-11,1.6
2020-09-14,1.58
2020-09-15,1.54
2020-09-16,1.62
2020-09-17,1.68
2020-09-18,1.7
2020-09-21,1.79
2020-09-22,1.73
2020-09-23,1.7
2020-09-24,1.66
2020-09-25,1.66
2020-09-28,1.65
2020-09-29,1.62
2020-09-30,1.63
2020-10-09,1.68
2020-10-12,1.7
2020-10-13,1.71
2020-10-14,1.69
2020-10-15,1.77
2020-10-16,1.78
2020-10-19,1.77
2020-10-20,1.86
2020-10-21,1.86
2020-10-22,1.84
2020-10-23,1.87
2020-10-26,1.94
2020-10-27,1.85
2020-10-28,1.87
2020-10-29,1.92
2020-10-30,1.92
2020-11-02,1.86
2020-11-03,1.89
2020-11-04,1.86
2020-11-05,1.85
2020-11-06,1.88
2020-11-09,1.9
2020-11-10,1.86
2020-11-11,1.87
2020-11-12,1.96
2020-11-13,1.97
2020-11-16,1.98
2020-11-17,1.94
2020-11-18,1.9
2020-11-19,1.88
2020-11-20,1.9
2020-11-23,1.89
2020-11-24,1.88
2020-11-25,1.83
2020-11-26,1.92
2020-11-27,1.89
2020-11-30,1.84
2020-12-01,1.85
2020-12-02,1.87
2020-12-03,1.85
2020-12-04,1.86
2020-12-07,1.87
2020-12-08,1.89
2020-12-09,1.83
2020-12-10,1.84
2020-12-11,1.81
2020-12-14,1.77
2020-12-15,1.68
2020-12-16,1.6
2020-12-17,1.52
2020-12-18,1.59
2020-12-21,1.55
2020-12-22,1.62
2020-12-23,1.67
2020-12-24,1.75
2020-12-25,1.75
2020-12-28,1.69
2020-12-29,1.7
2020-12-30,1.66
2020-12-31,1.67
2021-01-04,1.69
2021-01-05,1.61
2021-01-06,1.56
2021-01-07,1.6
2021-01-08,1.55
2021-01-11,1.51
2021-01-12,1.52
2021-01-13,1.6
2021-01-14,1.6
2021-01-15,1.63
2021-01-18,1.63
2021-01-19,1.69
2021-01-20,1.67
2021-01-21,1.63
2021-01-22,1.62
2021-01-25,1.57
2021-01-26,1.57
2021-01-27,1.6
2021-01-28,1.66
2021-01-29,1.61
2021-02-01,1.53
2021-02-02,1.48
2021-02-03,1.51
2021-02-04,1.5
2021-02-05,1.5
2021-02-08,1.48
2021-02-09,1.55
2021-02-10,1.54
2021-02-18,1.56
2021-02-19,1.63
2021-02-22,1.69
2021-02-23,1.69
2021-02-24,1.68
2021-02-25,1.76
2021-02-26,1.76
2021-03-01,1.71
2021-03-02,1.77
2021-03-03,1.76
2021-03-04,1.74
2021-03-05,1.73
2021-03-08,1.69
2021-03-09,1.64
2021-03-10,1.63
2021-03-11,1.64
2021-03-12,1.65
2021-03-15,1.63
2021-03-16,1.68
2021-03-17,1.74
2021-03-18,1.73
2021-03-19,1.69
2021-03-22,1.76
2021-03-23,1.74
2021-03-24,1.72
2021-03-25,1.7
2021-03-26,1.68
2021-03-29,1.7
2021-03-30,1.65
2021-03-31,1.66
2021-04-01,1.66
2021-04-02,1.65
2021-04-06,1.65
2021-04-07,1.7
2021-04-08,1.68
2021-04-09,1.7
2021-04-12,1.7
2021-04-13,1.62
2021-04-14,1.63
2021-04-15,1.61
2021-04-16,1.64
2021-04-19,1.64
2021-04-20,1.63
2021-04-21,1.61
2021-04-22,1.6
2021-04-23,1.6
2021-04-26,1.58
2021-04-27,1.54
2021-04-28,1.53
2021-04-29,1.52
2021-04-30,1.52
2021-05-06,1.57
2021-05-07,1.56
2021-05-10,1.57
2021-05-11,1.58
2021-05-12,1.61
2021-05-13,1.59
2021-05-14,1.63
2021-05-17,1.55
2021-05-18,1.56
2021-05-19,1.56
2021-05-20,1.55
2021-05-21,1.54
2021-05-24,1.55
2021-05-25,1.56
2021-05-26,1.54
2021-05-27,1.57
2021-05-28,1.64
2021-05-31,1.57
2021-06-01,1.59
2021-06-02,1.62
2021-06-03,1.63
2021-06-04,1.64
2021-06-07,1.64
2021-06-08,1.67
2021-06-09,1.74
2021-06-10,1.7
2021-06-11,1.7
2021-06-15,1.64
2021-06-16,1.72
2021-06-17,1.72
2021-06-18,1.77
2021-06-21,1.72
2021-06-22,1.73
2021-06-23,1.72
2021-06-24,1.75
2021-06-25,1.75
2021-06-28,1.71
2021-06-29,1.68
2021-06-30,1.69
2021-07-01,1.66
2021-07-02,1.68
2021-07-05,1.7
2021-07-06,1.7
2021-07-07,1.7
2021-07-08,1.73
2021-07-09,1.76
2021-07-12,1.74
2021-07-13,1.73
2021-07-14,1.66
2021-07-15,1.63
2021-07-16,1.65
2021-07-19,1.62
2021-07-20,1.64
2021-07-21,1.63
2021-07-22,1.62
2021-07-23,1.58
2021-07-26,1.57
2021-07-27,1.57
2021-07-28,1.52
2021-07-29,1.54
2021-07-30,1.55
2021-08-02,1.56
2021-08-03,1.59
2021-08-04,1.58
2021-08-05,1.58
2021-08-06,1.57
2021-08-09,1.56
2021-08-10,1.57
2021-08-11,1.62
2021-08-12,1.6
2021-08-13,1.6
2021-08-16,1.63
2021-08-17,1.59
2021-08-18,1.63
2021-08-19,1.63
2021-08-20,1.62
2021-08-23,1.65
2021-08-24,1.65
2021-08-25,1.66
2021-08-26,1.65
2021-08-27,1.71
2021-08-30,1.67
2021-08-31,1.65
2021-09-01,1.71
2021-09-02,1.75
2021-09-03,1.8
2021-09-06,1.88
2021-09-07,1.84
2021-09-08,1.82
2021-09-09,1.78
2021-09-10,1.79
2021-09-13,1.75
2021-09-14,1.84
2021-09-15,1.79
2021-09-16,1.75
2021-09-17,1.77
2021-09-22,1.86
2021-09-23,1.95
2021-09-24,1.87
2021-09-27,1.95
2021-09-28,1.86
2021-09-29,1.77
2021-09-30,1.82
2021-10-08,1.81
2021-10-11,1.9
2021-10-12,1.85
2021-10-13,1.92
2021-10-14,1.87
2021-10-15,1.79
2021-10-18,1.79
2021-10-19,1.77
2021-10-20,1.79
2021-10-21,1.75
2021-10-22,1.76
2021-10-25,1.85
2021-10-26,1.83
2021-10-27,1.75
2021-10-28,1.75
2021-10-29,1.76
2021-11-01,1.81
2021-11-02,1.75
2021-11-03,1.74
2021-11-04,1.76
2021-11-05,1.75
2021-11-08,1.77
2021-11-09,1.78
2021-11-10,1.82
2021-11-11,1.81
2021-11-12,1.82
2021-11-15,1.91
2021-11-16,1.88
2021-11-17,1.88
2021-11-18,1.97
2021-11-19,1.95
2021-11-22,1.88
2021-11-23,1.87
2021-11-24,1.87
2021-11-25,1.87
2021-11-26,1.87
2021-11-29,1.84
2021-11-30,1.89
2021-12-01,1.93
2021-12-02,2.01
2021-12-03,1.96
2021-12-06,2.06
2021-12-07,2.16
2021-12-08,2.11
2021-12-09,2.22
2021-12-10,2.33
2021-12-13,2.21
2021-12-14,2.11
2021-12-15,2.12
2021-12-16,2.11
2021-12-17,2.1
2021-12-20,2.16
2021-12-21,2.18
2021-12-22,2.15
2021-12-23,2.09
2021-12-24,2.03
2021-12-27,2.02
2021-12-28,2.03
2021-12-29,2.04
2021-12-30,2.05
2021-12-31,2.05
2022-01-04,2.06
2022-01-05,2.02
2022-01-06,2.03
2022-01-07,2.03
2022-01-10,2.05
2022-01-11,2.04
2022-01-12,2.05
2022-01-13,2.0
2022-01-14,2.0
2022-01-17,1.9
2022-01-18,1.87
2022-01-19,1.87
2022-01-20,1.86
2022-01-21,1.93
2022-01-24,1.89
2022-01-25,1.8
2022-01-26,1.8
2022-01-27,1.76
2022-01-28,1.78
2022-02-07,1.69
2022-02-08,1.61
2022-02-09,1.58
2022-02-10,1.5
2022-02-11,1.44
2022-02-14,1.37
2022-02-15,1.39
2022-02-16,1.43
2022-02-17,1.4
2022-02-18,1.44
2022-02-21,1.46
2022-02-22,1.43
2022-02-23,1.45
2022-02-24,1.52
2022-02-25,1.51
2022-02-28,1.43
2022-03-01,1.47
2022-03-02,1.45
2022-03-03,1.39
2022-03-04,1.39
2022-03-07,1.32
2022-03-08,1.33
2022-03-09,1.29
2022-03-10,1.31
2022-03-11,1.3
2022-03-14,1.31
2022-03-15,1.25
2022-03-16,1.26
2022-03-17,1.26
2022-03-18,1.28
2022-03-21,1.27
2022-03-22,1.25
2022-03-23,1.26
2022-03-24,1.2
2022-03-25,1.14
2022-03-28,1.08
2022-03-29,1.03
2022-03-30,0.98
2022-04-28,0.32
2022-04-29,0.33
2022-05-05,0.33
2022-05-06,0.34
2022-05-09,0.33
2022-05-10,0.34
2022-05-11,0.34
2022-05-12,0.34
2022-05-13,0.35
2022-05-16,0.36
2022-05-17,0.35
2022-05-18,0.35
2022-05-19,0.35
2022-05-20,0.35
2022-05-23,0.35
