date,open,close,high,low,volume
2026-02-06,7980.466,8051.574,8152.322,7950.01,28108356300
2026-02-09,8177.291,8233.778,8235.155,8149.646,28284816900
2026-02-10,8246.218,8250.3,8274.143,8199.511,29191625000
2026-02-11,8239.17,8239.513,8304.125,8236.957,27323431200
2026-02-12,8252.185,8314.832,8337.371,8227.604,27759673600
2026-02-13,8272.876,8204.829,8323.715,8200.148,26114631200
2026-02-24,8319.691,8299.771,8356.914,8236.707,27947962000
2026-02-25,8320.612,8426.331,8449.763,8310.325,33344734600
2026-02-26,8447.783,8490.617,8496.748,8398.066,33314760800
2026-02-27,8434.096,8560.843,8561.295,8433.717,31389956300
2026-03-02,8464.273,8476.965,8535.807,8393.927,37890628100
2026-03-03,8495.954,8142.454,8510.854,8128.305,39018957900
2026-03-04,8039.593,8094.518,8228.895,8039.593,32068956100
2026-03-05,8235.374,8171.119,8243.829,8121.382,31536018100
2026-03-06,8120.495,8248.857,8273.68,8115.479,29463326900
2026-03-09,8131.742,8203.869,8230.656,7983.569,35630788700
2026-03-10,8272.941,8350.09,8351.666,8271.493,31168527300
2026-03-11,8356.09,8363.526,8394.122,8334.328,32173733200
2026-03-12,8357.351,8335.908,8388.633,8267.39,32821274700
2026-03-13,8297.913,8214.293,8350.917,8196.374,33312302000
2026-03-16,8212.267,8211.352,8226.032,8089.488,31153245800
2026-03-17,8219.5,8019.857,8223.989,8019.075,29972338000
2026-03-18,8050.714,8096.595,8105.806,7970.189,27089355400
2026-03-19,7988.873,7909.234,8008.389,7874.262,28459109900
2026-03-20,7943.413,7783.435,7996.164,7781.579,29902296300
2026-03-23,7632.972,7409.107,7712.04,7357.696,34925621000
2026-03-24,7538.697,7600.857,7601.883,7361.793,29385508500
2026-03-25,7654.784,7751.181,7781.197,7654.784,30366881700
2026-03-26,7733.702,7639.376,7775.893,7614.889,27345513300
2026-03-27,7526.586,7746.313,7784.547,7526.586,25889527400
2026-03-30,7664.636,7767.93,7774.851,7618.961,26117412900
2026-03-31,7741.959,7619.85,7789.239,7618.187,25525579000
2026-04-01,7767.883,7764.153,7786.759,7692.01,25597564400
2026-04-02,7733.747,7623.417,7764.027,7581.392,24684116100
2026-04-03,7658.821,7536.6,7664.756,7521.944,22368034900
2026-04-07,7556.277,7606.017,7640.505,7554.408,21097435700
2026-04-08,7765.55,7955.768,7955.768,7765.197,29788517200
2026-04-09,7881.803,7921.447,7959.067,7872.475,26065017100
2026-04-10,7981.622,7998.232,8059.755,7981.622,26241528500
2026-04-13,7947.222,8025.572,8040.026,7947.222,24984977300
2026-04-14,8088.05,8144.762,8144.762,8059.38,26630582500
2026-04-15,8186.074,8106.165,8193.296,8083.265,27384184600
2026-04-16,8120.358,8232.983,8239.008,8100.489,27958443300
2026-04-17,8225.729,8307.436,8333.222,8223.706,28510344300
2026-04-20,8308.055,8357.814,8374.812,8308.055,29202960400
2026-04-21,8331.592,8351.156,8358.124,8270.161,27899621000
2026-04-22,8317.278,8481.24,8482.153,8317.278,28170553900
2026-04-23,8488.996,8362.74,8500.438,8302.849,31979149200
2026-04-24,8318.597,8304.141,8360.79,8254.431,29374811800
2026-04-27,8292.811,8338.726,8366.312,8249.944,27706012400
2026-04-28,8307.692,8226.692,8316.267,8187.239,28497044600
2026-04-29,8163.348,8343.065,8361.487,8163.348,28909945600
2026-04-30,8345.247,8381.947,8402.356,8324.294,29911511000
2026-05-06,8462.023,8574.556,8610.881,8462.023,33085337100
2026-05-07,8602.146,8714.51,8716.861,8573.295,33247719000
2026-05-08,8655.127,8741.151,8760.194,8651.059,32178154500
2026-05-11,8807.905,8866.779,8888.873,8760.714,34480797200
2026-05-12,8880.415,8821.887,8881.902,8749.722,32084927800
2026-05-13,8764.023,8955.447,8958.456,8764.023,31915270600
2026-05-14,8989.487,8778.709,8991.85,8778.709,35634417700
2026-05-15,8786.382,8682.654,8846.515,8616.06,35570731700
2026-05-18,8645.763,8720.213,8766.306,8610.742,30042067200
2026-05-19,8691.384,8808.645,8812.031,8602.046,29921984500
2026-05-20,8769.097,8808.91,8823.684,8697.4,30671918800
2026-05-21,8852.434,8510.496,8896.6,8500.92,35003795100
2026-05-22,8578.9,8692.666,8719.387,8521.695,28681240700
2026-05-25,8756.458,8799.312,8802.946,8670.716,30289600600
2026-05-26,8755.908,8687.253,8756.463,8560.804,31437355100
2026-05-27,8679.536,8546.514,8737.055,8495.723,31311235400
2026-05-28,8527.909,8637.743,8659.61,8459.949,30074765000
2026-05-29,8673.798,8408.736,8680.266,8357.801,33278021700
2026-06-01,8393.518,8345.129,8504.983,8339.353,30570642300
2026-06-02,8360.807,8384.781,8440.232,8219.153,29277785300
2026-06-03,8386.858,8432.679,8549.249,8357.464,31829116600
2026-06-04,8338.854,8420.095,8456.017,8338.854,28617360900
2026-06-05,8380.852,8340.963,8500.1,8305.396,31495357600
2026-06-08,8069.482,8081.261,8260.192,7987.396,30353698500
2026-06-09,8178.823,8318.698,8322.109,8096.577,29309759700
2026-06-10,8232.024,8198.723,8285.286,8103.01,28684456600
2026-06-11,8158.46,8159.455,8223.527,8084.9,27116395300
2026-06-12,8294.897,8202.799,8348.786,8181.417,32859908500
2026-06-15,8269.397,8521.233,8521.233,8269.397,29601206700
2026-06-16,8534.27,8646.403,8684.65,8508.908,29802260700
2026-06-17,8581.65,8704.468,8705.403,8581.65,28222793700
2026-06-18,8666.638,8771.024,8796.485,8664.278,29006243500
2026-06-22,8813.725,8865.676,8865.815,8609.611,33571821000
2026-06-23,8838.763,8680.039,8862.719,8626.101,30395487800
2026-06-24,8650.816,8793.487,8803.501,8581.751,28686714500
2026-06-25,8806.071,8825.92,8872.123,8743.249,30544263800
2026-06-26,8771.598,8601.408,8797.282,8563.695,32122765600
2026-06-29,8616.424,8597.893,8677.63,8413.864,30987102100
2026-06-30,8574.25,8809.786,8815.108,8547.312,27911736400
2026-07-01,8827.47,8876.63,8944.195,8806.646,32576587100
2026-07-02,8688.291,8625.334,8865.966,8598.869,31085890200
2026-07-03,8627.382,8620.789,8740.668,8559.285,29024450800
2026-07-06,8669.123,8472.603,8694.805,8432.897,28122420800
2026-07-07,8436.389,8301.804,8489.476,8261.398,24457508200
2026-07-08,8315.962,8117.861,8328.965,8117.861,23828392600
2026-07-09,8161.859,8300.077,8312.621,7978.806,25457934400
2026-07-10,8312.492,8198.308,8438.194,8198.308,30850360900
2026-07-13,8124.363,7787.853,8171.504,7769.292,28528634400
2026-07-14,7799.813,7925.123,7934.103,7657.671,25589201500
2026-07-15,7959.374,7817.831,7979.077,7783.219,25843327100
2026-07-16,7713.135,7631.762,7836.39,7591.421,24822687100
2026-07-17,7599.388,7167.996,7605.613,7163.309,29624224500
2026-07-20,7256.267,6965.376,7298.122,6824.145,30818691400
2026-07-21,6975.893,7259.863,7264.338,6714.187,33498939900
2026-07-22,7196.863,7158.762,7302.454,7118.66,29158247000
2026-07-23,7169.543,7195.5,7247.141,7113.498,25050272700
2026-07-24,7109.248,6995.693,7174.552,6995.693,22902663500
2026-07-27,6981.165,7228.785,7228.785,6972.282,22596082500
2026-07-28,7135.735,7026.276,7189.177,6992.944,22577673500
2026-07-29,7020.223,7095.186,7132.352,6897.392,27137408300
2026-07-30,7053.09,6900.658,7121.523,6841.751,25950781400
2026-07-31,7082.754,7075.507,7218.061,7071.048,28321942100
2026-08-03,7055.271,7079.776,7118.097,7042.889,23339238100
2026-08-04,7128.494,7279.193,7307.171,7102.46,25008361300
2026-08-05,7253.225,7493.048,7523.498,7253.225,27239684700
2026-08-06,7440.008,7530.425,7564.692,7434.494,28040229500
2026-08-07,7534.242,7679.529,7685.57,7448.459,28260010500
2026-08-10,7723.38,7733.9,7736.102,7621.65,25649691800
2026-08-11,7686.042,7698.048,7789.21,7642.437,25313797300
2026-08-12,7704.959,7793.717,7805.272,7692.438,24188189400
2026-08-13,7847.238,7715.895,7880.217,7714.367,28152568600
2026-08-14,7750.987,7769.82,7784.377,7673.441,25031781700
2026-08-17,7797.184,7968.383,7968.383,7750.433,24844547100
2026-08-18,7969.374,7945.964,7995.501,7842.246,25123290300
2026-08-19,7795.259,7517.768,7821.177,7490.212,26519509400
2026-08-20,7602.498,7589.779,7656.613,7541.475,24104799000
2026-08-21,7555.548,7601.804,7634.084,7472.495,21951844000
2026-08-24,7614.889,7491.49,7633.336,7377.724,23396837800
2026-08-25,7420.767,7527.498,7556.066,7347.953,22760236600
2026-08-26,7536.374,7544.67,7601.838,7467.414,22058893100
2026-08-27,7551.443,7732.945,7734.309,7531.784,23929241800
2026-08-28,7734.191,7705.029,7802.551,7702.179,23994948600
2026-08-31,7607.234,7770.422,7771.551,7604.946,25467986500
2026-09-01,7773.055,7691.369,7773.055,7667.335,25688264100
2026-09-02,7616.234,7583.756,7624.713,7539.083,21701001000
2026-09-03,7629.65,7600.097,7657.745,7531.675,21464664200
2026-09-04,7655.971,7508.092,7717.929,7464.975,25620525000
