date,code,close,volume,tradestatus,isST
2009-03-02,sh.600506,7.2600,4930977,1,0
2009-03-03,sh.600506,7.2200,5547015,1,0
2009-03-04,sh.600506,7.5900,9077077,1,0
2009-03-05,sh.600506,7.4300,9375667,1,0
2009-03-06,sh.600506,7.3300,5455997,1,0
2009-03-09,sh.600506,6.8800,7212738,1,0
2009-03-10,sh.600506,6.9400,5572292,1,0
2009-03-11,sh.600506,6.9300,5242410,1,0
2009-03-12,sh.600506,6.9300,0,0,0
2009-03-13,sh.600506,6.5800,947200,1,1
2009-03-16,sh.600506,6.2500,597600,1,1
2009-03-17,sh.600506,6.5600,37310224,1,1
2009-03-18,sh.600506,6.3400,31706065,1,1
2009-03-19,sh.600506,6.4600,22264911,1,1
2009-03-20,sh.600506,6.3900,14203315,1,1
2009-03-23,sh.600506,6.6400,17560150,1,1
2009-03-24,sh.600506,6.7200,15068899,1,1
2009-03-25,sh.600506,6.4900,11462861,1,1
2009-03-26,sh.600506,6.4800,10450939,1,1
2009-03-27,sh.600506,6.4600,9692885,1,1
2009-03-30,sh.600506,6.6400,11368782,1,1
2009-03-31,sh.600506,6.6000,8374569,1,1
2009-04-01,sh.600506,6.6200,12989634,1,1
2009-04-02,sh.600506,6.5600,9447327,1,1
2009-04-03,sh.600506,6.8900,22949011,1,1
2009-04-07,sh.600506,7.2100,20310153,1,1
2009-04-08,sh.600506,7.2600,20634816,1,1
2009-04-09,sh.600506,7.2600,0,0,1
2009-04-10,sh.600506,7.5800,19324855,1,1
2009-04-13,sh.600506,7.3700,24190817,1,1
2009-04-14,sh.600506,7.5500,17398031,1,1
2009-04-15,sh.600506,7.6200,17354165,1,1
2009-04-16,sh.600506,7.5100,16414617,1,1
2009-04-17,sh.600506,7.2700,9592061,1,1
2009-04-20,sh.600506,7.1700,10886145,1,1
2009-04-21,sh.600506,7.1800,8798857,1,1
2009-04-22,sh.600506,6.8200,10344987,1,1
2009-04-23,sh.600506,6.9700,9024565,1,1
2009-04-24,sh.600506,6.8600,5678136,1,1
2009-04-27,sh.600506,6.5200,4381811,1,1
2009-04-28,sh.600506,6.4800,8174475,1,1
2009-04-29,sh.600506,6.5000,9820929,1,1
2009-04-30,sh.600506,6.4400,5533239,1,1
2009-05-04,sh.600506,6.6300,5789429,1,1
2009-05-05,sh.600506,6.7100,5249271,1,1
2009-05-06,sh.600506,6.8300,6082595,1,1
2009-05-07,sh.600506,6.6100,7735362,1,1
2009-05-08,sh.600506,6.6900,5605855,1,1
2009-05-11,sh.600506,6.5200,5257802,1,1
2009-05-12,sh.600506,6.5700,3194246,1,1
2009-05-13,sh.600506,6.6800,5312781,1,1
2009-05-14,sh.600506,6.6900,4532600,1,1
2009-05-15,sh.600506,6.9100,9403269,1,1
2009-05-18,sh.600506,7.0500,8045079,1,1
2009-05-19,sh.600506,6.9500,5346117,1,1
2009-05-20,sh.600506,6.7600,4718609,1,1
2009-05-21,sh.600506,6.6100,4924032,1,1
2009-05-22,sh.600506,6.6300,3022200,1,1
2009-05-25,sh.600506,6.6400,2852708,1,1
2009-05-26,sh.600506,6.9700,7497192,1,1
2009-05-27,sh.600506,6.9400,9100243,1,1
2009-06-01,sh.600506,6.9500,4924356,1,1
2009-06-02,sh.600506,6.9500,5641538,1,1
2009-06-03,sh.600506,6.9400,5757404,1,1
2009-06-04,sh.600506,6.8900,5497745,1,1
2009-06-05,sh.600506,7.2300,6707416,1,1
2009-06-08,sh.600506,7.2300,0,0,1
2009-06-09,sh.600506,7.2300,0,0,1
2009-06-10,sh.600506,7.2300,0,0,1
2009-06-11,sh.600506,7.2300,0,0,1
2009-06-12,sh.600506,7.2300,0,0,1
2009-06-15,sh.600506,7.2300,0,0,1
2009-06-16,sh.600506,7.2300,0,0,1
2009-06-17,sh.600506,7.2300,0,0,1
2009-06-18,sh.600506,7.2300,0,0,1
2009-06-19,sh.600506,7.2300,0,0,1
2009-06-22,sh.600506,7.2300,0,0,1
2009-06-23,sh.600506,7.2300,0,0,1
2009-06-24,sh.600506,7.2300,0,0,1
2009-06-25,sh.600506,7.2300,0,0,1
2009-06-26,sh.600506,7.2300,0,0,1
2009-06-29,sh.600506,7.2300,0,0,1
2009-06-30,sh.600506,7.2300,0,0,1
2009-07-01,sh.600506,7.2300,0,0,1
2009-07-02,sh.600506,7.2300,0,0,1
2009-07-03,sh.600506,7.2300,0,0,1
2009-07-06,sh.600506,7.2300,0,0,1
2009-07-07,sh.600506,7.2300,0,0,1
2009-07-08,sh.600506,7.2300,0,0,1
2009-07-09,sh.600506,7.2300,0,0,1
2009-07-10,sh.600506,7.5900,1545532,1,1
2009-07-13,sh.600506,7.9700,679972,1,1
2009-07-14,sh.600506,7.9600,24059287,1,1
2009-07-15,sh.600506,8.1000,11056977,1,1
2009-07-16,sh.600506,8.1400,10503399,1,1
2009-07-17,sh.600506,8.0800,6313454,1,1
2009-07-20,sh.600506,8.1000,8441191,1,1
2009-07-21,sh.600506,8.2500,10983971,1,1
2009-07-22,sh.600506,8.1200,7838570,1,1
2009-07-23,sh.600506,8.1200,4835416,1,1
2009-07-24,sh.600506,7.7900,8181295,1,1
2009-07-27,sh.600506,7.8900,8499311,1,1
2009-07-28,sh.600506,8.0900,6688672,1,1
2009-07-29,sh.600506,8.4900,19268676,1,1
2009-07-30,sh.600506,8.2700,14029703,1,1
2009-07-31,sh.600506,8.6800,8293276,1,1
2009-08-03,sh.600506,9.0700,14121170,1,1
2009-08-04,sh.600506,9.3500,9610276,1,1
2009-08-05,sh.600506,8.9700,9926208,1,1
2009-08-06,sh.600506,8.5500,6218199,1,1
2009-08-07,sh.600506,8.5700,4658222,1,1
2009-08-10,sh.600506,8.5100,4282931,1,1
2009-08-11,sh.600506,8.4900,2252701,1,1
2009-08-12,sh.600506,8.0700,5710724,1,1
2009-08-13,sh.600506,8.0800,4157740,1,1
2009-08-14,sh.600506,7.9600,4390545,1,1
2009-08-17,sh.600506,7.5600,3999681,1,1
2009-08-18,sh.600506,7.3800,3997008,1,1
2009-08-19,sh.600506,7.0200,4127733,1,1
2009-08-20,sh.600506,7.1100,3514175,1,1
2009-08-21,sh.600506,7.4700,4474429,1,1
2009-08-24,sh.600506,7.4400,3956828,1,1
2009-08-25,sh.600506,7.3500,3362951,1,1
2009-08-26,sh.600506,7.7200,4027570,1,1
2009-08-27,sh.600506,7.7800,4897452,1,1
2009-08-28,sh.600506,7.7700,4122859,1,1
2009-08-31,sh.600506,7.3800,5308350,1,1
2009-09-01,sh.600506,7.2400,2769147,1,1
2009-09-02,sh.600506,7.3800,1900957,1,1
2009-09-03,sh.600506,7.6600,2754009,1,1
2009-09-04,sh.600506,7.8900,3446053,1,1
2009-09-07,sh.600506,7.8600,3561489,1,1
2009-09-08,sh.600506,8.2500,4819479,1,1
2009-09-09,sh.600506,8.1400,4220786,1,1
2009-09-10,sh.600506,8.1800,2745815,1,1
2009-09-11,sh.600506,8.1900,2292479,1,1
2009-09-14,sh.600506,8.2700,3230048,1,1
2009-09-15,sh.600506,8.6100,5394481,1,1
2009-09-16,sh.600506,8.5200,3928105,1,1
2009-09-17,sh.600506,8.6700,3547802,1,1
2009-09-18,sh.600506,8.3100,4471643,1,1
2009-09-21,sh.600506,8.7300,7800561,1,1
2009-09-22,sh.600506,9.1700,5185600,1,1
2009-09-23,sh.600506,9.1200,8211342,1,1
2009-09-24,sh.600506,8.6600,7858575,1,1
2009-09-25,sh.600506,8.4500,3525298,1,1
2009-09-28,sh.600506,8.8700,3858585,1,1
2009-09-29,sh.600506,8.9300,6671626,1,1
2009-09-30,sh.600506,8.6000,4991827,1,1
2009-10-09,sh.600506,8.8000,4765577,1,1
2009-10-12,sh.600506,8.8300,3895113,1,1
2009-10-13,sh.600506,8.7600,2760972,1,1
2009-10-14,sh.600506,8.9400,4591597,1,1
2009-10-15,sh.600506,9.3900,3767148,1,1
2009-10-16,sh.600506,9.4300,6948313,1,1
2009-10-19,sh.600506,9.4500,3603251,1,1
2009-10-20,sh.600506,9.7700,8156983,1,1
2009-10-21,sh.600506,9.3600,5898050,1,1
2009-10-22,sh.600506,9.6800,4130456,1,1
2009-10-23,sh.600506,9.7000,3977845,1,1
2009-10-26,sh.600506,9.8300,3214824,1,1
2009-10-27,sh.600506,9.3400,4798616,1,1
2009-10-28,sh.600506,9.3900,2756940,1,1
2009-10-29,sh.600506,8.9400,4503275,1,1
2009-10-30,sh.600506,8.9500,3375639,1,1
2009-11-02,sh.600506,9.0800,3590740,1,1
2009-11-03,sh.600506,9.2500,3329076,1,1
2009-11-04,sh.600506,9.3500,3056202,1,1
2009-11-05,sh.600506,9.3400,2318138,1,1
2009-11-06,sh.600506,9.4000,2835189,1,1
2009-11-09,sh.600506,9.8700,6383774,1,1
2009-11-10,sh.600506,10.2400,6874995,1,1
2009-11-11,sh.600506,10.2900,5377763,1,1
2009-11-12,sh.600506,10.3200,4430994,1,1
2009-11-13,sh.600506,10.3300,6051709,1,1
2009-11-16,sh.600506,10.4900,4082651,1,1
2009-11-17,sh.600506,10.4200,2681451,1,1
2009-11-18,sh.600506,10.9200,7181567,1,1
2009-11-19,sh.600506,11.3800,4864681,1,1
2009-11-20,sh.600506,11.9500,4385314,1,1
2009-11-23,sh.600506,12.1400,5175213,1,1
2009-11-24,sh.600506,11.5300,7982158,1,1
2009-11-25,sh.600506,12.1100,7713346,1,1
2009-11-26,sh.600506,11.6500,5148012,1,1
2009-11-27,sh.600506,11.5900,4591205,1,1
2009-11-30,sh.600506,12.1600,4382342,1,1
2009-12-01,sh.600506,12.7700,7316118,1,1
2009-12-02,sh.600506,13.4100,3525401,1,1
2009-12-03,sh.600506,13.3000,6887779,1,1
2009-12-04,sh.600506,12.7500,5831086,1,1
2009-12-07,sh.600506,13.1000,2416941,1,1
2009-12-08,sh.600506,13.0800,2246630,1,1
2009-12-09,sh.600506,12.6900,2360542,1,1
2009-12-10,sh.600506,12.7400,2667869,1,1
2009-12-11,sh.600506,12.7000,1811165,1,1
2009-12-14,sh.600506,12.1800,5151408,1,1
2009-12-15,sh.600506,12.7600,2576576,1,1
2009-12-16,sh.600506,13.0100,3376384,1,1
2009-12-17,sh.600506,12.4800,3110472,1,1
2009-12-18,sh.600506,12.4200,6746758,1,1
2009-12-21,sh.600506,12.5800,5814220,1,1
2009-12-22,sh.600506,11.9500,4004700,1,1
2009-12-23,sh.600506,11.4600,3730591,1,1
2009-12-24,sh.600506,12.0300,2833322,1,1
2009-12-25,sh.600506,12.0000,2195665,1,1
2009-12-28,sh.600506,12.1900,1892029,1,1
2009-12-29,sh.600506,12.2000,1921775,1,1
2009-12-30,sh.600506,12.0500,2085909,1,1
2009-12-31,sh.600506,11.9000,2572932,1,1
2010-01-04,sh.600506,12.0800,2313002,1,1
2010-01-05,sh.600506,12.1300,2047060,1,1
2010-01-06,sh.600506,11.5600,5450663,1,1
2010-01-07,sh.600506,11.2300,3518351,1,1
2010-01-08,sh.600506,11.6000,2526728,1,1
2010-01-11,sh.600506,11.8000,3327526,1,1
2010-01-12,sh.600506,11.9000,2098047,1,1
2010-01-13,sh.600506,11.6600,1843060,1,1
2010-01-14,sh.600506,11.9700,2477019,1,1
2010-01-15,sh.600506,12.0600,2170886,1,1
2010-01-18,sh.600506,12.2400,3698921,1,1
2010-01-19,sh.600506,12.0800,2022326,1,1
2010-01-20,sh.600506,11.6100,2703216,1,1
2010-01-21,sh.600506,11.6100,0,0,1
2010-01-22,sh.600506,11.6100,0,0,1
2010-01-25,sh.600506,11.0300,3333200,1,1
2010-01-26,sh.600506,10.4800,2287692,1,1
2010-01-27,sh.600506,10.2500,2302467,1,1
2010-01-28,sh.600506,10.3100,1722372,1,1
2010-01-29,sh.600506,10.3600,2392426,1,1
2010-02-01,sh.600506,10.2600,1545819,1,1
2010-02-02,sh.600506,10.3500,1946690,1,1
2010-02-03,sh.600506,10.5600,2588021,1,1
2010-02-04,sh.600506,10.7400,2659885,1,1
2010-02-05,sh.600506,10.8800,2465340,1,1
2010-02-08,sh.600506,10.6000,1661655,1,1
2010-02-09,sh.600506,10.5100,1127544,1,1
2010-02-10,sh.600506,10.6100,942972,1,1
2010-02-11,sh.600506,10.5600,824460,1,1
2010-02-12,sh.600506,10.7200,842280,1,1
2010-02-22,sh.600506,11.0800,2715766,1,1
2010-02-23,sh.600506,11.2800,2188451,1,1
2010-02-24,sh.600506,11.2800,1666457,1,1
2010-02-25,sh.600506,11.3600,3179495,1,1
2010-02-26,sh.600506,11.4800,2599437,1,1
2010-03-01,sh.600506,11.5100,2912585,1,1
2010-03-02,sh.600506,11.1800,3792139,1,1
2010-03-03,sh.600506,11.4700,3597619,1,1
2010-03-04,sh.600506,12.0400,10861070,1,1
2010-03-05,sh.600506,11.9000,4980133,1,1
2010-03-08,sh.600506,11.8600,3447096,1,1
2010-03-09,sh.600506,11.8700,3522168,1,1
2010-03-10,sh.600506,11.4500,1812034,1,1
2010-03-11,sh.600506,11.4700,1626436,1,1
2010-03-12,sh.600506,11.6000,2275492,1,1
2010-03-15,sh.600506,11.9800,3254944,1,1
2010-03-16,sh.600506,12.2700,5054679,1,1
2010-03-17,sh.600506,12.3800,4208807,1,1
2010-03-18,sh.600506,12.3700,2447107,1,1
2010-03-19,sh.600506,12.5000,3623585,1,1
2010-03-22,sh.600506,12.8000,4063412,1,1
2010-03-23,sh.600506,12.5400,4334770,1,1
2010-03-24,sh.600506,12.4100,3205705,1,1
2010-03-25,sh.600506,12.0700,4012589,1,1
2010-03-26,sh.600506,12.4200,2962911,1,1
2010-03-29,sh.600506,12.4200,0,0,1
2010-03-30,sh.600506,12.5900,4513356,1,1
2010-03-31,sh.600506,12.7900,4002086,1,1
2010-04-01,sh.600506,12.8900,4009649,1,1
2010-04-02,sh.600506,13.0400,3538044,1,1
2010-04-06,sh.600506,12.9300,2801192,1,1
2010-04-07,sh.600506,12.6600,3319074,1,1
2010-04-08,sh.600506,12.7100,3628196,1,1
2010-04-09,sh.600506,12.8000,2939762,1,1
2010-04-12,sh.600506,12.9900,4957269,1,1
2010-04-13,sh.600506,12.7400,5052531,1,1
2010-04-14,sh.600506,13.0500,3782595,1,1
2010-04-15,sh.600506,13.7000,12991207,1,1
2010-04-16,sh.600506,13.4700,5259385,1,1
2010-04-19,sh.600506,12.8000,5806858,1,1
2010-04-20,sh.600506,12.6300,4013501,1,1
2010-04-21,sh.600506,12.9200,3407381,1,1
2010-04-22,sh.600506,12.7400,3968055,1,1
2010-04-23,sh.600506,12.4900,4063183,1,1
2010-04-26,sh.600506,12.7100,3690819,1,1
2010-04-27,sh.600506,12.0900,4682157,1,1
2010-04-28,sh.600506,12.0600,1955483,1,1
2010-04-29,sh.600506,11.5700,1919614,1,1
2010-04-30,sh.600506,11.1800,2870831,1,1
2010-05-04,sh.600506,11.2900,1836480,1,1
2010-05-05,sh.600506,11.7400,2354836,1,1
2010-05-06,sh.600506,11.3600,2799043,1,1
2010-05-07,sh.600506,11.3200,3172618,1,1
2010-05-10,sh.600506,10.7500,3008579,1,1
2010-05-11,sh.600506,10.2100,3565442,1,1
2010-05-12,sh.600506,9.8000,2268486,1,1
2010-05-13,sh.600506,9.7000,1758675,1,1
2010-05-14,sh.600506,10.1900,3693645,1,1
2010-05-17,sh.600506,9.6900,4366743,1,1
2010-05-18,sh.600506,9.9800,3221758,1,1
2010-05-19,sh.600506,9.9200,3388567,1,1
2010-05-20,sh.600506,9.5200,2374348,1,1
2010-05-21,sh.600506,10.0000,4940345,1,1
2010-05-24,sh.600506,10.2900,4532057,1,1
2010-05-25,sh.600506,10.0900,3156762,1,1
2010-05-26,sh.600506,10.3000,2640480,1,1
2010-05-27,sh.600506,10.4300,3077458,1,1
2010-05-28,sh.600506,10.2900,3150773,1,1
2010-05-31,sh.600506,9.8100,2909200,1,1
2010-06-01,sh.600506,9.3500,2704199,1,1
2010-06-02,sh.600506,9.5500,2074729,1,1
2010-06-03,sh.600506,9.4200,1893641,1,1
2010-06-04,sh.600506,9.4800,1249189,1,1
2010-06-07,sh.600506,9.3100,1872078,1,1
2010-06-08,sh.600506,9.4400,1280233,1,1
2010-06-09,sh.600506,9.6600,1816952,1,1
2010-06-10,sh.600506,9.7700,1884943,1,1
2010-06-11,sh.600506,9.6900,1282178,1,1
2010-06-17,sh.600506,9.6300,941138,1,1
2010-06-18,sh.600506,9.1500,2059670,1,1
2010-06-21,sh.600506,9.3400,1873374,1,1
2010-06-22,sh.600506,9.3800,1052117,1,1
2010-06-23,sh.600506,9.3200,993731,1,1
2010-06-24,sh.600506,9.4500,1042878,1,1
2010-06-25,sh.600506,9.4500,1312821,1,1
2010-06-28,sh.600506,9.2900,1541035,1,1
2010-06-29,sh.600506,8.8300,1825100,1,1
2010-06-30,sh.600506,8.3900,2131478,1,1
2010-07-01,sh.600506,8.0700,1244434,1,1
2010-07-02,sh.600506,8.0400,2328105,1,1
2010-07-05,sh.600506,7.8000,1070005,1,1
2010-07-06,sh.600506,7.9500,1526555,1,1
2010-07-07,sh.600506,8.1800,1428324,1,1
2010-07-08,sh.600506,8.0200,1058743,1,1
2010-07-09,sh.600506,8.3700,2187800,1,1
2010-07-12,sh.600506,8.5100,1381539,1,1
2010-07-13,sh.600506,8.2800,1386795,1,1
2010-07-14,sh.600506,8.4100,1303580,1,1
2010-07-15,sh.600506,8.2800,1723801,1,1
2010-07-16,sh.600506,8.4000,1144543,1,1
2010-07-19,sh.600506,8.5400,1505144,1,1
2010-07-20,sh.600506,8.7200,1868023,1,1
2010-07-21,sh.600506,9.1600,2491779,1,1
2010-07-22,sh.600506,9.2800,3148283,1,1
2010-07-23,sh.600506,9.2800,1796114,1,1
2010-07-26,sh.600506,9.4700,1926611,1,1
2010-07-27,sh.600506,9.7500,4028088,1,1
2010-07-28,sh.600506,9.7000,3165973,1,1
2010-07-29,sh.600506,9.5600,3135639,1,1
2010-07-30,sh.600506,9.5600,1588520,1,1
2010-08-02,sh.600506,9.7400,2234088,1,1
2010-08-03,sh.600506,9.5400,2740938,1,1
2010-08-04,sh.600506,9.5900,2304018,1,1
2010-08-05,sh.600506,9.7300,2638922,1,1
2010-08-06,sh.600506,10.0800,3330624,1,1
2010-08-09,sh.600506,10.5000,3357868,1,1
2010-08-10,sh.600506,9.9900,3528194,1,1
2010-08-11,sh.600506,10.1800,2599487,1,1
2010-08-12,sh.600506,9.9500,2243832,1,1
2010-08-13,sh.600506,10.1000,1526369,1,1
2010-08-16,sh.600506,10.2800,2443668,1,1
2010-08-17,sh.600506,10.3200,2409916,1,1
2010-08-18,sh.600506,10.7800,3871111,1,1
2010-08-19,sh.600506,10.8000,4816790,1,1
2010-08-20,sh.600506,10.5000,2640399,1,1
2010-08-23,sh.600506,10.5800,2276951,1,1
2010-08-24,sh.600506,10.9400,3399375,1,1
2010-08-25,sh.600506,10.7900,2364743,1,1
2010-08-26,sh.600506,10.8500,1399097,1,1
2010-08-27,sh.600506,10.9800,2217934,1,1
2010-08-30,sh.600506,11.0600,2243643,1,1
2010-08-31,sh.600506,11.1600,2226468,1,1
2010-09-01,sh.600506,10.9600,2969618,1,1
2010-09-02,sh.600506,11.1500,2761354,1,1
2010-09-03,sh.600506,11.4000,3149724,1,1
2010-09-06,sh.600506,11.2800,2402970,1,1
2010-09-07,sh.600506,11.1600,1920752,1,1
2010-09-08,sh.600506,11.2100,2034471,1,1
2010-09-09,sh.600506,10.9700,2530484,1,1
2010-09-10,sh.600506,10.7900,2710121,1,1
2010-09-13,sh.600506,11.1100,2289659,1,1
2010-09-14,sh.600506,11.2800,2158328,1,1
2010-09-15,sh.600506,10.9300,2022242,1,1
2010-09-16,sh.600506,10.3800,3115289,1,1
2010-09-17,sh.600506,10.4300,1323293,1,1
2010-09-20,sh.600506,10.3300,1311050,1,1
2010-09-21,sh.600506,10.3000,968365,1,1
2010-09-27,sh.600506,10.5700,1595138,1,1
2010-09-28,sh.600506,10.7000,1988077,1,1
2010-09-29,sh.600506,10.5600,1432400,1,1
2010-09-30,sh.600506,10.6900,1208581,1,1
2010-10-08,sh.600506,10.9000,2176436,1,1
2010-10-11,sh.600506,11.4300,5447818,1,1
2010-10-12,sh.600506,11.8600,5204860,1,1
2010-10-13,sh.600506,11.8700,3750322,1,1
2010-10-14,sh.600506,11.2800,4308735,1,1
2010-10-15,sh.600506,10.9000,4486877,1,1
2010-10-18,sh.600506,11.0000,3341500,1,1
2010-10-19,sh.600506,11.1700,1852662,1,1
2010-10-20,sh.600506,10.9600,3095688,1,1
2010-10-21,sh.600506,11.0600,2996508,1,1
2010-10-22,sh.600506,11.6000,5508007,1,1
2010-10-25,sh.600506,11.4500,4534541,1,1
2010-10-26,sh.600506,11.4500,2935291,1,1
2010-10-27,sh.600506,11.5300,3965272,1,1
2010-10-28,sh.600506,11.1800,3049873,1,1
2010-10-29,sh.600506,11.2700,2213822,1,1
2010-11-01,sh.600506,11.3300,3571272,1,1
2010-11-02,sh.600506,11.0900,3769399,1,1
2010-11-03,sh.600506,11.0800,3238388,1,1
2010-11-04,sh.600506,11.6300,6683006,1,1
2010-11-05,sh.600506,11.9700,6564364,1,1
2010-11-08,sh.600506,12.4000,6872181,1,1
2010-11-09,sh.600506,12.4000,0,0,1
2010-11-10,sh.600506,12.4000,0,0,1
2010-11-11,sh.600506,12.0000,7929254,1,1
2010-11-12,sh.600506,11.4000,4466721,1,1
2010-11-15,sh.600506,11.5600,3612550,1,1
2010-11-16,sh.600506,11.1900,3046127,1,1
2010-11-17,sh.600506,11.1900,0,0,1
2010-11-18,sh.600506,10.8700,2239584,1,1
2010-11-19,sh.600506,10.9400,2184064,1,1
2010-11-22,sh.600506,11.0800,2217886,1,1
2010-11-23,sh.600506,11.0000,1994793,1,1
2010-11-24,sh.600506,11.5000,2956009,1,1
2010-11-25,sh.600506,11.5400,2415321,1,1
2010-11-26,sh.600506,11.7500,3017815,1,1
2010-11-29,sh.600506,11.7800,1913971,1,1
2010-11-30,sh.600506,11.2800,3060080,1,1
2010-12-01,sh.600506,11.4400,1771713,1,1
2010-12-02,sh.600506,11.4800,1555526,1,1
2010-12-03,sh.600506,11.4000,1760830,1,1
2010-12-06,sh.600506,11.2300,967046,1,1
2010-12-07,sh.600506,11.2700,1109126,1,1
2010-12-08,sh.600506,11.2300,1131525,1,1
2010-12-09,sh.600506,11.2300,1598536,1,1
2010-12-10,sh.600506,11.6300,2266094,1,1
2010-12-13,sh.600506,11.7700,3840558,1,1
2010-12-14,sh.600506,11.9300,3861774,1,1
2010-12-15,sh.600506,11.7600,2789711,1,1
2010-12-16,sh.600506,11.6000,1766382,1,1
2010-12-17,sh.600506,11.8100,1770025,1,1
2010-12-20,sh.600506,12.0900,4289548,1,1
2010-12-21,sh.600506,11.9400,2148343,1,1
2010-12-22,sh.600506,12.0500,2587021,1,1
2010-12-23,sh.600506,11.6200,2104402,1,1
2010-12-24,sh.600506,11.2700,2000186,1,1
2010-12-27,sh.600506,10.8000,2039461,1,1
2010-12-28,sh.600506,10.4700,1651052,1,1
2010-12-29,sh.600506,10.7000,678034,1,1
2010-12-30,sh.600506,10.7200,1068603,1,1
2010-12-31,sh.600506,10.9600,966374,1,1
2011-01-04,sh.600506,11.0900,1102955,1,1
2011-01-05,sh.600506,10.9100,1151841,1,1
2011-01-06,sh.600506,11.0600,962077,1,1
2011-01-07,sh.600506,11.0900,1012188,1,1
2011-01-10,sh.600506,10.7000,1143229,1,1
2011-01-11,sh.600506,10.6000,1116678,1,1
2011-01-12,sh.600506,11.1300,2277573,1,1
2011-01-13,sh.600506,11.0600,1304334,1,1
2011-01-14,sh.600506,11.0900,884389,1,1
2011-01-17,sh.600506,10.6400,1135873,1,1
2011-01-18,sh.600506,10.6500,783829,1,1
2011-01-19,sh.600506,10.8700,885079,1,1
2011-01-20,sh.600506,10.7100,1278626,1,1
2011-01-21,sh.600506,10.9100,1071884,1,1
2011-01-24,sh.600506,10.6400,794780,1,1
2011-01-25,sh.600506,10.1100,2346791,1,1
2011-01-26,sh.600506,10.1700,1152895,1,1
2011-01-27,sh.600506,10.3500,1355643,1,1
2011-01-28,sh.600506,10.4600,1213799,1,1
2011-01-31,sh.600506,10.6200,973300,1,1
2011-02-01,sh.600506,10.7400,814115,1,1
2011-02-09,sh.600506,10.8900,1837071,1,1
2011-02-10,sh.600506,11.2400,2376140,1,1
2011-02-11,sh.600506,11.1500,1457352,1,1
2011-02-14,sh.600506,11.1600,1819935,1,1
2011-02-15,sh.600506,11.1500,1878744,1,1
2011-02-16,sh.600506,11.1000,1564052,1,1
2011-02-17,sh.600506,11.1800,1870208,1,1
2011-02-18,sh.600506,11.1300,1249053,1,1
2011-02-21,sh.600506,11.2900,2203773,1,1
2011-02-22,sh.600506,11.3600,3005474,1,1
2011-02-23,sh.600506,11.2100,1556221,1,1
2011-02-24,sh.600506,11.2300,1249538,1,1
2011-02-25,sh.600506,11.1700,1642290,1,1
2011-02-28,sh.600506,11.4100,2244099,1,1
2011-03-01,sh.600506,11.6000,2400815,1,1
2011-03-02,sh.600506,11.5000,1999797,1,1
2011-03-03,sh.600506,11.5000,1737198,1,1
2011-03-04,sh.600506,11.5800,1367975,1,1
2011-03-07,sh.600506,11.8800,3238031,1,1
2011-03-08,sh.600506,11.7800,1346029,1,1
2011-03-09,sh.600506,11.9700,2177091,1,1
2011-03-10,sh.600506,12.1100,3046772,1,1
2011-03-11,sh.600506,11.8900,2093459,1,1
2011-03-14,sh.600506,12.2000,2924002,1,1
2011-03-15,sh.600506,11.9000,2820610,1,1
2011-03-16,sh.600506,12.0200,1841309,1,1
2011-03-17,sh.600506,11.8100,1881900,1,1
2011-03-18,sh.600506,11.8300,1766300,1,1
2011-03-21,sh.600506,11.9700,1850482,1,1
2011-03-22,sh.600506,12.1500,1727732,1,1
2011-03-23,sh.600506,12.7600,4449196,1,1
2011-03-24,sh.600506,13.4000,6600434,1,1
2011-03-25,sh.600506,13.3300,12140603,1,1
2011-03-28,sh.600506,12.6600,7967923,1,1
2011-03-29,sh.600506,12.0400,7830980,1,1
2011-03-30,sh.600506,12.0500,2805012,1,1
2011-03-31,sh.600506,11.5300,5893697,1,1
2011-04-01,sh.600506,11.6800,2274984,1,1
2011-04-06,sh.600506,11.6500,2902862,1,1
2011-04-07,sh.600506,12.2300,5453789,1,1
2011-04-08,sh.600506,12.3000,4983919,1,1
2011-04-11,sh.600506,12.2200,3380440,1,1
2011-04-12,sh.600506,12.3300,3219371,1,1
2011-04-13,sh.600506,12.5700,2617928,1,1
2011-04-14,sh.600506,12.4700,2190046,1,1
2011-04-15,sh.600506,12.9400,4133048,1,1
2011-04-18,sh.600506,12.9400,3243139,1,1
2011-04-19,sh.600506,12.5100,4543251,1,1
2011-04-20,sh.600506,12.5100,0,0,1
2011-04-21,sh.600506,12.4600,2876581,1,1
2011-04-22,sh.600506,12.5000,1710591,1,1
2011-04-25,sh.600506,12.0600,1894741,1,1
2011-04-26,sh.600506,11.8200,1932154,1,1
2011-04-27,sh.600506,11.9300,1564967,1,1
2011-04-28,sh.600506,12.5100,5012213,1,1
2011-04-29,sh.600506,12.5400,2681347,1,1
2011-05-03,sh.600506,12.7600,2669766,1,1
2011-05-04,sh.600506,12.2600,2442924,1,1
2011-05-05,sh.600506,12.1700,1426800,1,1
2011-05-06,sh.600506,12.2600,1429746,1,1
2011-05-09,sh.600506,12.7500,2868146,1,1
2011-05-10,sh.600506,12.7000,2351505,1,1
2011-05-11,sh.600506,13.1200,7139151,1,1
2011-05-12,sh.600506,12.8300,3796127,1,1
2011-05-13,sh.600506,13.2800,2771959,1,1
2011-05-16,sh.600506,13.0200,2384759,1,1
2011-05-17,sh.600506,12.8100,2283077,1,1
2011-05-18,sh.600506,12.9900,2699318,1,1
2011-05-19,sh.600506,12.9400,2029689,1,1
2011-05-20,sh.600506,12.6600,2258140,1,1
2011-05-23,sh.600506,12.0300,2987798,1,1
2011-05-24,sh.600506,11.5600,3871302,1,1
2011-05-25,sh.600506,11.5100,1434152,1,1
2011-05-26,sh.600506,11.3000,1643583,1,1
2011-05-27,sh.600506,11.0800,1653096,1,1
2011-05-30,sh.600506,10.8600,1134499,1,1
2011-05-31,sh.600506,11.0000,1195216,1,1
2011-06-01,sh.600506,11.0900,933812,1,1
2011-06-02,sh.600506,10.8000,1244035,1,1
2011-06-03,sh.600506,11.2000,1532656,1,1
2011-06-07,sh.600506,11.2600,1037946,1,1
2011-06-08,sh.600506,11.4000,1248926,1,1
2011-06-09,sh.600506,11.1000,1270794,1,1
2011-06-10,sh.600506,11.1800,1002240,1,1
2011-06-13,sh.600506,11.2900,871680,1,1
2011-06-14,sh.600506,11.3800,854865,1,1
2011-06-15,sh.600506,11.3800,1585898,1,1
2011-06-16,sh.600506,10.9400,1073241,1,1
2011-06-17,sh.600506,10.9100,862242,1,1
2011-06-20,sh.600506,10.9300,853640,1,1
2011-06-21,sh.600506,11.1300,857639,1,1
2011-06-22,sh.600506,11.3600,1131738,1,1
2011-06-23,sh.600506,11.4200,756310,1,1
2011-06-24,sh.600506,11.8500,2363256,1,1
2011-06-27,sh.600506,11.8500,1625590,1,1
2011-06-28,sh.600506,12.4300,4647001,1,1
2011-06-29,sh.600506,12.1100,2065146,1,1
2011-06-30,sh.600506,12.2000,1068287,1,1
2011-07-01,sh.600506,12.2000,984716,1,1
2011-07-04,sh.600506,12.3700,1152992,1,1
2011-07-05,sh.600506,12.4500,1439117,1,1
2011-07-06,sh.600506,12.6800,1699615,1,1
2011-07-07,sh.600506,12.5700,2010969,1,1
2011-07-08,sh.600506,12.6900,1666771,1,1
2011-07-11,sh.600506,12.7100,1330415,1,1
2011-07-12,sh.600506,12.4200,1924050,1,1
2011-07-13,sh.600506,12.5500,1337706,1,1
2011-07-14,sh.600506,12.6100,1101420,1,1
2011-07-15,sh.600506,13.1100,4239747,1,1
2011-07-18,sh.600506,12.8700,2412115,1,1
2011-07-19,sh.600506,12.9300,1798833,1,1
2011-07-20,sh.600506,12.9800,2488495,1,1
2011-07-21,sh.600506,12.9100,1908743,1,1
2011-07-22,sh.600506,12.8600,1186357,1,1
2011-07-25,sh.600506,12.2300,3366759,1,1
2011-07-26,sh.600506,12.8400,3480129,1,1
2011-07-27,sh.600506,12.8400,0,0,1
2011-07-28,sh.600506,12.8400,0,0,1
2011-07-29,sh.600506,12.8400,0,0,1
2011-08-01,sh.600506,12.2000,6689740,1,1
2011-08-02,sh.600506,11.5900,3369374,1,1
2011-08-03,sh.600506,11.2200,6076949,1,1
2011-08-04,sh.600506,10.9600,4415565,1,1
2011-08-05,sh.600506,10.6300,5477936,1,1
2011-08-08,sh.600506,10.1000,3795056,1,1
2011-08-09,sh.600506,9.8000,4487013,1,1
2011-08-10,sh.600506,9.9300,3823412,1,1
2011-08-11,sh.600506,10.2900,3588811,1,1
2011-08-12,sh.600506,10.2700,2990466,1,1
2011-08-15,sh.600506,10.3100,3056142,1,1
2011-08-16,sh.600506,10.1900,2290917,1,1
2011-08-17,sh.600506,10.0100,2787271,1,1
2011-08-18,sh.600506,9.8900,2375865,1,1
2011-08-19,sh.600506,9.6800,1975930,1,1
2011-08-22,sh.600506,9.8000,2560076,1,1
2011-08-23,sh.600506,10.1700,3248708,1,1
2011-08-24,sh.600506,9.9700,2620180,1,1
2011-08-25,sh.600506,10.1500,1936797,1,1
2011-08-26,sh.600506,10.1500,1865122,1,1
2011-08-29,sh.600506,9.9400,2132446,1,1
2011-08-30,sh.600506,9.9000,1924211,1,1
2011-08-31,sh.600506,9.8500,1072017,1,1
2011-09-01,sh.600506,9.8800,1952679,1,1
2011-09-02,sh.600506,9.6400,2067305,1,1
2011-09-05,sh.600506,9.1900,2928761,1,1
2011-09-06,sh.600506,9.1100,1493162,1,1
2011-09-07,sh.600506,9.2800,1252024,1,1
2011-09-08,sh.600506,9.2600,1195294,1,1
2011-09-09,sh.600506,9.1400,1896989,1,1
2011-09-13,sh.600506,8.9600,1342447,1,1
2011-09-14,sh.600506,9.4100,3776883,1,1
2011-09-15,sh.600506,9.4100,2793455,1,1
2011-09-16,sh.600506,9.2800,1956856,1,1
2011-09-19,sh.600506,9.1100,1145586,1,1
2011-09-20,sh.600506,9.5700,2605503,1,1
2011-09-21,sh.600506,9.8200,6218657,1,1
2011-09-22,sh.600506,10.0100,5312346,1,1
2011-09-23,sh.600506,9.8500,4380499,1,1
2011-09-26,sh.600506,9.4900,3056405,1,1
2011-09-27,sh.600506,9.3400,2248409,1,1
2011-09-28,sh.600506,9.1500,1321521,1,1
2011-09-29,sh.600506,8.6900,2218216,1,1
2011-09-30,sh.600506,8.7600,977041,1,1
2011-10-10,sh.600506,8.7600,0,0,1
2011-10-11,sh.600506,9.2000,2485978,1,1
2011-10-12,sh.600506,9.3700,3217993,1,1
2011-10-13,sh.600506,9.2600,2091612,1,1
2011-10-14,sh.600506,9.2300,1049465,1,1
2011-10-17,sh.600506,9.4100,1511119,1,1
2011-10-18,sh.600506,9.1200,1266599,1,1
2011-10-19,sh.600506,8.8600,1455394,1,1
2011-10-20,sh.600506,8.5100,1170721,1,1
2011-10-21,sh.600506,8.5200,422183,1,1
2011-10-24,sh.600506,8.4900,1494442,1,1
2011-10-25,sh.600506,8.6100,1336329,1,1
2011-10-26,sh.600506,8.6800,1246487,1,1
2011-10-27,sh.600506,8.7400,1106906,1,1
2011-10-28,sh.600506,8.9100,1271305,1,1
2011-10-31,sh.600506,8.9400,1375262,1,1
2011-11-01,sh.600506,9.0700,1571983,1,1
2011-11-02,sh.600506,9.3000,2393163,1,1
2011-11-03,sh.600506,9.3100,2211480,1,1
2011-11-04,sh.600506,9.3000,1388461,1,1
2011-11-07,sh.600506,9.3300,1082377,1,1
2011-11-08,sh.600506,9.1500,1089706,1,1
2011-11-09,sh.600506,9.2300,1259184,1,1
2011-11-10,sh.600506,9.1200,1197643,1,1
2011-11-11,sh.600506,9.1200,897120,1,1
2011-11-14,sh.600506,9.3200,1365620,1,1
2011-11-15,sh.600506,9.5100,1492620,1,1
2011-11-16,sh.600506,9.2200,1352083,1,1
2011-11-17,sh.600506,9.2200,753052,1,1
2011-11-18,sh.600506,8.9100,1140182,1,1
2011-11-21,sh.600506,8.7600,702708,1,1
2011-11-22,sh.600506,8.6800,939112,1,1
2011-11-23,sh.600506,8.7200,590168,1,1
2011-11-24,sh.600506,8.7200,558540,1,1
2011-11-25,sh.600506,8.5400,697118,1,1
2011-11-28,sh.600506,8.5400,752289,1,1
2011-11-29,sh.600506,8.7600,852898,1,1
2011-11-30,sh.600506,8.7000,1849636,1,1
2011-12-01,sh.600506,8.8000,749190,1,1
2011-12-02,sh.600506,8.4200,1367033,1,1
2011-12-05,sh.600506,8.1100,618408,1,1
2011-12-06,sh.600506,8.1300,417550,1,1
2011-12-07,sh.600506,8.1400,267190,1,1
2011-12-08,sh.600506,8.1400,337960,1,1
2011-12-09,sh.600506,8.1300,264002,1,1
2011-12-12,sh.600506,8.0900,390373,1,1
2011-12-13,sh.600506,7.7000,955618,1,1
2011-12-14,sh.600506,7.6100,284700,1,1
2011-12-15,sh.600506,7.2300,543467,1,1
2011-12-16,sh.600506,7.1700,1195666,1,1
2011-12-19,sh.600506,7.1600,697235,1,1
2011-12-20,sh.600506,7.1100,574450,1,1
2011-12-21,sh.600506,7.0200,391150,1,1
2011-12-22,sh.600506,7.0300,671868,1,1
2011-12-23,sh.600506,7.0300,0,0,1
2011-12-26,sh.600506,7.2000,426239,1,1
2011-12-27,sh.600506,7.2200,840396,1,1
2011-12-28,sh.600506,7.0500,692699,1,1
2011-12-29,sh.600506,6.9800,357950,1,1
2011-12-30,sh.600506,7.0400,575182,1,1
2012-01-04,sh.600506,6.9600,584708,1,1
2012-01-05,sh.600506,6.6100,966463,1,1
2012-01-06,sh.600506,6.5600,1190737,1,1
2012-01-09,sh.600506,6.7900,698782,1,1
2012-01-10,sh.600506,7.1200,1510275,1,1
2012-01-11,sh.600506,7.0700,839532,1,1
2012-01-12,sh.600506,7.1700,864823,1,1
2012-01-13,sh.600506,7.0200,706898,1,1
2012-01-16,sh.600506,6.8500,373500,1,1
2012-01-17,sh.600506,7.1200,760940,1,1
2012-01-18,sh.600506,7.1000,415350,1,1
2012-01-19,sh.600506,7.1000,363548,1,1
2012-01-20,sh.600506,7.3200,590961,1,1
2012-01-30,sh.600506,7.4100,528255,1,1
2012-01-31,sh.600506,7.4300,651192,1,1
2012-02-01,sh.600506,7.3200,781345,1,1
2012-02-02,sh.600506,7.3700,573960,1,1
2012-02-03,sh.600506,7.4700,765549,1,1
2012-02-06,sh.600506,7.6900,1466191,1,1
2012-02-07,sh.600506,7.3900,1040234,1,1
2012-02-08,sh.600506,7.5200,625901,1,1
2012-02-09,sh.600506,7.6100,895194,1,1
2012-02-10,sh.600506,7.9900,2304911,1,1
2012-02-13,sh.600506,8.3900,3204698,1,1
2012-02-14,sh.600506,8.4600,2702696,1,1
2012-02-15,sh.600506,8.4800,1410992,1,1
2012-02-16,sh.600506,8.7400,2832938,1,1
2012-02-17,sh.600506,8.6000,1306441,1,1
2012-02-20,sh.600506,8.7600,1236441,1,1
2012-02-21,sh.600506,9.2000,3264017,1,1
2012-02-22,sh.600506,9.2000,2022993,1,1
2012-02-23,sh.600506,8.9900,2060926,1,1
2012-02-24,sh.600506,8.9400,1610286,1,1
2012-02-27,sh.600506,8.9400,2806251,1,1
2012-02-28,sh.600506,8.8400,1705398,1,1
2012-02-29,sh.600506,8.5900,1431457,1,1
2012-03-01,sh.600506,9.0200,2048408,1,1
2012-03-02,sh.600506,9.3300,2908693,1,1
2012-03-05,sh.600506,9.3500,1896487,1,1
2012-03-06,sh.600506,9.2500,1285176,1,1
2012-03-07,sh.600506,9.0500,1488900,1,1
2012-03-08,sh.600506,9.1200,870951,1,1
2012-03-09,sh.600506,9.4100,1256124,1,1
2012-03-12,sh.600506,9.4600,741752,1,1
2012-03-13,sh.600506,9.4800,662539,1,1
2012-03-14,sh.600506,9.0800,1573702,1,1
2012-03-15,sh.600506,9.1100,1094597,1,1
2012-03-16,sh.600506,9.1700,536118,1,1
2012-03-19,sh.600506,9.2200,755098,1,1
2012-03-20,sh.600506,9.2400,745557,1,1
2012-03-21,sh.600506,9.2600,710305,1,1
2012-03-22,sh.600506,9.4500,1854442,1,1
2012-03-23,sh.600506,9.8000,3173251,1,1
2012-03-26,sh.600506,9.6100,2150442,1,1
2012-03-27,sh.600506,9.8400,1204207,1,1
2012-03-28,sh.600506,9.3500,1837806,1,1
2012-03-29,sh.600506,8.8800,1213650,1,1
2012-03-30,sh.600506,8.5600,1029401,1,1
2012-04-05,sh.600506,8.9600,1441002,1,1
2012-04-06,sh.600506,9.0000,1556738,1,1
2012-04-09,sh.600506,9.1900,1053218,1,1
2012-04-10,sh.600506,9.1900,0,0,1
2012-04-11,sh.600506,9.2800,789150,1,1
2012-04-12,sh.600506,9.4100,1071185,1,1
2012-04-13,sh.600506,9.4600,923755,1,1
2012-04-16,sh.600506,9.5900,942260,1,1
2012-04-17,sh.600506,9.4100,939292,1,1
2012-04-18,sh.600506,9.6600,977212,1,1
2012-04-19,sh.600506,9.5000,612373,1,1
2012-04-20,sh.600506,9.5400,654689,1,1
2012-04-23,sh.600506,9.0900,1542448,1,1
2012-04-24,sh.600506,9.0000,979246,1,1
2012-04-25,sh.600506,8.9000,1567815,1,1
2012-04-26,sh.600506,9.0700,688111,1,1
2012-04-27,sh.600506,8.8800,1083143,1,1
2012-05-02,sh.600506,8.4800,2287391,1,1
2012-05-03,sh.600506,8.7100,1404161,1,1
2012-05-04,sh.600506,8.9500,1707125,1,1
2012-05-07,sh.600506,9.3300,1590870,1,1
2012-05-08,sh.600506,9.2100,1165031,1,1
2012-05-09,sh.600506,9.2800,1095130,1,1
2012-05-10,sh.600506,9.3200,803116,1,1
2012-05-11,sh.600506,9.2900,866392,1,1
2012-05-14,sh.600506,9.1100,838140,1,1
2012-05-15,sh.600506,9.1900,730011,1,1
2012-05-16,sh.600506,8.9400,676534,1,1
2012-05-17,sh.600506,9.1000,578918,1,1
2012-05-18,sh.600506,9.3600,2838215,1,1
2012-05-21,sh.600506,9.3100,1083000,1,1
2012-05-22,sh.600506,9.7800,4247205,1,1
2012-05-23,sh.600506,9.9900,3338779,1,1
2012-05-24,sh.600506,9.9600,3100741,1,1
2012-05-25,sh.600506,9.5800,2284497,1,1
2012-05-28,sh.600506,9.8300,2214915,1,1
2012-05-29,sh.600506,9.9200,1367130,1,1
2012-05-30,sh.600506,10.3000,4613507,1,1
2012-05-31,sh.600506,10.2000,3180598,1,1
2012-06-01,sh.600506,10.5000,2387331,1,1
2012-06-04,sh.600506,10.2100,3232211,1,1
2012-06-05,sh.600506,10.0900,2073686,1,1
2012-06-06,sh.600506,10.2200,1560554,1,1
2012-06-07,sh.600506,10.3200,2353829,1,1
2012-06-08,sh.600506,10.8300,3725843,1,1
2012-06-11,sh.600506,10.8900,3180870,1,1
2012-06-12,sh.600506,11.0500,1673975,1,1
2012-06-13,sh.600506,10.9300,1717636,1,1
2012-06-14,sh.600506,10.9300,1396918,1,1
2012-06-15,sh.600506,10.9100,1227291,1,1
2012-06-18,sh.600506,10.8900,1527629,1,1
2012-06-19,sh.600506,10.8600,1071322,1,1
2012-06-20,sh.600506,10.3400,2477349,1,1
2012-06-21,sh.600506,10.5000,1099273,1,1
2012-06-25,sh.600506,10.3100,1067854,1,1
2012-06-26,sh.600506,10.2100,1029917,1,1
2012-06-27,sh.600506,10.0400,997910,1,1
2012-06-28,sh.600506,9.6300,1255061,1,1
2012-06-29,sh.600506,9.7800,992167,1,1
2012-07-02,sh.600506,10.0900,821470,1,1
2012-07-03,sh.600506,10.4800,1263554,1,1
2012-07-04,sh.600506,10.5000,1275492,1,1
2012-07-05,sh.600506,10.2800,859850,1,1
2012-07-06,sh.600506,10.2600,1107908,1,1
2012-07-09,sh.600506,9.9900,1418499,1,1
2012-07-10,sh.600506,9.8600,805673,1,1
2012-07-11,sh.600506,10.0700,670993,1,1
2012-07-12,sh.600506,10.1400,497368,1,1
2012-07-13,sh.600506,10.1700,317397,1,1
2012-07-16,sh.600506,9.8900,669531,1,1
2012-07-17,sh.600506,10.3800,2043727,1,1
2012-07-18,sh.600506,10.6400,2218783,1,1
2012-07-19,sh.600506,10.5700,1699347,1,1
2012-07-20,sh.600506,10.8000,1997301,1,1
2012-07-23,sh.600506,10.8000,1642497,1,1
2012-07-24,sh.600506,10.6300,1201289,1,1
2012-07-25,sh.600506,10.7000,970296,1,1
2012-07-26,sh.600506,10.7800,1330721,1,1
2012-07-27,sh.600506,10.2400,2127398,1,1
2012-07-30,sh.600506,9.7300,179100,1,1
2012-07-31,sh.600506,9.2400,109700,1,1
2012-08-01,sh.600506,8.7800,1757900,1,1
2012-08-02,sh.600506,8.3800,4880280,1,1
2012-08-03,sh.600506,8.5100,2227448,1,1
2012-08-06,sh.600506,8.6500,1833194,1,1
2012-08-07,sh.600506,8.9300,2699602,1,1
2012-08-08,sh.600506,9.0700,1486639,1,1
2012-08-09,sh.600506,9.3700,1692806,1,1
2012-08-10,sh.600506,9.3000,1060118,1,1
2012-08-13,sh.600506,9.1900,1036573,1,1
2012-08-14,sh.600506,9.2700,1296114,1,1
2012-08-15,sh.600506,9.3700,824230,1,1
2012-08-16,sh.600506,9.4000,1003810,1,1
2012-08-17,sh.600506,9.7000,1822097,1,1
2012-08-20,sh.600506,9.8100,1644042,1,1
2012-08-21,sh.600506,10.3000,2177065,1,1
2012-08-22,sh.600506,10.3000,0,0,1
2012-08-23,sh.600506,10.3000,0,0,1
2012-08-24,sh.600506,9.9100,11458801,1,0
2012-08-27,sh.600506,8.9800,5296563,1,0
2012-08-28,sh.600506,8.9000,2518525,1,0
2012-08-29,sh.600506,9.1700,2695111,1,0
2012-08-30,sh.600506,9.0300,1768155,1,0
2012-08-31,sh.600506,9.0400,1144993,1,0
2012-09-03,sh.600506,9.0100,1597308,1,0
2012-09-04,sh.600506,9.2900,2417813,1,0
2012-09-05,sh.600506,9.2300,1520596,1,0
2012-09-06,sh.600506,9.4000,1395734,1,0
2012-09-07,sh.600506,9.5500,1890561,1,0
2012-09-10,sh.600506,9.4500,1259248,1,0
