date,volume,tradestatus,isST
2010-01-14,3587281,1,1
2010-01-28,1152594,1,1
2010-02-11,955618,1,1
2010-02-25,2971803,1,1
2010-03-11,1887562,1,1
2010-03-25,2096146,1,1
2010-04-08,2351397,1,1
2010-04-22,1424935,1,1
2010-05-06,1560779,1,1
2010-05-20,801611,1,1
2010-06-03,1125648,1,1
2010-06-17,2182616,1,1
2010-07-01,3728922,1,1
2010-07-15,4934867,1,1
2010-07-29,6406447,1,1
2010-08-12,3684067,1,1
2010-08-26,4319859,1,1
2010-09-09,5966380,1,1
2010-09-27,3094737,1,1
2010-10-08,4352840,1,1
2010-10-21,1883856,1,1
2010-11-04,9936182,1,1
2010-11-18,4024264,1,1
2010-12-02,2125584,1,1
2010-12-16,1488925,1,1
2010-12-30,684103,1,1
2011-01-13,3323483,1,1
2011-01-27,3154790,1,1
2011-02-10,2374072,1,1
2011-02-24,1886717,1,1
2011-03-10,1692335,1,1
2011-03-24,3027870,1,1
2011-04-07,6501558,1,1
2011-04-21,316000,1,1
2011-05-05,2215660,1,1
2011-05-19,8667221,1,1
2011-06-02,2277046,1,1
2011-06-16,1616160,1,1
2011-06-30,1660075,1,1
2011-07-14,2603125,1,1
