symbol,target_date,official_status,isST,tradestatus,volume,close
000018,2010-01-04,proven_ST,1,1,1266465,8.7300
000023,2010-01-04,proven_non_ST,0,1,2009158,9.7700
000502,2010-01-04,proven_non_ST,0,1,2593032,10.0200
000971,2010-01-04,proven_ST,1,1,2391600,5.8400
000982,2010-01-04,proven_non_ST,0,1,4581219,11.4000
002002,2010-01-04,proven_ST,1,1,3305997,10.9700
002013,2010-01-04,proven_non_ST,0,1,1947784,13.9700
002071,2010-01-04,proven_non_ST,0,1,1934379,9.8600
002113,2010-01-04,proven_non_ST,0,1,3794453,9.4500
002260,2010-01-04,proven_non_ST,0,1,2291799,10.0100
600070,2010-01-04,proven_non_ST,0,1,2707356,8.8700
600077,2010-01-04,proven_non_ST,0,1,9347178,11.9600
600242,2010-01-04,proven_ST,1,1,1455015,7.3700
600355,2010-01-04,proven_non_ST,0,1,4794386,7.1400
600385,2010-01-04,proven_ST,1,1,4343701,6.9000
600466,2010-01-04,proven_non_ST,0,1,1945910,10.5000
600532,2010-01-04,proven_non_ST,0,1,4645810,8.8300
600634,2010-01-04,proven_non_ST,0,1,4759150,12.3700
600647,2010-01-04,proven_non_ST,0,1,2661742,19.2000
600656,2010-01-04,proven_ST,1,1,2930064,6.2400
600687,2010-01-04,proven_non_ST,0,1,4131187,10.8600
600766,2010-01-04,proven_non_ST,0,1,1564984,7.8700
600856,2010-01-04,proven_non_ST,0,1,6541950,7.8300
600898,2010-01-04,proven_ST,1,1,3343568,5.6500
000018,2010-01-14,proven_ST,1,1,1368857,9.0900
000023,2010-01-14,proven_non_ST,0,1,3708288,9.8900
000673,2010-01-14,proven_ST,1,1,1567932,8.4400
000971,2010-01-14,proven_ST,1,1,2582041,5.8600
000979,2010-01-14,proven_ST,1,1,3331000,14.3300
000982,2010-01-14,proven_non_ST,0,1,3077626,11.7000
002002,2010-01-14,proven_ST,1,1,1691429,11.2500
002071,2010-01-14,proven_non_ST,0,1,2443666,10.1600
002113,2010-01-14,proven_non_ST,0,1,9511801,10.9800
002260,2010-01-14,proven_non_ST,0,1,6706651,10.7300
600070,2010-01-14,proven_non_ST,0,1,4928006,9.1000
600077,2010-01-14,proven_non_ST,0,1,5907542,11.7100
600083,2010-01-14,proven_ST,1,1,3271783,8.3500
600213,2010-01-14,proven_non_ST,0,1,3660154,8.3900
600242,2010-01-14,proven_ST,1,1,2364577,7.5000
600306,2010-01-14,proven_non_ST,0,1,6000256,10.9800
600355,2010-01-14,proven_non_ST,0,1,16637533,7.7500
600385,2010-01-14,proven_ST,1,1,2719697,6.3500
600466,2010-01-14,proven_non_ST,0,1,5268882,10.3100
600532,2010-01-14,proven_non_ST,0,1,9470252,9.1500
600634,2010-01-14,proven_non_ST,0,1,1874777,11.7500
600647,2010-01-14,proven_non_ST,0,1,1523625,19.1800
600656,2010-01-14,proven_ST,1,1,2837920,6.3800
600687,2010-01-14,proven_non_ST,0,1,4449424,10.3400
600766,2010-01-14,proven_non_ST,0,1,2138805,7.9200
600856,2010-01-14,proven_non_ST,0,1,10709781,8.0000
600898,2010-01-14,proven_ST,1,1,9056222,5.9300
