date,return_raw,holding,next_holding,signal_on,microcap_close,hedge_close,microcap_ret,hedge_ret,microcap_mom,hedge_mom,momentum_gap,ratio_bias_mom,ratio_r2,futures_drag,active_spread_ret,weight,realized_vol,scale_raw,return,nav,entry_exit_cost,rebalance_cost,total_cost,return_net,nav_net,nav_rebased,drawdown
2025-04-09,0.0171786370044626,long_microcap_short_zz1000,long_microcap_short_zz1000,True,192004.2799566379,5652.33,0.0395360977008072,0.0221174606963445,-0.1266593224901878,-0.1422308284152076,0.0155715059250197,-6.39276263214651,0.0694356708101241,0.0002399999999999,0.0174186370044626,1.0,,,0.0171786370044626,62.82886124220877,0.0,0.0,0.0,0.0171786370044626,26.26887125830824,1.0171786370044626,0.0
2025-04-10,0.0180002754165713,long_microcap_short_zz1000,long_microcap_short_zz1000,True,199999.23744714903,5784.59,0.0416394753925104,0.023399199975939,-0.0994562189139633,-0.1251283664527603,0.0256721475387969,-4.377588823062911,0.4107804143520078,0.0002399999999999,0.0182402754165713,1.0,,,0.0180002754165713,63.95979804867808,0.0,0.0,0.0,0.0180002754165713,26.74171817584024,1.0354881326183956,0.0
2025-04-11,-0.010085179784786,long_microcap_short_zz1000,long_microcap_short_zz1000,True,200713.1892652172,5862.19,0.0035697727010426,0.0134149524858286,-0.086181842283286,-0.1070105473534126,0.0208287050701265,-3.461623495857337,0.8130193151083182,0.0002399999999999,-0.009845179784786,1.0,,,-0.010085179784786,63.314751986358544,0.0,0.0,0.0,-0.0100851797847859,26.47202314028281,1.0250450486359268,-0.010085179784785847
2025-04-14,0.0068382641816846,long_microcap_short_zz1000,long_microcap_short_zz1000,True,204747.66510733147,5938.53,0.0201007011890146,0.0130224370073299,-0.0695914119567122,-0.0912814878516801,0.0216900758949678,-1.4324647873304832,0.6615069031344858,0.0002399999999999,0.0070782641816846,1.0,,,0.0068382641816846,63.74771498703911,0.0,0.0,0.0,0.0068382641816846,26.65304582793974,1.032054577476627,-0.0033158807267894552
2025-04-15,0.0151238835875542,long_microcap_short_zz1000,long_microcap_short_zz1000,True,207048.67740990728,5914.03,0.0112382834811306,-0.0041256001064235,-0.0444091690757557,-0.0767421057479302,0.0323329366721745,3.1084941205905623,0.6505557139307053,0.0002399999999999,0.0153638835875542,1.0,,,0.0151238835875542,64.71182800747567,0.0,0.0,0.0,0.0151238835875542,27.056143390295247,1.047663250762386,0.0
2025-04-16,-0.0017967128031132,long_microcap_short_zz1000,long_microcap_short_zz1000,True,203971.79541034016,5835.35,-0.014860669665016,-0.0133039568619028,-0.014930927904201,-0.0825411849052094,0.0676102570010084,7.826295818276032,0.549420509962047,0.0002399999999999,-0.0015567128031132,1.0,,,-0.0017967128031132,64.59555943758178,0.0,0.0,0.0,-0.0017967128031132,27.00753127106304,1.04578090078639,-0.0017967128031131097
2025-04-17,0.0145153606453547,long_microcap_short_zz1000,long_microcap_short_zz1000,True,207128.63129694056,5839.56,0.0154768255103585,0.0007214648650037,0.0010841861468271,-0.0746661257915052,0.0757503119383323,13.49694618397587,0.9279061963247502,0.0002399999999999,0.0147553606453547,1.0,,,0.0145153606453547,65.53318727890674,0.0,0.0,0.0,0.0145153606453547,27.399555327603213,1.0609607877173284,0.0
2025-04-18,-0.0002599295277566,long_microcap_short_zz1000,long_microcap_short_zz1000,True,206845.35517841304,5831.69,-0.0013676338068463,-0.0013477042790897,-0.0278979236487325,-0.0794360140870193,0.0515380904382868,19.32275716460024,0.8690181446941438,0.0002399999999999,-1.9929527756645804e-05,1.0,,,-0.0002599295277566,65.51615326848494,0.0,0.00084,0.00084,-0.0010997111869531,27.369423730091903,1.059794037270157,-0.0010997111869530674
2025-04-21,-0.010247215709336,long_microcap_short_zz1000,long_microcap_short_zz1000,True,209065.40833768417,5952.64,0.0107329127954372,0.0207401285047732,-0.0064122748435913,-0.0594317695223558,0.0530194946787645,24.70405287665585,0.2198421059689149,0.0002399999999999,-0.010007215709336,1.0,,,-0.010247215709336,64.84479511349686,0.0,0.0,0.0,-0.0102472157093359,27.08896334128944,1.0489340991627818,-0.0113356579185383
2025-04-22,0.0059000750968033,long_microcap_short_zz1000,long_microcap_short_zz1000,True,210232.1311828392,5949.31,0.0055806594425726,-0.0005594156542306,0.0196467215224371,-0.0508924241264006,0.0705391456488377,23.449969551666022,0.0845100219325085,0.0002399999999999,0.0061400750968033,1.0,,,0.0059000750968033,65.22738427430332,0.0,0.0,0.0,0.0059000750968032,27.248790259297596,1.05512288911944,-0.005502464054725986
2025-04-23,0.0054398439059042,long_microcap_short_zz1000,long_microcap_short_zz1000,True,212672.56094662385,5984.58,0.011608262495623,0.0059284185897188,0.0404231901931704,-0.0388764423887644,0.0792996325819348,22.719436510388384,2.771121739367393e-06,0.0002399999999999,0.0056798439059042,1.0,,,0.0054398439059042,65.58221106314596,0.0,0.0,0.0,0.0054398439059042,27.397019424932896,1.0608625929377964,-9.255269437735691e-05
2025-04-24,0.0041824460970598,long_microcap_short_zz1000,long_microcap_short_zz1000,True,211335.1878056669,5920.48,-0.006288414147101,-0.0107108602441609,0.009701876799927,-0.0541578533680113,0.0638597301679384,26.00720384012249,0.4024526659752171,0.0002399999999999,0.0044224460970598,1.0,,,0.0041824460970598,65.85650512584357,0.0,0.0,0.0,0.0041824460970598,27.51160598189778,1.0652995935491458,0.0
2025-04-25,-0.0017146835441863,long_microcap_short_zz1000,long_microcap_short_zz1000,True,211702.4659213208,5939.5,0.0017378938144063,0.0032125773585927,0.0081915575519524,-0.0538054084192919,0.0619969659712443,26.5629531436442,0.875647931460253,0.0002399999999999,-0.0014746835441863,1.0,,,-0.0017146835441863,65.74358206022666,0.0,0.0,0.0,-0.0017146835441862,27.464432283846484,1.0634729418664588,-0.0017146835441862462
2025-04-28,0.0071804250940548,long_microcap_short_zz1000,long_microcap_short_zz1000,True,211047.83017300308,5877.06,-0.0030922443225627,-0.0105126694166175,0.0045762048720243,-0.0525852535602247,0.057161458432249,25.198664907465123,0.8847920723189016,0.0002399999999999,0.0074204250940548,1.0,,,0.0071804250940548,66.21564892662497,0.0,0.0,0.0,0.0071804250940548,27.661638582611385,1.071109129665085,0.0
2025-04-29,0.0257457965195087,long_microcap_short_zz1000,long_microcap_short_zz1000,True,217477.23901263805,5903.38,0.0304642262105445,0.0044784296910358,0.193487852862624,0.074037013048446,0.119450839814178,25.46338313215478,0.7106377882172501,0.0002399999999999,0.0259857965195087,1.0,,,0.0257457965195087,67.92042355029707,0.0,0.0,0.0,0.0257457965195087,28.37380950095549,1.0986856873676303,0.0
2025-04-30,0.0159428745924761,long_microcap_short_zz1000,long_microcap_short_zz1000,True,222718.5215274203,5950.12,0.0241003727037276,0.0079174981112515,0.2058269888910544,0.0759671755255857,0.1298598133654687,29.67225583961073,0.8648363437218837,0.0002399999999999,0.0161828745924761,1.0,,,0.0159428745924761,69.00327034522732,0.0,0.0,0.0,0.0159428745924761,28.82616958754003,1.1162018954978807,0.0
2025-05-06,0.0151919087910745,long_microcap_short_zz1000,long_microcap_short_zz1000,True,231874.9394471041,6102.92,0.0411120631409027,0.0256801543498281,0.2076550559157874,0.0797175677994739,0.1279374881163135,34.02491286932467,0.980578473609832,0.0002399999999999,0.0154319087910745,1.0,,,0.0151919087910745,70.05156173459787,0.0,0.0,0.0,0.0151919087910745,29.264094126709985,1.133159132886709,0.0
2025-05-07,0.0114993692545588,long_microcap_short_zz1000,long_microcap_short_zz1000,True,234922.61440044065,6111.49,0.013143615090978,0.0014042458364191,0.1746175505420131,0.0565122160775439,0.1181053344644691,41.24011106075137,0.98021991474247,0.0002399999999999,0.0117393692545588,1.0,,,0.0114993692545588,70.85711050984253,0.0,0.00102,0.00102,0.0104676398979191,29.570420125967196,1.1450206346368053,0.0
2025-05-08,0.0102007742614511,long_microcap_short_zz1000,long_microcap_short_zz1000,True,239166.2846497236,6158.08,0.0180641197958462,0.007623345534395,0.1915823047069191,0.0504743107951124,0.1411079939118067,43.59104800552568,0.9926480448688636,0.0002399999999999,0.0104407742614511,1.0,,,0.0102007742614511,71.57990789897212,0.0,0.0,0.0,0.0102007742614511,29.87206130648845,1.156700731655439,0.0
2025-05-09,0.0053542766774157,long_microcap_short_zz1000,long_microcap_short_zz1000,True,237552.5741534704,6082.08,-0.0067472323643634,-0.0123415090417792,0.1602211631030916,0.024172648786821,0.1360485143162706,45.00648984229829,0.9770839393490652,0.0002399999999999,0.0055942766774157,1.0,,,0.0053542766774157,71.96316653040715,0.0,0.0,0.0,0.0053542766774157,30.03200458764812,1.1628940274056914,0.0
2025-05-12,-0.0067594634245209,long_microcap_short_zz1000,long_microcap_short_zz1000,True,239338.61253446955,6167.46,0.0075184972731352,0.0140379606976561,0.1559533513012296,0.0428523358860202,0.1131010154152094,45.48915936510385,0.7210451013531373,0.0002399999999999,-0.0065194634245209,1.0,,,-0.0067594634245209,71.47673413833215,0.0,0.0,0.0,-0.0067594634245209,29.829004351072864,1.1550334877608488,-0.0067594634245209395
2025-05-13,-0.0008769074872077,long_microcap_short_zz1000,long_microcap_short_zz1000,True,238547.80618511632,6151.01,-0.0033041319199563,-0.0026672244327485,0.1695136854839067,0.0540944416358915,0.1154192438480152,47.79332105865531,0.2168341536229901,0.0002399999999999,-0.0006369074872077,1.0,,,-0.0008769074872077,71.41405565500509,0.0,0.0,0.0,-0.0008769074872077,29.802847073821457,1.1540206302474556,-0.007630443487642191
2025-05-14,-0.0063762342968841,long_microcap_short_zz1000,long_microcap_short_zz1000,True,237447.01946550267,6160.37,-0.004614532982791,0.0015217013140931,0.1463746850385814,0.0549373582941179,0.0914373267444634,45.06789726026175,0.5578557378275557,0.0002399999999999,-0.0061362342968841,1.0,,,-0.0063762342968841,70.95870290405804,0.0,0.0,0.0,-0.006376234296884,29.61281713816457,1.14666232432556,-0.0139580242890599
2025-05-15,0.0271783496769488,long_microcap_short_zz1000,long_microcap_short_zz1000,True,239974.64453524209,6057.04,0.0106450065173659,-0.0167733431595829,0.1601645312666249,0.0386423146635024,0.1215222166031224,45.41555345205512,0.110126018932568,0.0002399999999999,0.0274183496769488,1.0,,,0.0271783496769488,72.88724334420726,0.0,0.0,0.0,0.0271783496769488,30.41764463726515,1.177826713937463,0.0
2025-05-16,0.0027972090934867,long_microcap_short_zz1000,long_microcap_short_zz1000,True,241142.4776487673,6068.12,0.0048664854396887,0.001829276346202,0.1534307830555688,0.0193997957208902,0.1340309873346785,47.1857434939191,0.6219559742994608,0.0002399999999999,0.0030372090934867,1.0,,,0.0027972090934867,73.09112420408886,0.0,0.00042,0.00042,0.0023760342656673,30.48991800320418,1.1806252705687967,0.0
2025-05-19,0.0111878084102119,long_microcap_short_zz1000,long_microcap_short_zz1000,True,244979.9097984822,6095.34,0.0159135469915188,0.0044857385813068,0.1652829109429652,0.0245457036194112,0.140737207323554,47.643669521253386,0.847702884298347,0.0002399999999999,0.0114278084102119,1.0,,,0.0111878084102119,73.90885369817121,0.0,0.0,0.0,0.0111878084102119,30.8310333642671,1.193833879900175,0.0
2025-05-20,0.0120466869976401,long_microcap_short_zz1000,long_microcap_short_zz1000,True,250026.79861026144,6146.02,0.0206012354887825,0.0083145484911424,0.1756420174627637,0.0269759949737493,0.1486660224890144,50.710761514152935,0.9271975571904888,0.0002399999999999,0.0122866869976401,1.0,,,0.0120466869976401,74.79921052502746,0.0,0.0,0.0,0.0120466869976401,31.202445173020223,1.2082156229785108,0.0
2025-05-21,-0.00691057989951,long_microcap_short_zz1000,long_microcap_short_zz1000,True,247795.94857434303,6132.18,-0.0089224437073076,-0.0022518638077976,0.1725257452261266,0.0357572358997919,0.1367685093263346,51.08975936483105,0.795910239573685,0.0002399999999999,-0.00667057989951,1.0,,,-0.00691057989951,74.28230460427399,0.0,0.0,0.0,-0.00691057989951,30.986818182591986,1.1998661523800815,-0.00691057989951005
2025-05-22,-0.0042029266254747,long_microcap_short_zz1000,long_microcap_short_zz1000,True,244143.71728947465,6066.1,-0.0147388660140771,-0.0107759393886024,0.153239836989951,0.0213149254987794,0.1319249114911715,46.4711216652118,0.3201684588179458,0.0002399999999999,-0.0039629266254747,1.0,,,-0.0042029266254747,73.97010152845107,0.0,0.0,0.0,-0.0042029266254747,30.856582859413624,1.1948232029812373,-0.011084461864727668
2025-05-23,0.0026704630704827,long_microcap_short_zz1000,long_microcap_short_zz1000,True,241778.59530405665,5989.68,-0.0096874169512776,-0.0125978800217603,0.1456104291897364,0.0191626425457627,0.1264477866439737,41.21016961484511,0.004965365848167,0.0002399999999999,0.0029104630704827,1.0,,,0.0026704630704827,74.16763595290266,0.0,0.0,0.0,0.0026704630704827,30.93898422442098,1.1980139342205547,-0.008443599440310812
2025-05-26,0.0060381858573786,long_microcap_short_zz1000,long_microcap_short_zz1000,True,244875.2351180012,6028.79,0.0128077500411079,0.0065295641837292,0.1259809818708017,0.0212437620481824,0.1047372198226193,35.86355142195848,0.0222066231852991,0.0002399999999999,0.0062781858573786,1.0,,,0.0060381858573786,74.61547392338868,0.0,0.0,0.0,0.0060381858573785,31.125799561406534,1.2052477650151077,-0.0024563976056580783
2025-05-27,0.0096412866956077,long_microcap_short_zz1000,long_microcap_short_zz1000,True,246469.1608549337,6008.46,0.0065091340746008,-0.0033721526210068,0.1066397135030787,0.0098048442720484,0.0968348692310303,30.85047632708787,0.6864636661214646,0.0002399999999999,0.0098812866956077,1.0,,,0.0096412866956077,75.33486309941271,0.0,0.0,0.0,0.0096412866956077,31.42589231860808,1.2168679042568586,0.0
2025-05-28,-0.0008239840484793,long_microcap_short_zz1000,long_microcap_short_zz1000,True,245340.7382819382,5984.46,-0.0045783519896822,-0.0039943679412028,0.05807354113792,-0.0194103806046941,0.0774839217426142,23.124075272616988,0.9247511224302312,0.0002399999999999,-0.0005839840484793,1.0,,,-0.0008239840484793,75.27278837392441,0.0,0.0,0.0,-0.0008239840484792,31.39999788462832,1.2158652245146446,-0.000823984048479276
2025-05-29,0.0035131751349084,long_microcap_short_zz1000,long_microcap_short_zz1000,True,250571.0764615182,6089.58,0.021318669766003,0.0175654946310945,0.0666111353349905,-0.0035850504541445,0.0701961857891351,14.874298321584169,0.886876741062723,0.0002399999999999,0.0037531751349084,1.0,,,0.0035131751349084,75.53723486237492,0.0,0.0,0.0,0.0035131751349084,31.51031157643277,1.2201367719888094,0.0
2025-05-30,-5.198376558222394e-05,long_microcap_short_zz1000,long_microcap_short_zz1000,True,248025.0715785573,6026.56,-0.0101608091361331,-0.0103488253705509,0.0370402832565135,-0.0213573061733526,0.0583975894298661,9.032106014597858,0.754260873450298,0.0002399999999999,0.0001880162344177,1.0,,,-5.198376558222394e-05,75.5333081524651,0.0,0.00054,0.00054,-0.0005919556943487,31.491658868064395,1.2194145050787464,-0.000591955694348778
2025-06-03,0.0048012307307678,long_microcap_short_zz1000,long_microcap_short_zz1000,True,251064.85698318767,6070.04,0.012255960195006,0.0072147294642381,0.0568812309353787,-0.0019795859311287,0.0588608168665075,4.960484308336345,0.8402757415931428,0.0002399999999999,0.0050412307307678,1.0,,,0.0048012307307678,75.89596099276328,0.0,0.0,0.0,0.0048012307307678,31.642857588384604,1.2252691954740746,0.0
2025-06-04,0.0025090590812453,long_microcap_short_zz1000,long_microcap_short_zz1000,True,253952.57595347185,6123.17,0.0115018844333023,0.008752825352057,0.0610597816384417,-0.0071812383055585,0.0682410199440002,2.28826841866686,0.9511324357501396,0.0002399999999999,0.0027490590812453,1.0,,,0.0025090590812453,76.08638844292201,0.0,0.0,0.0,0.0025090590812453,31.72225138757329,1.228343468275949,0.0
2025-06-05,-0.0056740706703579,long_microcap_short_zz1000,long_microcap_short_zz1000,True,254390.8014681061,6167.01,0.0017256194901309,0.0071596901604888,0.0664143407409725,0.0026011988275096,0.0638131419134628,-0.5451513435577328,0.3513323077498727,0.0002399999999999,-0.0054340706703579,1.0,,,-0.0056740706703579,75.65466889784457,0.0,0.0,0.0,-0.0056740706703578,31.542257091377344,1.221373760629479,-0.005674070670357745
2025-06-06,0.0147572323557049,long_microcap_short_zz1000,long_microcap_short_zz1000,True,257621.443161004,6152.84,0.0126995224444188,-0.002297709911286,0.0849638952761517,-0.0012223291782798,0.0861862244544315,-0.7162441058487574,0.5648207700775462,0.0002399999999999,0.0149972323557049,1.0,,,0.0147572323557049,76.771122425564,0.0,0.0,0.0,0.0147572323557048,32.00773350829818,1.2393978570082491,0.0
2025-06-09,0.0020895760779729,long_microcap_short_zz1000,long_microcap_short_zz1000,True,260990.0581524384,6218.96,0.0130758330909945,0.0107462570130216,0.0875734753473509,0.0267325294203109,0.06084094592704,-0.7852930238574628,0.6432952585290574,0.0002399999999999,0.0023295760779729,1.0,,,0.0020895760779729,76.93154152646359,0.0,0.0,0.0,0.0020895760779728,32.07461610254725,1.2419876731213444,0.0
2025-06-10,-0.0034629734508304,long_microcap_short_zz1000,long_microcap_short_zz1000,True,257745.4535760824,6161.69,-0.0124319087068861,-0.0092089352560557,0.0688513118435232,0.0154199323678503,0.0534313794756728,-3.346422024581812,0.5547426352389694,0.0002399999999999,-0.0032229734508304,1.0,,,-0.0034629734508304,76.66512964062599,0.0,0.0,0.0,-0.0034629734508303,31.96354255853856,1.2376867027830667,-0.0034629734508302423
2025-06-11,0.002325330823802,long_microcap_short_zz1000,long_microcap_short_zz1000,True,259444.88443147167,6186.51,0.006593446486875,0.004028115663073,0.0590455545717532,0.0149573280571715,0.0440882265145816,-6.749554148589797,0.5075735972059798,0.0002399999999999,0.002565330823802,1.0,,,0.002325330823802,76.84340142969012,0.0,0.0,0.0,0.002325330823802,32.037868369287835,1.2405647338232582,-0.0011456951859354358
2025-06-12,0.0009440079592095,long_microcap_short_zz1000,long_microcap_short_zz1000,True,259991.53063062576,6192.22,0.0021069839181913,0.0009229759589817,0.0398546558838968,0.0075170598208271,0.0323375960630696,-11.709872923042012,0.236916170964245,0.0002399999999999,0.0011840079592095,1.0,,,0.0009440079592095,76.91594221225249,0.0,0.0,0.0,0.0009440079592095,32.06811237202455,1.241735836805902,-0.00020276877210023692
2025-06-13,-0.0053675033903475,long_microcap_short_zz1000,long_microcap_short_zz1000,True,255038.7407589411,6106.01,-0.0190498123522383,-0.0139223089618908,0.0292288563484124,-0.0042676503298989,0.0334965066783113,-14.464339895576597,0.1624786025280536,0.0002399999999999,-0.0051275033903475,1.0,,,-0.0053675033903475,76.50309563165645,0.0,0.00054,0.00054,-0.0059046049385167,31.878762837343785,1.2344038772515646,-0.006106176441123878
2025-06-16,0.0090762069470917,long_microcap_short_zz1000,long_microcap_short_zz1000,True,259146.0378360807,6147.46,0.0161046006772036,0.0067883937301118,0.0614487266482397,0.0134122418028057,0.0480364848454339,-16.01245808061334,0.2573114442403688,0.0002399999999999,0.0093162069470917,1.0,,,0.0090762069470917,77.19745355970251,0.0,0.0,0.0,0.0090762069470917,32.168101086072774,1.2456075822977923,0.0
2025-06-17,0.0009419903950256,long_microcap_short_zz1000,long_microcap_short_zz1000,True,259199.83764862927,6141.47,0.0002076042257785,-0.000974386169247,0.072054527087743,0.0253419214382071,0.0467126056495359,-16.389456587070867,0.4018400707132862,0.0002399999999999,0.0011819903950256,1.0,,,0.0009419903950256,77.27017281947619,0.0,0.0,0.0,0.0009419903950256,32.19840312832207,1.246780932676288,0.0
2025-06-18,-0.0024744105572341,long_microcap_short_zz1000,long_microcap_short_zz1000,True,258364.07328961,6135.39,-0.0032244015528752,-0.0009899909956411,0.0550845338243728,0.0176818233841284,0.0374027104402443,-16.1428147734536,0.3838087783311058,0.0002399999999999,-0.0022344105572341,1.0,,,-0.0024744105572341,77.07897468809236,0.0,0.0,0.0,-0.002474410557234,32.11873105969527,1.2436958847739157,-0.0024744105572340747
2025-06-19,-0.014145539147501,long_microcap_short_zz1000,long_microcap_short_zz1000,True,251100.61306697785,6048.22,-0.0281132749230589,-0.0142077357755578,0.0187912037188706,0.0066173362225927,0.0121738674962779,-19.27239712374312,0.0851014338115162,0.0002399999999999,-0.013905539147501,1.0,,,-0.014145539147501,75.9886510341927,0.0,0.0,0.0,-0.014145539147501,31.66439429212229,1.2261031359482604,-0.016584947833330643
2025-06-20,0.0055504667378826,long_microcap_short_zz1000,long_microcap_short_zz1000,True,250535.65793293025,5999.59,-0.0022499153910743,-0.0080403821289569,0.0211743051209953,0.0025282147428506,0.0186460903781446,-22.46596636816164,0.6137910345705879,0.0002399999999999,0.0057904667378826,1.0,,,0.0055504667378826,76.41042351421457,0.0,0.0,0.0,0.0055504667378825,31.840146459415912,1.2329085806215547,-0.011126535296746454
2025-06-23,0.015456249277278,long_microcap_short_zz1000,long_microcap_short_zz1000,True,257751.62224200505,6078.22,0.0288021448468087,0.0131058955695306,0.0286567224034319,-0.0018654816916765,0.0305222040951085,-23.59627442454656,0.0004929803200993,0.0002399999999999,0.015696249277278,1.0,,,0.015456249277278,77.59144206743267,0.0,0.0,0.0,0.015456249277278,32.332275700117684,1.2519647229797366,0.0
2025-06-24,0.0140346171557741,long_microcap_short_zz1000,long_microcap_short_zz1000,True,266369.0803262621,6194.67,0.0334331866053827,0.0191585694496085,0.0739603001864055,0.0278948521212765,0.046065448065129,-22.539137166506947,0.5299275837498825,0.0002399999999999,0.0142746171557741,1.0,,,0.0140346171557741,78.68040825141351,0.0,0.0,0.0,0.0140346171557741,32.78604681134377,1.269535568559292,0.0
2025-06-25,-0.0097036367403631,long_microcap_short_zz1000,long_microcap_short_zz1000,True,267352.30735757854,6276.16,0.0036912205805272,0.0131548573208903,0.0648734775950006,0.0339569426231127,0.0309165349718878,-22.32182909639048,0.7794623315267789,0.0002399999999999,-0.0094636367403631,1.0,,,-0.0097036367403631,77.91692215115833,0.0,0.0,0.0,-0.0097036367403631,32.46790292293395,1.2572164565730222,-0.00970363674036312
2025-06-26,0.0114949616715469,long_microcap_short_zz1000,long_microcap_short_zz1000,True,269281.16917167255,6247.79,0.007214681755165,-0.0045202799163819,0.0603600619550681,0.0203522031888712,0.0400078587661969,-21.108686264948147,0.7178438984213616,0.0002399999999999,0.0117349616715469,1.0,,,0.0114949616715469,78.8125741848508,0.0,0.0,0.0,0.0114949616715469,32.841120222588586,1.271668111554167,0.0
2025-06-27,0.0054452688426225,long_microcap_short_zz1000,long_microcap_short_zz1000,True,272068.4766386929,6276.94,0.0103509186163825,0.00466564977376,0.0694902294759391,0.0178254940400615,0.0516647354358776,-19.41831306808119,0.6715254942044917,0.0002399999999999,0.0056852688426225,1.0,,,0.0054452688426225,79.24172983946644,0.0,0.0007199999999999,0.0007199999999999,0.0047213482490557,32.99617458804853,1.2776720995660333,0.0
2025-06-30,0.0054879506891672,long_microcap_short_zz1000,long_microcap_short_zz1000,True,277061.45998079906,6356.18,0.0183519362617552,0.012623985572588,0.0754596223872783,0.0330481533730764,0.0424114690142019,-17.65398164173969,0.6647804827743513,0.0002399999999999,0.0057279506891672,1.0,,,0.0054879506891672,79.67660454534975,0.0,0.0,0.0,0.0054879506891671,33.177255967118896,1.2846839010453763,0.0
2025-07-01,0.0046476419417835,long_microcap_short_zz1000,long_microcap_short_zz1000,True,279182.37304399844,6373.77,0.0076550273839832,0.0027673854421996,0.0697050110657253,0.0248932297361617,0.0448117813295636,-15.350531654519068,0.9652643588256372,0.0002399999999999,0.0048876419417835,1.0,,,0.0046476419417835,80.04691287441362,0.0,0.0,0.0,0.0046476419417835,33.331451973464965,1.2906546518258089,0.0
2025-07-02,0.0127123527601005,long_microcap_short_zz1000,long_microcap_short_zz1000,True,279982.42617904727,6309.48,0.0028657007472414,-0.010086652012859,0.0862749363546033,0.0239853027335033,0.0622896336211,-11.826729724672408,0.95410773527086,0.0002399999999999,0.0129523527601005,1.0,,,0.0127123527601005,81.0644974682302,0.0,0.0,0.0,0.0127123527601005,33.755173148958,1.3070619090512832,0.0
2025-07-03,0.0003378309840989,long_microcap_short_zz1000,long_microcap_short_zz1000,True,281615.6797644056,6342.64,0.0058334146455101,0.0052555836614112,0.0854547407304535,0.0252371692602129,0.0602175714702406,-9.884761864513338,0.942587961745058,0.0002399999999999,0.0005778309840989,1.0,,,0.0003378309840989,81.09188356718538,0.0,0.0,0.0,0.0003378309840988,33.766576692321344,1.3075034750622962,0.0
2025-07-04,-0.0088723494019446,long_microcap_short_zz1000,long_microcap_short_zz1000,True,277833.12699535873,6312.2,-0.0134316128001511,-0.0047992633982064,0.0686237598642427,0.0193759265659165,0.0492478332983261,-8.143419011719974,0.4187573947837817,0.0002399999999999,-0.0086323494019446,1.0,,,-0.0088723494019446,80.37240804251549,0.0,0.0,0.0,-0.0088723494019445,33.466987825799514,1.295902847387287,-0.00887234940194448
2025-07-07,0.0118439915012349,long_microcap_short_zz1000,long_microcap_short_zz1000,True,281848.04813181463,6327.14,0.0144508366582325,0.0023668451569975,0.1051185686264555,0.0362151388549969,0.0689034297714585,-5.224024124017637,0.3358449090995211,0.0002399999999999,0.0120839915012349,1.0,,,0.0118439915012349,81.32433816030483,0.0,0.0,0.0,0.0118439915012349,33.86337054518022,1.311251509698168,0.0
2025-07-08,-0.0082698003861269,long_microcap_short_zz1000,long_microcap_short_zz1000,True,283173.4810274834,6407.7,0.0047026506106897,0.0127324509968167,0.092717771770838,0.0423329309991442,0.0503848407716938,-4.777184672438434,0.0284241247362743,0.0002399999999999,-0.0080298003861269,1.0,,,-0.0082698003861269,80.65180211718523,0.0,0.0,0.0,-0.0082698003861269,33.58332723037013,1.3004077214569567,-0.008269800386126902
2025-07-09,0.0039146927001338,long_microcap_short_zz1000,long_microcap_short_zz1000,True,283588.53982352425,6390.47,0.001465740345935,-0.0026889523541987,0.0940922741161445,0.0405440391306968,0.0535482349854476,-4.144803489435207,0.0100449851219398,0.0002399999999999,0.0041546927001338,1.0,,,0.0039146927001338,80.96752913818601,0.0,0.0,0.0,0.0039146927001338,33.71479563632507,1.305498418071342,-0.004387481413196115
2025-07-10,-0.0015338532306494,long_microcap_short_zz1000,long_microcap_short_zz1000,True,283936.0841805749,6406.57,0.0012255232784335,0.0025193765090829,0.0989766516891079,0.0441993092533643,0.0547773424357436,-4.34490227973955,0.1215666320365845,0.0002399999999999,-0.0012938532306494,1.0,,,-0.0015338532306494,80.8433368320397,0.0,0.0,0.0,-0.0015338532306493,33.66308208811761,1.3034959751051758,-0.005914604891305353
2025-07-11,-0.0126871340476577,long_microcap_short_zz1000,long_microcap_short_zz1000,True,282818.6369090858,6461.1,-0.0039355592112007,0.008511574836457,0.1263159952287633,0.0682647125931266,0.0580512826356367,-7.716050985679861,0.5940853186128651,0.0002399999999999,-0.0124471340476577,1.0,,,-0.0126871340476577,79.81766658079167,0.0,0.0006,0.0006,-0.0132795217672292,33.21605245677643,1.286186171930271,-0.019115583534135894
2025-07-14,0.0131796829918993,long_microcap_short_zz1000,long_microcap_short_zz1000,True,286666.93811129325,6462.31,0.0136069576045814,0.000187274612682,0.1442161186813397,0.0771252702267988,0.0670908484545409,-8.453189750138675,0.0287238183018458,0.0002399999999999,0.0134196829918993,1.0,,,0.0131796829918993,80.86963812347962,0.0,0.0,0.0,0.0131796829918993,33.65382949839904,1.3031376979448763,-0.006187837873421698
2025-07-15,-0.0123298559683833,long_microcap_short_zz1000,long_microcap_short_zz1000,True,282337.0467354208,6442.83,-0.0151042579391956,-0.0030144019708123,0.0953841697660871,0.0599863117820678,0.0353978579840192,-11.34960460673964,0.3071695398331451,0.0002399999999999,-0.0120898559683833,1.0,,,-0.0123298559683833,79.87252713320183,0.0,0.0,0.0,-0.0123298559683833,33.23888262789925,1.2870701978222454,-0.018441398692070066
2025-07-16,0.0080748448208854,long_microcap_short_zz1000,long_microcap_short_zz1000,True,285527.33058756834,6462.06,0.0112995580602539,0.0029847132393685,0.0719237016467537,0.0431645269239524,0.0287591747228013,-14.077745721228792,0.0156524012757626,0.0002399999999999,0.0083148448208854,1.0,,,0.0080748448208854,80.5174853952544,0.0,0.0,0.0,0.0080748448208853,33.507281447139164,1.2974630899432462,-0.010515465303903238
2025-07-17,-0.0068625958067029,long_microcap_short_zz1000,long_microcap_short_zz1000,True,286888.8701127192,6535.67,0.0047685085779669,0.0113911043846699,0.0730742253479446,0.0413485315861927,0.0317256937617518,-20.238994138236865,0.0020131204612333,0.0002399999999999,-0.0066225958067029,1.0,,,-0.0068625958067029,79.96492643761465,0.0,0.0,0.0,-0.0068625958067028,33.27733451798601,1.28855912518285,-0.017305897722505903
2025-07-18,0.0068054862172208,long_microcap_short_zz1000,long_microcap_short_zz1000,True,289630.0338340763,6552.07,0.0095547928376591,0.0025093066204382,0.075567351125956,0.0487020210346378,0.0268653300913181,-24.92094854996579,0.0274670231291231,0.0002399999999999,0.0070454862172208,1.0,,,0.0068054862172208,80.50912664234691,0.0,0.0,0.0,0.0068054862172208,33.503802959394015,1.2973283965493563,-0.01061818655371205
2025-07-21,0.0138818165683867,long_microcap_short_zz1000,long_microcap_short_zz1000,True,296380.796223188,6612.26,0.023308226359491,0.0091864097911043,0.0893610310347783,0.0534209344043437,0.0359400966304346,-26.061693577008626,0.6560040433391329,0.0002399999999999,0.0141218165683867,1.0,,,0.0138818165683867,81.62673957047699,0.0,0.0,0.0,0.0138818165683867,33.9688966064197,1.3153376713792138,0.0
2025-07-22,-0.0025475212904912,long_microcap_short_zz1000,long_microcap_short_zz1000,True,296810.2925406684,6637.1,0.0014491367961537,0.003756658086645,0.0712796090847063,0.0441963569313643,0.0270832521533419,-26.724484114281232,0.6492994429661585,0.0002399999999999,-0.0023075212904912,1.0,,,-0.0025475212904912,81.41879371354781,0.0,0.0,0.0,-0.0025475212904911,33.88236011910035,1.3119868206571903,-0.0025475212904910727
2025-07-23,0.0065502797880882,long_microcap_short_zz1000,long_microcap_short_zz1000,True,297489.48756018205,6607.22,0.0022883135679017,-0.0045019662201865,0.0655740343366824,0.0366266746368317,0.0289473596998506,-27.87925476525511,0.879293215237926,0.0002399999999999,0.0067902797880882,1.0,,,0.0065502797880882,81.9521095923802,0.0,0.0,0.0,0.0065502797880883,34.10429905776122,1.3205807014107793,0.0
2025-07-24,0.0018601187836908,long_microcap_short_zz1000,long_microcap_short_zz1000,True,302342.0898942595,6701.12,0.0163118447440795,0.0142117259603886,0.0798609542047235,0.0620716762712616,0.0177892779334618,-27.87404167495933,0.8058948487641543,0.0002399999999999,0.0021001187836908,1.0,,,0.0018601187836908,82.10455025079608,0.0,0.0,0.0,0.0018601187836908,34.167737105043166,1.323037138378853,0.0
2025-07-25,0.0040180897725228,long_microcap_short_zz1000,long_microcap_short_zz1000,True,303877.1882596806,6706.61,0.0050773558056635,0.0008192660331407,0.0790492507870959,0.0573846221762546,0.0216646286108412,-27.096855911977503,0.8542236732648002,0.0002399999999999,0.0042580897725228,1.0,,,0.0040180897725228,82.4344537044364,0.0,0.00096,0.00096,0.0030542324063411,34.272093314960735,1.3270780012816827,0.0
2025-07-28,0.0052440953978299,long_microcap_short_zz1000,long_microcap_short_zz1000,True,306602.5768507819,6729.98,0.0089687172857881,0.0034846218879582,0.1035493865204337,0.0661861157757992,0.0373632707446345,-25.3651067109358,0.9772324333984098,0.0002399999999999,0.0054840953978299,1.0,,,0.0052440953978299,82.86674784373045,0.0,0.0,0.0,0.0052440953978298,34.45181944178772,1.3340373249207653,0.0
2025-07-29,-0.0117327512497183,long_microcap_short_zz1000,long_microcap_short_zz1000,True,305078.85382189386,6773.88,-0.0049697006611578,0.0065230505885605,0.0824231561795831,0.0706069408927256,0.0118162152868575,-24.828680339516392,0.106241866217501,0.0002399999999999,-0.0114927512497183,1.0,,,-0.0117327512497183,81.89449290440682,0.0,0.0,0.0,-0.0117327512497182,34.047604814177014,1.3183853968296306,-0.011732751249718065
2025-07-30,0.0065235839136861,long_microcap_short_zz1000,long_microcap_short_zz1000,True,304647.2008417924,6718.48,-0.00141488987091,-0.0081784737845962,0.0758323828078548,0.0485010222076562,0.0273313606001985,-22.017425364037564,0.0195020193191465,0.0002399999999999,0.0067635839136861,1.0,,,0.0065235839136861,82.42873850093748,0.0,0.0,0.0,0.0065235839136861,34.269717221242324,1.326985994596427,-0.005285706923347955
2025-07-31,-0.0063554677268305,long_microcap_short_zz1000,long_microcap_short_zz1000,True,300186.3450643534,6661.19,-0.0146426941232773,-0.0085272263964467,0.0585277714365957,0.042363081275712,0.0161646901608836,-20.377306783398414,0.266235417730293,0.0002399999999999,-0.0061154677268305,1.0,,,-0.0063554677268305,81.90486531363142,0.0,0.0,0.0,-0.0063554677268304,34.05191713943511,1.3185523779338135,-0.011607581510413523
2025-08-01,0.0203277035944309,long_microcap_short_zz1000,long_microcap_short_zz1000,True,306778.69177878235,6670.47,0.0219608480626116,0.0013931444681807,0.0804498225864107,0.0411920887463963,0.0392577338400144,-17.135656458460115,0.1285875255127979,0.0002399999999999,0.0205677035944309,1.0,,,0.0203277035944309,83.5698031386687,0.0,0.0,0.0,0.0203277035944309,34.74411441786767,1.3453555198461842,0.0
2025-08-04,0.0039124484610344,long_microcap_short_zz1000,long_microcap_short_zz1000,True,311236.0414741592,6739.69,0.014529528336965,0.0103770798759306,0.100479250150012,0.0431180449149524,0.0573612052350596,-12.43820720280317,0.7617558072375703,0.0002399999999999,0.0041524484610344,1.0,,,0.0039124484610344,83.89676568634754,0.0,0.0,0.0,0.0039124484610344,34.88004897485186,1.3506191539793506,0.0
2025-08-05,0.0072701714589886,long_microcap_short_zz1000,long_microcap_short_zz1000,True,315780.3995525598,6787.48,0.0146010020461522,0.0070908305871635,0.1015584902573025,0.0503179203721269,0.0512405698851756,-8.332475378750193,0.8319627877667594,0.0002399999999999,0.0075101714589886,1.0,,,0.0072701714589886,84.50670955774189,0.0,0.0,0.0,0.0072701714589886,35.13363291139696,1.3604383868045746,0.0
2025-08-06,-0.0052450951292537,long_microcap_short_zz1000,long_microcap_short_zz1000,True,317634.75205243804,6861.31,0.0058722849882568,0.0108773801175106,0.1250197440440568,0.0649528235263077,0.060066920517749,-5.073521966060954,0.7060346263402407,0.0002399999999999,-0.0050050951292537,1.0,,,-0.0052450951292537,84.06346382705131,0.0,0.0,0.0,-0.0052450951292537,34.9493536645404,1.3533027580482961,-0.005245095129253752
2025-08-07,0.0008978002141155,long_microcap_short_zz1000,long_microcap_short_zz1000,True,318035.04356673395,6862.15,0.0012602258150575,0.0001224256009419,0.1138514933483603,0.0619136931566712,0.051937800191689,-2.549478218281997,0.4337642170558965,0.0002399999999999,0.0011378002141155,1.0,,,0.0008978002141155,84.13893602287453,0.0,0.0,0.0,0.0008978002141155,34.98073120174363,1.354517753554235,-0.004352003962668327
2025-08-08,0.0128485493764116,long_microcap_short_zz1000,long_microcap_short_zz1000,True,321084.42357838934,6838.13,0.009588188702279,-0.0035003606741326,0.1191944234442927,0.0462783463669371,0.0729160770773555,-0.7246239687461932,0.5118618462615742,0.0002399999999999,0.0130885493764116,1.0,,,0.0128485493764116,85.21999929684318,0.0,0.00054,0.00054,0.0123016111597484,35.411050555071164,1.3711805042674352,0.0
2025-08-11,0.0027964706628387,long_microcap_short_zz1000,long_microcap_short_zz1000,True,327027.6960162406,6943.94,0.018509999244483,0.0154735285816443,0.1291221828313173,0.0598085795786675,0.0693136032526497,2.5699279393996624,0.6185480495092528,0.0002399999999999,0.0030364706628387,1.0,,,0.0027964706628387,85.45831452476395,0.0,0.0,0.0,0.0027964706628387,35.51007651908872,1.3750149703210754,0.0
2025-08-12,-0.0059197879571029,long_microcap_short_zz1000,long_microcap_short_zz1000,True,326096.61474645755,6963.61,-0.0028471021908088,0.0028326857662941,0.1002622939878068,0.0531361440717697,0.0471261499160371,2.2449452825280347,0.6266809527366309,0.0002399999999999,-0.005679787957103,1.0,,,-0.0059197879571029,84.95241942360593,0.0,0.0,0.0,-0.0059197879571029,35.299864395755215,1.3668751732589326,-0.005919787957102907
2025-08-13,-0.0224665544839029,long_microcap_short_zz1000,long_microcap_short_zz1000,True,323565.19450414507,7064.33,-0.0077627921537323,0.0144637623301706,0.0901414224367262,0.0643699808651367,0.0257714415715895,-0.7637736385783256,0.1310520601722226,0.0002399999999999,-0.0222265544839029,1.0,,,-0.0224665544839029,83.04383126408611,0.0,0.0,0.0,-0.0224665544839028,34.50679806903359,1.3361661977062167,-0.028253345202334246
2025-08-14,-0.0204819735091211,long_microcap_short_zz1000,cash,False,312992.28964266187,6976.49,-0.032676273718766,-0.0124343002096448,0.0521121005304217,0.0558888609732988,-0.0037767604428771,-8.069835795166973,0.8211186946091434,0.0002399999999999,-0.0202419735091211,1.0,,,-0.0204819735091211,81.34292971203917,0.0,0.0,0.0,-0.020481973509121,33.80003074509906,1.308798877041015,-0.04815663444347695
2025-08-15,0.0,cash,cash,False,315002.5385166537,7117.5,0.006422678578718,0.0202121697300505,0.0418745819572194,0.0621358817630486,-0.0202612998058291,-16.175016378123427,0.9750502391778894,0.0,0.0,1.0,,,0.0,81.34292971203917,0.003,0.0,0.003,-0.003,33.69863065286376,1.304872480409892,-0.051012164540146676
2025-08-18,0.0,cash,cash,False,318201.2109159154,7237.6,0.0101544337208334,0.0168739023533543,0.0471375384847714,0.0791741282108249,-0.0320365897260535,-23.15058729307627,0.9570354787105144,0.0,0.0,1.0,,,0.0,81.34292971203917,0.0,0.0,0.0,0.0,33.69863065286376,1.304872480409892,-0.051012164540146676
2025-08-19,0.0,cash,cash,False,324704.8539442285,7242.85,0.0204387752315364,0.0007253785785343,0.0590415034321667,0.0762067643588837,-0.0171652609267169,-27.386484501058312,0.4066442890018147,0.0,0.0,1.0,,,0.0,81.34292971203917,0.0,0.0,0.0,0.0,33.69863065286376,1.304872480409892,-0.051012164540146676
2025-08-20,0.0,cash,cash,False,326420.10694014485,7305.46,0.005282498783375,0.0086443872232615,0.0699532361908967,0.0784749656031698,-0.008521729412273,-31.147802972069115,0.0070821991675915,0.0,0.0,1.0,,,0.0,81.34292971203917,0.0,0.0,0.0,0.0,33.69863065286376,1.304872480409892,-0.051012164540146676
2025-08-21,0.0,cash,long_microcap_short_zz1000,True,330504.7478936727,7253.34,0.0125134477523987,-0.0071343898946815,0.0848770216185526,0.0796102689894142,0.0052667526291383,-31.81762235013047,0.7430838195206352,0.0,0.0,1.0,,,0.0,81.34292971203917,0.0,0.0,0.0,0.0,33.69863065286376,1.304872480409892,-0.051012164540146676
2025-08-22,-0.0215339852065491,long_microcap_short_zz1000,cash,False,328461.00403919147,7362.94,-0.0061837049770273,0.0151102802295217,0.0941903568890738,0.105349044239843,-0.0111586873507691,-34.82057567523092,0.3127711570604505,0.0002399999999999,-0.0212939852065491,1.0,,,-0.0215339852065491,79.59129226696275,0.003,0.0,0.003,-0.0244693832509295,32.87404594438732,1.2729430555931514,-0.07423331158648372
2025-08-25,0.0,cash,cash,False,328562.3701069608,7477.73,0.0003086091393584,0.0155902397683533,0.0710077945827041,0.1210199581138959,-0.0500121635311918,-39.3774145139569,0.254939241874065,0.0,0.0,1.0,,,0.0,79.59129226696275,0.003,0.0,0.003,-0.003,32.77542380655416,1.2691242264263718,-0.0770106116517244
2025-08-26,0.0,cash,cash,False,333241.17178108176,7476.47,0.0142402237742496,-0.0001685003336573,0.070702384603968,0.1093195681106995,-0.0386171835067314,-42.6139490165429,0.252440993772795,0.0,0.0,1.0,,,0.0,79.59129226696275,0.0,0.0,0.0,0.0,32.77542380655416,1.2691242264263718,-0.0770106116517244
2025-08-27,0.0,cash,cash,False,318556.1697717997,7336.5,-0.044067189929728,-0.0187214019450355,0.0087901916115535,0.0808871628351024,-0.0720969712235488,-48.61458070656127,0.7199072348531581,0.0,0.0,1.0,,,0.0,79.59129226696275,0.0,0.0,0.0,0.0,32.77542380655416,1.2691242264263718,-0.0770106116517244
2025-08-28,0.0,cash,cash,False,316486.71097554505,7447.11,-0.0064963701620882,0.0150766714373338,-0.0036143434226726,0.0853772821808078,-0.0889916256034805,-56.287193521818935,0.7230488930344072,0.0,0.0,1.0,,,0.0,79.59129226696275,0.0,0.0,0.0,0.0,32.77542380655416,1.2691242264263718,-0.0770106116517244
2025-08-29,0.0,cash,cash,False,311183.87649245746,7438.68,-0.0167553148337319,-0.0011319827422986,-0.0215421766024311,0.0840159425253019,-0.1055581191277331,-62.5958199850559,0.8188847159382743,0.0,0.0,1.0,,,0.0,79.59129226696275,0.0,0.0,0.0,0.0,32.77542380655416,1.2691242264263718,-0.0770106116517244
2025-09-01,0.0,cash,cash,False,316793.4443007854,7501.15,0.018026537465748,0.0083979953432598,-0.0133640219285079,0.0969592564048942,-0.1103232783334021,-65.45703331727817,0.8161329692169415,0.0,0.0,1.0,,,0.0,79.59129226696275,0.0,0.0,0.0,0.0,32.77542380655416,1.2691242264263718,-0.0770106116517244
2025-09-02,0.0,cash,cash,False,314837.21473536355,7313.88,-0.0061750948468634,-0.0249655052891889,-0.037276602041289,0.0532752299127008,-0.0905518319539898,-64.30847795001631,0.0639732325237338,0.0,0.0,1.0,,,0.0,79.59129226696275,0.0,0.0,0.0,0.0,32.77542380655416,1.2691242264263718,-0.0770106116517244
2025-09-03,0.0,cash,cash,False,307133.2732245142,7206.88,-0.0244696025446828,-0.014629717742156,-0.0581525249401545,0.0349344664620794,-0.0930869914022339,-63.77623750185961,0.2587484718929445,0.0,0.0,1.0,,,0.0,79.59129226696275,0.0,0.0,0.0,0.0,32.77542380655416,1.2691242264263718,-0.0770106116517244
2025-09-04,0.0,cash,cash,False,311613.6165998677,7041.15,0.0145876196620298,-0.0229960815221011,-0.0369371555015144,-0.003281273666434,-0.0336558818350803,-56.44554813808368,0.7879521919752659,0.0,0.0,1.0,,,0.0,79.59129226696275,0.0,0.0,0.0,0.0,32.77542380655416,1.2691242264263718,-0.0770106116517244
2025-09-05,0.0,cash,cash,False,317110.9353126766,7245.67,0.0176414585883382,0.0290463915695589,0.0131589365179471,0.0385838724057514,-0.0254249358878042,-48.67130707305787,0.6687295224832441,0.0,0.0,1.0,,,0.0,79.59129226696275,0.0,0.0,0.0,0.0,32.77542380655416,1.2691242264263718,-0.0770106116517244
2025-09-08,0.0,cash,long_microcap_short_zz1000,True,323688.97526126367,7311.03,0.0207436553460416,0.0090205598654091,0.0275757674383019,0.027190727081138,0.0003850403571639,-38.43923634878913,0.5944065347983291,0.0,0.0,1.0,,,0.0,79.59129226696275,0.0,0.0,0.0,0.0,32.77542380655416,1.2691242264263718,-0.0770106116517244
2025-09-09,0.0056800767971622,long_microcap_short_zz1000,long_microcap_short_zz1000,True,321841.94381855096,7226.03,-0.005706192004908,-0.0116262688020702,0.0114416060584936,-0.0015985962197414,0.0130402022782351,-27.881191018262943,0.6378065650219105,0.0002399999999999,0.0059200767971622,1.0,,,0.0056800767971622,80.04337691942449,0.003,0.0,0.003,0.0026630365667705,32.862705958642415,1.2725039506491196,-0.07455265715981174
2025-09-10,0.0054066973117565,long_microcap_short_zz1000,cash,False,323843.6803451544,7230.17,0.0062196260153462,0.0005729287035896,-0.0026521734695779,-0.0017506920618265,-0.0009014814077513,-18.98221873796124,0.5824631454003718,0.0002399999999999,0.0056466973117565,1.0,,,0.0054066973117565,80.47614723023867,0.0,0.0,0.0,0.0054066973117565,33.04038466260605,1.2793839943382939,-0.0695490434991054
2025-09-11,0.0,cash,cash,False,324606.6124501048,7399.89,0.0023558653487918,0.0234738602273529,-0.0055557070519941,0.0129259485371215,-0.0184816555891157,-15.652171060478146,0.0680273251111027,0.0,0.0,1.0,,,0.0,80.47614723023867,0.003,0.0,0.003,-0.003,32.941263508618235,1.275545842355279,-0.072340396368608
2025-09-12,0.0,cash,cash,False,321681.2763113771,7422.88,-0.0090119425376071,0.0031068029389624,-0.0266969586322984,0.0233740593988425,-0.050071018031141,-15.71842014931528,0.4922654201725405,0.0,0.0,1.0,,,0.0,80.47614723023867,0.0,0.0,0.0,0.0,32.941263508618235,1.275545842355279,-0.072340396368608
2025-09-15,0.0,cash,cash,False,321792.5404239939,7415.57,0.0003458830861795,-0.0009847929644558,-0.0203021470834994,0.0071479599181849,-0.0274501070016843,-15.934209577975055,0.805761556043032,0.0,0.0,1.0,,,0.0,80.47614723023867,0.0,0.0,0.0,0.0,32.941263508618235,1.275545842355279,-0.072340396368608
2025-09-16,0.0,cash,cash,False,326696.15368430683,7483.63,0.0152384304926769,0.009177986317977,-0.0056799457042097,0.000789009498872,-0.0064689552030817,-12.471878169068985,0.5432137428513912,0.0,0.0,1.0,,,0.0,80.47614723023867,0.0,0.0,0.0,0.0,32.941263508618235,1.275545842355279,-0.072340396368608
2025-09-17,0.0,cash,cash,False,325619.2365730771,7554.81,-0.0032963874814099,0.0095114269412037,-0.0228721294168651,0.0104782069613065,-0.0333503363781716,-10.646283955599518,0.4188595803090238,0.0,0.0,1.0,,,0.0,80.47614723023867,0.0,0.0,0.0,0.0,32.941263508618235,1.275545842355279,-0.072340396368608
2025-09-18,0.0,cash,cash,False,318904.19513907604,7476.4,-0.0206223732500338,-0.0103788182628021,0.001092508638353,0.0190690383697949,-0.0179765297314418,-7.043746303340196,0.4846573174285048,0.0,0.0,1.0,,,0.0,80.47614723023867,0.0,0.0,0.0,0.0,32.941263508618235,1.275545842355279,-0.072340396368608
2025-09-19,0.0,cash,cash,False,314811.20203553373,7438.19,-0.0128345539692801,-0.0051107484885773,-0.0052940893942962,-0.0011977800784465,-0.0040963093158497,-6.745947162738128,0.844981398238912,0.0,0.0,1.0,,,0.0,80.47614723023867,0.0,0.0,0.0,0.0,32.941263508618235,1.275545842355279,-0.072340396368608
2025-09-22,0.0,cash,cash,False,312322.47203901794,7489.48,-0.0079054683582538,0.006895494737295,0.0036589156205464,0.0068291686159371,-0.0031702529953907,-9.762625584843311,0.9916962250447896,0.0,0.0,1.0,,,0.0,80.47614723023867,0.0,0.0,0.0,0.0,32.941263508618235,1.275545842355279,-0.072340396368608
2025-09-23,0.0,cash,cash,False,308073.4092740638,7408.07,-0.0136047295515236,-0.0108699135320475,-0.0275259326971496,-0.0124087639895216,-0.015117168707628,-10.47237095289666,0.9718937933357592,0.0,0.0,1.0,,,0.0,80.47614723023867,0.0,0.0,0.0,0.0,32.941263508618235,1.275545842355279,-0.072340396368608
2025-09-24,0.0,cash,cash,False,317021.81460489763,7534.22,0.0290463411039585,0.0170287267803894,0.0069388235166873,0.0301262804421182,-0.0231874569254308,-12.641753528917254,0.4610805957390639,0.0,0.0,1.0,,,0.0,80.47614723023867,0.0,0.0,0.0,0.0,32.941263508618235,1.275545842355279,-0.072340396368608
2025-09-25,0.0,cash,cash,False,315032.4178735856,7506.51,-0.0062752676303724,-0.0036778857001786,0.0257189478891044,0.0415755500299712,-0.0158566021408668,-18.05584571278875,0.0322668023592978,0.0,0.0,1.0,,,0.0,80.47614723023867,0.0,0.0,0.0,0.0,32.941263508618235,1.275545842355279,-0.072340396368608
2025-09-26,0.0,cash,cash,False,315260.37995856843,7397.59,0.0007236146886773,-0.0145100719242364,0.0117028369892557,0.0506224125320438,-0.038919575542788,-23.031034401053144,0.7560928078183698,0.0,0.0,1.0,,,0.0,80.47614723023867,0.0,0.0,0.0,0.0,32.941263508618235,1.275545842355279,-0.072340396368608
2025-09-29,0.0,cash,cash,False,321338.33390235656,7497.83,0.0192791556762916,0.0135503589682586,0.0133309770144371,0.0348014745358262,-0.021470497521389,-25.546410011902186,0.9050726260567132,0.0,0.0,1.0,,,0.0,80.47614723023867,0.0,0.0,0.0,0.0,32.941263508618235,1.275545842355279,-0.072340396368608
2025-09-30,0.0,cash,cash,False,323334.5762374113,7574.96,0.0062122757369535,0.0102869763651616,-0.0010948751762901,0.036100248528593,-0.0371951237048832,-26.52108999610684,0.7143033904771187,0.0,0.0,1.0,,,0.0,80.47614723023867,0.0,0.0,0.0,0.0,32.941263508618235,1.275545842355279,-0.072340396368608
2025-10-09,0.0,cash,cash,False,321786.0360838482,7648.05,-0.0047892810338541,0.0096488958357536,-0.0001737117730504,0.0584027467364514,-0.0585764585095018,-29.530780922111354,0.0126720186487992,0.0,0.0,1.0,,,0.0,80.47614723023867,0.0,0.0,0.0,0.0,32.941263508618235,1.275545842355279,-0.072340396368608
2025-10-10,0.0,cash,cash,False,325331.3031266863,7533.82,0.0110174670286633,-0.0149358333169893,0.0045936446249201,0.0419976293780091,-0.0374039847530889,-24.2422006768491,0.018594361503139,0.0,0.0,1.0,,,0.0,80.47614723023867,0.0,0.0,0.0,0.0,32.941263508618235,1.275545842355279,-0.072340396368608
2025-10-13,0.0,cash,cash,False,324778.2593203738,7519.76,-0.0016999403408073,-0.0018662511182905,0.0005287842689754,0.0161988894429512,-0.0156701051739758,-19.86900879448527,0.1606733842606578,0.0,0.0,1.0,,,0.0,80.47614723023867,0.0,0.0,0.0,0.0,32.941263508618235,1.275545842355279,-0.072340396368608
2025-10-14,0.0,cash,long_microcap_short_zz1000,True,324447.4185667796,7373.15,-0.0010186665643401,-0.0194966328712619,0.0085990154202351,-0.0066995559674951,0.0152985713877302,-11.191935551583052,0.6942617711541902,0.0,0.0,1.0,,,0.0,80.47614723023867,0.0,0.0,0.0,0.0,32.941263508618235,1.275545842355279,-0.072340396368608
2025-10-15,-0.0076755351287911,long_microcap_short_zz1000,long_microcap_short_zz1000,True,326888.6095052562,7483.45,0.0075241496734983,0.0149596848022894,0.0158365047074979,0.0091537130658869,0.006682791641611,-2.78597005926284,0.7602363720699409,0.0002399999999999,-0.0074355351287911,1.0,,,-0.0076755351287911,79.8584497351432,0.003,0.0,0.003,-0.0106525085234048,32.59035641832096,1.2619580793975957,-0.08222229820310989
2025-10-16,-0.0020413410507803,long_microcap_short_zz1000,cash,False,322734.9212745657,7401.84,-0.0127067389621714,-0.0109053979113911,-0.0121251271711296,-0.0109291881079102,-0.0011959390632194,6.439636985342271,0.3618026246914819,0.0002399999999999,-0.0018013410507803,1.0,,,-0.0020413410507803,79.69543140344717,0.0,0.0,0.0,-0.0020413410507803,32.52382838590468,1.2593819925657574,-0.08409579550127877
2025-10-17,0.0,cash,long_microcap_short_zz1000,True,320169.4537844522,7185.48,-0.0079491474922569,-0.0292305696961837,-0.0167366733181373,-0.0488867357352469,0.0321500624171096,15.8834160055199,0.5232004380024724,0.0,0.0,1.0,,,0.0,79.69543140344717,0.003,0.0,0.003,-0.003,32.426256900746964,1.2556038465880601,-0.08684350811477493
2025-10-20,0.0167739111888241,long_microcap_short_zz1000,long_microcap_short_zz1000,True,328009.54433705704,7239.18,0.0244873158883014,0.0074734046994773,0.0285519893960946,-0.0317291744689957,0.0602811638650903,25.297404094325746,0.6024058203287255,0.0002399999999999,0.0170139111888241,1.0,,,0.0167739111888241,81.03223549196362,0.003,0.0,0.003,0.0137235894552576,32.87126153802353,1.272835238297077,-0.07431172331173885
2025-10-21,0.0118412357697221,long_microcap_short_zz1000,long_microcap_short_zz1000,True,336723.99797454826,7344.05,0.0265676831297823,0.0144864473600601,0.0696061505986092,-0.0126563048268462,0.0822624554254554,35.62246385239874,0.9350303971689043,0.0002399999999999,0.0120812357697221,1.0,,,0.0118412357697221,81.9917572973716,0.0,0.0,0.0,0.0118412357697221,33.260497895943466,1.287907180449763,-0.06335043017820541
2025-10-22,0.0146481169783146,long_microcap_short_zz1000,long_microcap_short_zz1000,True,340277.323256902,7312.21,0.0105526345129174,-0.0043354824653971,0.0895063715248505,-0.0236691999978636,0.1131755715227141,48.83611413896969,0.989441871032878,0.0002399999999999,0.0148881169783146,1.0,,,0.0146481169783146,83.19278214952108,0.0,0.0,0.0,0.0146481169783145,33.747701559880234,1.3067725954862024,-0.049630277711767756
2025-10-23,0.0054166527652712,long_microcap_short_zz1000,long_microcap_short_zz1000,True,342010.89302762545,7308.1,0.005094579192439,-0.0005620735728322,0.1101603797404362,-0.0134947428952478,0.1236551226356841,59.81275920396978,0.9801025689306117,0.0002399999999999,0.0056566527652712,1.0,,,0.0054166527652712,83.6434085630019,0.0,0.0,0.0,0.0054166527652712,33.93050114085611,1.3138509288791234,-0.04448245492750513
2025-10-24,-0.0046236481202383,long_microcap_short_zz1000,long_microcap_short_zz1000,True,345712.8651136033,7419.24,0.0108241350244913,0.0152077831447297,0.0905018178148502,-0.0152610356480167,0.1057628534628669,67.0012526938646,0.804887226193112,0.0002399999999999,-0.0043836481202383,1.0,,,-0.0046236481202383,83.25667087422924,0.0,0.00048,0.00048,-0.0051014287691406,33.757407106184786,1.3071484119521775,-0.049356959621356444
2025-10-27,-0.0083843400955294,long_microcap_short_zz1000,long_microcap_short_zz1000,True,346445.14254948834,7495.38,0.002118166576313,0.0102625066718424,0.099712673660486,-0.0014827130051116,0.1011953866655976,70.76143818327947,0.1173079904005427,0.0002399999999999,-0.0081443400955294,1.0,,,-0.0083843400955294,82.55861863039814,0.0,0.0,0.0,-0.0083843400955293,33.47437352426329,1.2961888351110393,-0.05732747418133899
2025-10-28,0.010100860045662,long_microcap_short_zz1000,long_microcap_short_zz1000,True,349280.7493703224,7479.22,0.0081848652862235,-0.0021559947594385,0.1079119723709809,0.0110346748062544,0.0968772975647265,71.57771171143389,0.031982786013161,0.0002399999999999,0.010340860045662,1.0,,,0.010100860045662,83.39253168274698,0.0,0.0,0.0,0.010100860045662,33.81249348634809,1.3092814571272455,-0.04780567092915411
2025-10-29,-0.0285454867222698,long_microcap_short_zz1000,long_microcap_short_zz1000,True,343592.53188459226,7569.12,-0.0162855167253985,0.0120199699968712,0.0692547251116262,0.0095080843390686,0.0597466407725575,64.76456196000879,0.5569018197834026,0.0002399999999999,-0.0283054867222698,1.0,,,-0.0285454867222698,81.01205127686066,0.0,0.0,0.0,-0.0285454867222697,32.847299402486705,1.2719073806771057,-0.07498652150666651
2025-10-30,0.0017909850367101,long_microcap_short_zz1000,long_microcap_short_zz1000,True,340475.45254136925,7485.08,-0.0090720229747891,-0.0111030080114993,0.0530128157137519,-0.0118654091902795,0.0648782249040315,59.85184409088109,0.6213268903550125,0.0002399999999999,0.0020309850367101,1.0,,,0.0017909850367101,81.15714264849072,0.0,0.0,0.0,0.0017909850367101,32.906128424212895,1.2741853477639797,-0.07332983620792966
2025-10-31,0.0139882447804653,long_microcap_short_zz1000,long_microcap_short_zz1000,True,346301.88962051127,7506.67,0.0171126494895665,0.0028844047091012,0.0761868160440464,-0.0184857578075456,0.0946725738515921,54.59024742734599,0.1629338061325882,0.0002399999999999,0.0142282447804653,1.0,,,0.0139882447804653,82.29238862554095,0.0,0.0,0.0,0.0139882447804653,33.366427403388215,1.2920089643041845,-0.060367347126052295
2025-11-03,0.0123953371771719,long_microcap_short_zz1000,long_microcap_short_zz1000,True,352128.3997119797,7538.12,0.0168249445530122,0.0041896073758402,0.0823686387622479,0.0005707595880974,0.0817978791741504,52.86673054621768,0.0362851772659397,0.0002399999999999,0.0126353371771719,1.0,,,0.0123953371771719,83.3124305296694,0.0,0.0,0.0,0.0123953371771718,33.78001552145084,1.3080238510526636,-0.04872028357099922
2025-11-04,0.0203578175516742,long_microcap_short_zz1000,long_microcap_short_zz1000,True,354598.5294553533,7435.73,0.0070148552215441,-0.0135829623301301,0.0918173223705949,-0.0111745587625138,0.1029918811331087,54.40270835993438,0.9375152291871648,0.0002399999999999,0.0205978175516742,1.0,,,0.0203578175516742,85.00848979017896,0.0,0.0,0.0,0.020357817551674,34.46770291432926,1.3346523619656319,-0.029354304663329334
2025-11-05,0.0090207444693899,long_microcap_short_zz1000,long_microcap_short_zz1000,True,359271.5407313958,7464.86,0.0131783154409017,0.0039175709715117,0.1073336392024599,0.0124383743718763,0.0948952648305836,55.66848540357742,0.989465605918964,0.0002399999999999,0.0092607444693899,1.0,,,0.0090207444693899,85.7753296543049,0.0,0.0,0.0,0.0090207444693899,34.77862725476627,1.3466919198783915,-0.020598357875383888
2025-11-06,-0.0105462181259629,long_microcap_short_zz1000,long_microcap_short_zz1000,True,359754.53416607506,7551.83,0.0013443687571133,0.0116505868830762,0.100541663750723,0.0091374967428123,0.0914041670079106,49.10955718662678,0.7390961111133205,0.0002399999999999,-0.0103062181259629,1.0,,,-0.0105462181259629,84.87072431794421,0.0,0.0,0.0,-0.0105462181259629,34.41184426561595,1.3324894131428822,-0.03092734122615648
2025-11-07,0.0049411811176933,long_microcap_short_zz1000,long_microcap_short_zz1000,True,361144.488863868,7541.88,0.0038636196789427,-0.0013175614387506,0.1190127409752026,0.0189196199863816,0.1000931209888209,46.97567035626923,0.4552321742070621,0.0002399999999999,0.0051811811176933,1.0,,,0.0049411811176933,85.290085938389,0.0,0.0007199999999999,0.0007199999999999,0.0042176234672886,34.55698046754329,1.3381093517616671,-0.02684015763900416
2025-11-10,0.0070423765289071,long_microcap_short_zz1000,long_microcap_short_zz1000,True,364797.7858977401,7563.25,0.0101158875367726,0.0028335110078654,0.1393897249902329,0.0525740799501217,0.0868156450401111,43.62698618301895,0.2596481100191394,0.0002399999999999,0.0072823765289071,1.0,,,0.0070423765289071,85.89073083774998,0.0,0.0,0.0,0.0070423765289071,34.80034373569782,1.3475328216536246,-0.019986799606286132
2025-11-11,0.0113621345611859,long_microcap_short_zz1000,long_microcap_short_zz1000,True,367946.90705769433,7540.79,0.008632511713865,-0.0029696228473209,0.1217567092486746,0.041663558579839,0.0800931506688356,44.51835789710235,0.4925626572873251,0.0002399999999999,0.0116021345611859,1.0,,,0.0113621345611859,86.86663287908712,0.0,0.0,0.0,0.0113621345611858,35.19574992399834,1.3628436708988676,-0.00885175775167435
2025-11-12,0.0025402737851175,long_microcap_short_zz1000,long_microcap_short_zz1000,True,366315.0071144827,7486.38,-0.0044351505934951,-0.0072154243786127,0.0878791215295891,0.0193803146765068,0.0684988068530823,42.80000372053564,0.971637360816222,0.0002399999999999,0.0027802737851175,1.0,,,0.0025402737851175,87.08729790939131,0.0,0.0,0.0,0.0025402737851174,35.285156764877826,1.3663056669492653,-0.006333969854725674
2025-11-13,-0.0069175429516023,long_microcap_short_zz1000,long_microcap_short_zz1000,True,368967.5184690189,7590.58,0.0072410665766342,0.0139186095282366,0.084314155693697,0.038069202060663,0.046244953633034,37.07477347611138,0.6276844915389213,0.0002399999999999,-0.0066775429516023,1.0,,,-0.0069175429516023,86.4848677855641,0.0,0.0,0.0,-0.0069175429516022,35.041070177402766,1.3568541888131262,-0.013207697297803578
2025-11-14,0.0232028172392585,long_microcap_short_zz1000,long_microcap_short_zz1000,True,373348.3487240959,7502.76,0.0118732138624415,-0.011569603376817,0.0916270690066565,0.0266361981910483,0.0649908708156081,36.84138214774357,0.6450460183864826,0.0002399999999999,0.0234428172392585,1.0,,,0.0232028172392585,88.491560366754,0.0,0.0,0.0,0.0232028172392584,35.85412172459707,1.3883370285764796,0.0
2025-11-17,0.0020028749792622,long_microcap_short_zz1000,long_microcap_short_zz1000,True,375196.8754158291,7523.08,0.0049512116447025,0.0027083366654403,0.0852846777701987,0.013996042721357,0.0712886350488417,37.81149486246407,0.6590232784691759,0.0002399999999999,0.0022428749792622,1.0,,,0.0020028749792622,88.66879789888844,0.0,0.0,0.0,0.0020028749792622,35.92593304790269,1.3911176940737986,0.0
2025-11-18,0.0023773478076102,long_microcap_short_zz1000,long_microcap_short_zz1000,True,372439.4354729083,7448.1,-0.0073493147827117,-0.0099666625903219,0.0750314832880267,-0.006307885657565,0.0813393689455918,39.21533679668077,0.7462379311143835,0.0002399999999999,0.0026173478076102,1.0,,,0.0023773478076102,88.87959447117682,0.0,0.0,0.0,0.0023773478076101,36.01134148607047,1.3944248646739326,0.0
2025-11-19,-0.0236669033600004,long_microcap_short_zz1000,long_microcap_short_zz1000,True,360669.5512923992,7387.21,-0.0316021426827807,-0.0081752393227803,0.032606440356671,-0.0123020849767756,0.0449085253334466,38.28189511632525,0.0269998567575189,0.0002399999999999,-0.0234269033600004,1.0,,,-0.0236669033600004,86.77608969815145,0.0,0.0,0.0,-0.0236669033600004,35.15906454725567,1.361423146158913,-0.023666903360000324
2025-11-20,-0.0034028702000469,long_microcap_short_zz1000,long_microcap_short_zz1000,True,357243.8598585871,7340.41,-0.0094981442751036,-0.0063352740750567,0.0397311545135099,-0.0302161942207284,0.0699473487342383,37.33425791604721,0.6609416981135822,0.0002399999999999,-0.0031628702000469,1.0,,,-0.0034028702000469,86.48080192844101,0.0,0.0,0.0,-0.0034028702000469,35.03942281424629,1.3567903999051947,-0.026989238159876194
2025-11-21,-0.0180218761302046,long_microcap_short_zz1000,long_microcap_short_zz1000,True,337619.1143137267,7067.7,-0.0549337518428691,-0.0371518757126645,-0.0083892633266872,-0.0557615950664521,0.0473723317397649,32.5238816105989,0.8977247159611298,0.0002399999999999,-0.0177818761302046,1.0,,,-0.0180218761302046,84.92225562844588,0.0,0.00066,0.00066,-0.0186699816919586,34.38523743180751,1.3314591479791396,-0.04515533126950999
2025-11-24,0.0082943345910839,long_microcap_short_zz1000,long_microcap_short_zz1000,True,344738.08381310524,7156.41,0.0210858011219214,0.0125514665308374,-0.0045157299289347,-0.046659837184797,0.0421441072558622,26.70262913479132,0.7781283074916652,0.0002399999999999,0.0085343345910839,1.0,,,0.0082943345910839,85.62662923085777,0.0,0.0,0.0,0.0082943345910839,34.67044009606079,1.342502715646838,-0.0372355301045465
2025-11-25,0.0070331170607689,long_microcap_short_zz1000,long_microcap_short_zz1000,True,351751.4066134853,7249.95,0.0203439165258638,0.0130707994650949,-0.001070612591324,-0.0382283646320302,0.0371577520407062,23.86192147996856,0.171736670231789,0.0002399999999999,0.0072731170607689,1.0,,,0.0070331170607689,86.22885133775745,0.0,0.0,0.0,0.0070331170607689,34.91428135980476,1.3519446944003826,-0.030464294885822585
2025-11-26,-0.0135561375404189,long_microcap_short_zz1000,long_microcap_short_zz1000,True,346994.6598479839,7248.45,-0.0135230355190256,-0.0002068979786067,-0.021443601638869,-0.0251864981649414,0.0037428965260724,13.183020720879252,0.116136229713445,0.0002399999999999,-0.0133161375404189,1.0,,,-0.0135561375404189,85.05992116907046,0.0,0.0,0.0,-0.0135561375404189,34.44097855956636,1.3336175461760513,-0.043607454254697475
2025-11-27,0.0122335692192141,long_microcap_short_zz1000,long_microcap_short_zz1000,True,351753.76585932873,7257.45,0.0137152139846468,0.0012416447654326,-0.0209250497736687,-0.0277848479408856,0.0068597981672169,3.8682578165807255,0.2622574538862931,0.0002399999999999,0.0124735692192141,1.0,,,0.0122335692192141,86.10050760247319,0.0,0.0,0.0,0.0122335692192141,34.86231465475229,1.3499324487391546,-0.031907359845581795
2025-11-28,0.0078172746634133,long_microcap_short_zz1000,long_microcap_short_zz1000,True,358308.34285236377,7334.21,0.0186339923810689,0.0105767177176556,-0.0040199390872546,-0.0288168563116489,0.0247969172243943,-2.889314476571181,0.3124622740363869,0.0002399999999999,0.0080572746634133,1.0,,,0.0078172746634133,86.77357891906102,0.0,0.0,0.0,0.0078172746634133,35.134842943810824,1.3604852414680026,-0.024339513777865807
2025-12-01,-0.0097822377011331,long_microcap_short_zz1000,long_microcap_short_zz1000,True,357452.66922608303,7386.68,-0.0023880929466197,0.0071541447545133,-0.0102225556574299,-0.0205784234169729,0.010355867759543,-9.718360074472589,0.1062189706978076,0.0002399999999999,-0.0095422377011331,1.0,,,-0.0097822377011331,85.92473914389673,0.0,0.0,0.0,-0.009782237701133,34.79114555854249,1.3471766514470793,-0.03388365656969372
2025-12-02,0.0069996054082337,long_microcap_short_zz1000,long_microcap_short_zz1000,True,356483.7088204899,7313.18,-0.0027107376416884,-0.0099503430499222,-0.0227909197880407,-0.0330638283806564,0.0102729085926157,-12.796103167464231,0.4751374022342448,0.0002399999999999,0.0072396054082337,1.0,,,0.0069996054082337,86.52617841270943,0.0,0.0,0.0,0.0069996054082337,35.03466984915271,1.3566063564223945,-0.027121223387235993
2025-12-03,-0.0004516563144494,long_microcap_short_zz1000,cash,False,353244.194436672,7248.27,-0.0090874121415998,-0.0088757558271503,-0.0399587884529136,-0.0387916915866904,-0.0011670968662231,-15.003049794416333,0.1147455168868587,0.0002399999999999,-0.0002116563144494,1.0,,,-0.0004516563144494,86.48709831786415,0.0,0.0,0.0,-0.0004516563144494,35.018846219290694,1.355993636595294,-0.027560630229887084
2025-12-04,0.0,cash,cash,False,347221.2609266576,7248.66,-0.0170503396938181,5.380594265935734e-05,-0.052123843732828,-0.0317536646550135,-0.0203701790778145,-21.124828410436503,0.4016592070355407,0.0,0.0,1.0,,,0.0,86.48709831786415,0.003,0.0,0.003,-0.003,34.913789680632824,1.3519256556855082,-0.03047794833919737
2025-12-05,0.0,cash,cash,False,352996.39564714255,7342.49,0.0166324340424097,0.0129444614590834,-0.0432859859538486,-0.0326839319261506,-0.010602054027698,-25.73295542600068,0.3748366031846659,0.0,0.0,1.0,,,0.0,86.48709831786415,0.0,0.0,0.0,0.0,34.913789680632824,1.3519256556855082,-0.03047794833919737
2025-12-08,0.0,cash,cash,False,357816.5987713541,7423.05,0.0136551057847906,0.0109717548134216,-0.0416012284661789,-0.0106240903347568,-0.0309771381314221,-28.55712655108197,0.5056693159568055,0.0,0.0,1.0,,,0.0,86.48709831786415,0.0,0.0,0.0,0.0,34.913789680632824,1.3519256556855082,-0.03047794833919737
2025-12-09,0.0,cash,cash,False,353960.77983453474,7380.58,-0.010775964418809,-0.0057213679013343,-0.0565998732205819,-0.0189417100442903,-0.0376581631762915,-30.27342397508048,0.3510077430247973,0.0,0.0,1.0,,,0.0,86.48709831786415,0.0,0.0,0.0,0.0,34.913789680632824,1.3519256556855082,-0.03047794833919737
2025-12-10,0.0,cash,cash,False,349034.9545429284,7408.24,-0.0139163025177789,0.0037476729471126,-0.0628410385711757,-0.0053517004336677,-0.057489338137508,-33.75625126359636,0.3911850158898294,0.0,0.0,1.0,,,0.0,86.48709831786415,0.0,0.0,0.0,0.0,34.913789680632824,1.3519256556855082,-0.03047794833919737
2025-12-11,0.0,cash,cash,False,338746.96427331376,7312.0,-0.0294755299883561,-0.0129909398183644,-0.0607830268469558,-0.0101811103244662,-0.0506019165224895,-38.64506644839291,0.8235173608805957,0.0,0.0,1.0,,,0.0,86.48709831786415,0.0,0.0,0.0,0.0,34.913789680632824,1.3519256556855082,-0.03047794833919737
2025-12-12,0.0,cash,cash,False,333694.2626197041,7370.94,-0.0149158581079797,0.0080607221006563,-0.0659202295267018,0.0041591682208486,-0.0700793977475504,-42.73075234388852,0.9656940984561384,0.0,0.0,1.0,,,0.0,86.48709831786415,0.0,0.0,0.0,0.0,34.913789680632824,1.3519256556855082,-0.03047794833919737
2025-12-15,0.0,cash,cash,False,335932.71430880943,7309.08,0.0067080916271442,-0.0083924167066886,-0.0049949778712772,0.0341525531643958,-0.039147531035673,-43.20371102996541,0.7869878410392391,0.0,0.0,1.0,,,0.0,86.48709831786415,0.0,0.0,0.0,0.0,34.913789680632824,1.3519256556855082,-0.03047794833919737
2025-12-16,0.0,cash,cash,False,329856.9746699204,7181.62,-0.0180861802977123,-0.0174385832416665,-0.0431664206593792,0.0035227159986641,-0.0466891366580434,-43.32291028939344,0.4123058943853787,0.0,0.0,1.0,,,0.0,86.48709831786415,0.0,0.0,0.0,0.0,34.913789680632824,1.3519256556855082,-0.03047794833919737
2025-12-17,0.0,cash,cash,False,331171.2935115448,7288.74,0.0039845112959628,0.0149158546400394,-0.0585075502613541,0.0053503817267706,-0.0638579319881247,-46.43400777558379,0.1725877854616495,0.0,0.0,1.0,,,0.0,86.48709831786415,0.0,0.0,0.0,0.0,34.913789680632824,1.3519256556855082,-0.03047794833919737
2025-12-18,0.0,cash,cash,False,339353.3324868586,7272.4,0.0247063653632422,-0.0022418140858365,-0.0220214552133826,0.0033041546813457,-0.0253256098947283,-46.19438139018052,0.4299571027235706,0.0,0.0,1.0,,,0.0,86.48709831786415,0.0,0.0,0.0,0.0,34.913789680632824,1.3519256556855082,-0.03047794833919737
2025-12-19,0.0,cash,cash,False,348720.1750956142,7329.81,0.027602035141701,0.0078942302403608,-0.0086241884470049,0.0099704441642727,-0.0185946326112776,-44.37967846285591,0.5694858073257095,0.0,0.0,1.0,,,0.0,86.48709831786415,0.0,0.0,0.0,0.0,34.913789680632824,1.3519256556855082,-0.03047794833919737
2025-12-22,0.0,cash,cash,False,347485.3736855747,7408.35,-0.0035409520246454,0.0107151481416298,-0.0302057414589661,0.0101087915399205,-0.0403145329988866,-43.21163164253329,0.5959205137231686,0.0,0.0,1.0,,,0.0,86.48709831786415,0.0,0.0,0.0,0.0,34.913789680632824,1.3519256556855082,-0.03047794833919737
2025-12-23,0.0,cash,cash,False,344673.70996018767,7392.42,-0.0080914592046431,-0.002150276377331,-0.0357500736910511,0.0007770744096129,-0.036527148100664,-42.25835988930278,0.2865144287361681,0.0,0.0,1.0,,,0.0,86.48709831786415,0.0,0.0,0.0,0.0,34.913789680632824,1.3519256556855082,-0.03047794833919737
2025-12-24,0.0,cash,cash,False,347414.7831260882,7506.38,0.0079526609854205,0.0154157907694638,-0.0254399442948132,0.0264180561670845,-0.0518580004618978,-42.74073770253745,0.3153319056658779,0.0,0.0,1.0,,,0.0,86.48709831786415,0.0,0.0,0.0,0.0,34.913789680632824,1.3519256556855082,-0.03047794833919737
2025-12-25,0.0,cash,cash,False,350786.77148641186,7579.38,0.0097059438000364,0.0097250605484933,-0.0069567256559702,0.0456812453178481,-0.0526379709738183,-41.0649288767004,0.8900291434049223,0.0,0.0,1.0,,,0.0,86.48709831786415,0.0,0.0,0.0,0.0,34.913789680632824,1.3519256556855082,-0.03047794833919737
2025-12-26,0.0,cash,cash,False,347948.9839229704,7605.53,-0.0080897793021574,0.0034501502761439,0.0020958480318016,0.0492325478088364,-0.0471366997770348,-39.816355656144246,0.9372226923302208,0.0,0.0,1.0,,,0.0,86.48709831786415,0.0,0.0,0.0,0.0,34.913789680632824,1.3519256556855082,-0.03047794833919737
2025-12-29,0.0,cash,cash,False,350606.8774744249,7594.16,0.007638744972001,-0.0014949648479462,-0.0067692424120563,0.0342758383055339,-0.0410450807175902,-37.38065607063587,0.5292031305866323,0.0,0.0,1.0,,,0.0,86.48709831786415,0.0,0.0,0.0,0.0,34.913789680632824,1.3519256556855082,-0.03047794833919737
2025-12-30,0.0,cash,cash,False,347485.5368487304,7597.3,-0.0089026794002983,0.0004134756181066,-0.0288725060774089,0.0234741784037557,-0.0523466844811647,-34.73486530942035,0.468015243895537,0.0,0.0,1.0,,,0.0,86.48709831786415,0.0,0.0,0.0,0.0,34.913789680632824,1.3519256556855082,-0.03047794833919737
2025-12-31,0.0,cash,cash,False,348415.83781783987,7595.28,0.002677236519097,-0.0002658839324497,-0.0156654136068039,0.0290898547268643,-0.0447552683336682,-31.431102381732583,0.2775234372833095,0.0,0.0,1.0,,,0.0,86.48709831786415,0.0,0.0,0.0,0.0,34.913789680632824,1.3519256556855082,-0.03047794833919737
2026-01-05,0.0,cash,cash,False,354312.66347462544,7753.88,0.0169246774019169,0.0208813894945283,0.015120860713244,0.0466561558480826,-0.0315352951348386,-29.87467409870593,0.1104016294708599,0.0,0.0,1.0,,,0.0,86.48709831786415,0.0,0.0,0.0,0.0,34.913789680632824,1.3519256556855082,-0.03047794833919737
2026-01-06,0.0,cash,cash,False,353954.6293674398,7864.9,-0.0010105032760459,0.0143179930563794,0.044893878611576,0.0756154266958424,-0.0307215480842664,-29.055530105300903,0.7653660982493121,0.0,0.0,1.0,,,0.0,86.48709831786415,0.0,0.0,0.0,0.0,34.913789680632824,1.3519256556855082,-0.03047794833919737
2026-01-07,0.0,cash,cash,False,352288.8928430038,7906.42,-0.0047060735648883,0.0052791516738928,0.0557235538822886,0.0726474506643657,-0.016923896782077,-28.352904151712853,0.8100256444875007,0.0,0.0,1.0,,,0.0,86.48709831786415,0.0,0.0,0.0,0.0,34.913789680632824,1.3519256556855082,-0.03047794833919737
2026-01-08,0.0,cash,cash,False,361132.6420919015,7971.59,0.025103684585477,0.0082426686161372,0.0750148071614329,0.0906420507095284,-0.0156272435480955,-25.38110861453184,0.4625216487104293,0.0,0.0,1.0,,,0.0,86.48709831786415,0.0,0.0,0.0,0.0,34.913789680632824,1.3519256556855082,-0.03047794833919737
2026-01-09,0.0,cash,cash,False,366043.8842556977,8129.18,0.0135995520519753,0.0197689544996668,0.1097048489636718,0.1319423751187058,-0.022237526155034,-25.001015173980672,0.1525297263556072,0.0,0.0,1.0,,,0.0,86.48709831786415,0.0,0.0,0.0,0.0,34.913789680632824,1.3519256556855082,-0.03047794833919737
2026-01-12,0.0,cash,cash,False,373269.71445029945,8357.01,0.0197403385369885,0.0280261969841977,0.1271197768754888,0.1465644267733519,-0.019444649897863,-27.75346392644885,0.0118299107205863,0.0,0.0,1.0,,,0.0,86.48709831786415,0.0,0.0,0.0,0.0,34.913789680632824,1.3519256556855082,-0.03047794833919737
2026-01-13,0.0,cash,cash,False,374038.9816422682,8203.13,0.0020608883126282,-0.0184132841769963,0.1022110167630452,0.1279811341510368,-0.0257701173879916,-29.561761704021137,0.276671443246214,0.0,0.0,1.0,,,0.0,86.48709831786415,0.0,0.0,0.0,0.0,34.913789680632824,1.3519256556855082,-0.03047794833919737
2026-01-14,0.0,cash,cash,False,374278.23652163247,8257.17,0.0006396522584726,0.0065877293179554,0.0732910317534984,0.126518968431651,-0.0532279366781525,-30.20458474765786,0.0769054088682323,0.0,0.0,1.0,,,0.0,86.48709831786415,0.0,0.0,0.0,0.0,34.913789680632824,1.3519256556855082,-0.03047794833919737
2026-01-15,0.0,cash,cash,False,373959.40611130826,8240.78,-0.0008518539931342,-0.0019849415719912,0.0761874727127043,0.1123637517125946,-0.0361762789998902,-30.71694988391637,0.3567564947015707,0.0,0.0,1.0,,,0.0,86.48709831786415,0.0,0.0,0.0,0.0,34.913789680632824,1.3519256556855082,-0.03047794833919737
2026-01-16,0.0,cash,cash,False,374229.5931470084,8232.73,0.000722503649553,-0.0009768492788305,0.0857503265631562,0.1136718422384008,-0.0279215156752445,-31.144842818507485,0.3567789380010262,0.0,0.0,1.0,,,0.0,86.48709831786415,0.0,0.0,0.0,0.0,34.913789680632824,1.3519256556855082,-0.03047794833919737
2026-01-19,0.0,cash,long_microcap_short_zz1000,True,382771.5430038024,8265.65,0.0228254259235947,0.0039986735870118,0.1017710287385269,0.1011499551048573,0.0006210736336695,-25.09639590033188,0.3734196945129676,0.0,0.0,1.0,,,0.0,86.48709831786415,0.0,0.0,0.0,0.0,34.913789680632824,1.3519256556855082,-0.03047794833919737
2026-01-20,0.0143979168981732,long_microcap_short_zz1000,long_microcap_short_zz1000,True,384535.5294417041,8182.75,0.0046084576299971,-0.0100294592681761,0.0962087532898872,0.0796067752243587,0.0166019780655284,-14.709778765211388,0.8413367703112224,0.0002399999999999,0.0146379168981732,1.0,,,0.0143979168981732,87.73233237220892,0.003,0.0,0.003,0.0113547231474786,35.31022609648571,1.3672763972217907,-0.01946929385721341
2026-01-21,0.0066266856028507,long_microcap_short_zz1000,long_microcap_short_zz1000,True,390227.297753672,8247.68,0.0148016707850939,0.0079349851822432,0.1215072202655467,0.0844319856735822,0.0370752345919644,-5.167468483050033,0.9527016124374762,0.0002399999999999,0.0068666856028507,1.0,,,0.0066266856028507,88.31370695604434,0.0,0.0,0.0,0.0066266856028507,35.544215863392694,1.376336908038378,-0.0129716251436639
2026-01-22,0.0049450986621326,long_microcap_short_zz1000,long_microcap_short_zz1000,True,395168.4934980385,8309.35,0.0126623528718012,0.0074772542096686,0.1270985222669061,0.0941763144310892,0.0329222078358169,4.067785591925002,0.9367488077179608,0.0002399999999999,0.0051850986621326,1.0,,,0.0049450986621326,88.75042695016066,0.0,0.0,0.0,0.0049450986621326,35.71998551770531,1.3831430298409624,-0.008090672447674918
2026-01-23,-0.014987179407208,long_microcap_short_zz1000,long_microcap_short_zz1000,True,397016.1113446746,8470.74,0.0046755191191507,0.0194226985263588,0.1425399599221481,0.1149671593855712,0.0275728005365769,9.635892889435944,0.3140906236079461,0.0002399999999999,-0.014747179407208,1.0,,,-0.014987179407208,87.42030837899229,0.0,0.0,0.0,-0.0149871794072079,35.18464368632859,1.3624136171069068,-0.022956595495384535
2026-01-26,0.0018436782176464,long_microcap_short_zz1000,long_microcap_short_zz1000,True,392907.5783670557,8365.43,-0.0103485295941857,-0.0124322078118321,0.1276972391033417,0.1013985001211279,0.0262987389822138,15.35779659137531,0.0746780738292827,0.0002399999999999,0.0020836782176464,1.0,,,0.0018436782176464,87.58148329733058,0.0,0.0,0.0,0.0018436782176463,35.249512847488724,1.3649254694161914,-0.021155241852804485
2026-01-27,-0.004874631156965,long_microcap_short_zz1000,long_microcap_short_zz1000,True,391871.9017467214,8382.15,-0.0026359293568186,0.0019987018001463,0.1060059155203911,0.0810265312333953,0.0249793842869958,17.98451074302998,0.6579274631336701,0.0002399999999999,-0.004634631156965,1.0,,,-0.004874631156965,87.1545558700762,0.0,0.0,0.0,-0.0048746311569649,35.07768447389452,1.3582719611960403,-0.02592674900870051
2026-01-28,-0.0125940297947983,long_microcap_short_zz1000,long_microcap_short_zz1000,True,387855.388042789,8399.79,-0.0102495577917918,0.0021044720030065,0.0957771303512375,0.0680097649048305,0.027767365446407,20.239010493602176,0.848921271568253,0.0002399999999999,-0.0123540297947983,1.0,,,-0.0125940297947983,86.05692879669603,0.0,0.0,0.0,-0.0125940297947982,34.63591507049776,1.3411658436472984,-0.03819425655400088
2026-01-29,0.0028793177009121,long_microcap_short_zz1000,long_microcap_short_zz1000,True,385944.7652651059,8332.21,-0.0049261215303069,-0.008045439231219,0.0955348667126463,0.0538537036990192,0.0416811630136271,21.25055699211764,0.7325308737488722,0.0002399999999999,0.0031193177009121,1.0,,,0.0028793177009121,86.30471403506648,0.0,0.0,0.0,0.002879317700912,34.73564287384753,1.3450274862007707,-0.035424912252057905
2026-01-30,0.0279639940548274,long_microcap_short_zz1000,long_microcap_short_zz1000,True,393247.1268545013,8254.86,0.0189207426725412,-0.0092832513822861,0.0889271171295207,0.0355349434679908,0.0533921736615299,26.73286781702222,0.0612071354920814,0.0002399999999999,0.0282039940548274,1.0,,,0.0279639940548274,88.71813854524667,0.0,0.00048,0.00048,0.027470571337681,35.689850829373775,1.3819761597115907,-0.008927483493528232
2026-02-02,0.0660835408111406,long_microcap_short_zz1000,long_microcap_short_zz1000,True,406017.11108653015,7975.43,0.032473178721414,-0.0338503620897265,0.1092033730111698,-0.0189133467336188,0.1281167197447887,41.43627740029616,0.6237680638220408,0.0002399999999999,0.0663235408111406,1.0,,,0.0660835408111406,94.58094727448992,0.0,0.0,0.0,0.0660835408111406,38.04836254320022,1.473302037661915,0.0
2026-02-03,-0.0139132201094127,long_microcap_short_zz1000,long_microcap_short_zz1000,True,412361.3369884349,8209.1,0.0156255136265739,0.0292987337359866,0.1047275496103514,-0.0176989138459807,0.1224264634563322,49.76691733190509,0.8317506336740654,0.0002399999999999,-0.0136732201094127,1.0,,,-0.0139132201094127,93.26502173690318,0.0,0.0,0.0,-0.0139132201094126,37.51898730033395,1.4528036621242786,-0.01391322010941265
2026-02-04,0.0081207091047426,long_microcap_short_zz1000,long_microcap_short_zz1000,True,415709.5103726656,8207.12,0.0081195133585585,-0.000241195746184,0.1114069141869582,0.000486399703528,0.1109205144834302,54.629269070545774,0.753843040300651,0.0002399999999999,0.0083607091047426,1.0,,,0.0081207091047426,94.02239984807606,0.0,0.0,0.0,0.0081207091047426,37.82366808210449,1.4646014580506945,-0.005905496217888939
2026-02-05,0.01931409681469,long_microcap_short_zz1000,long_microcap_short_zz1000,True,416795.6384916882,8068.08,0.0026127093365002,-0.0169413874781897,0.1135983816884269,-0.0229000977332427,0.1364984794216697,64.2921274226466,0.6451020657364551,0.0002399999999999,0.01955409681469,1.0,,,0.01931409681469,95.83835758149132,0.0,0.0,0.0,0.01931409681469,38.55419806932896,1.492888912406422,0.0
2026-02-06,0.0081741582984136,long_microcap_short_zz1000,long_microcap_short_zz1000,True,419449.9258236604,8051.574,0.0063683183959832,-0.0020458399024303,0.1216456090392121,-0.0229597198323461,0.1446053288715583,72.33328794567417,0.6299633237571168,0.0002399999999999,0.0084141582984136,1.0,,,0.0081741582984136,96.6217554874224,0.0,0.0,0.0,0.0081741582984136,38.86934618741605,1.5050920226983786,0.0
2026-02-09,-0.0074081826212022,long_microcap_short_zz1000,long_microcap_short_zz1000,True,425935.2214584608,8233.778,0.0154614299241213,0.0226296125453235,0.1381655252772617,0.0001272967776182,0.1380382284996435,73.3691720813892,0.7871220132830318,0.0002399999999999,-0.0071681826212022,1.0,,,-0.0074081826212022,95.9059638775904,0.0,0.0,0.0,-0.0074081826212022,38.58139497249294,1.4939420261325143,-0.007408182621202353
2026-02-10,0.0003115243455209,long_microcap_short_zz1000,long_microcap_short_zz1000,True,427024.8219462144,8250.3,0.0025581366199833,0.0020066122744624,0.1156127715115238,-0.001857083229994,0.1174698547415178,77.24618876181138,0.439127020492472,0.0002399999999999,0.0005515243455209,1.0,,,0.0003115243455209,95.93584092021894,0.0,0.0,0.0,0.0003115243455209,38.59341401631103,1.4944074254444515,-0.007098966104923887
2026-02-11,-0.0015200901530053,long_microcap_short_zz1000,long_microcap_short_zz1000,True,425919.8705543708,8239.513,-0.0025875577602436,-0.0013074676072383,0.1076216316675637,0.006936909963032,0.1006847217045316,77.41603019112421,0.0593789105009785,0.0002399999999999,-0.0012800901530053,1.0,,,-0.0015200901530053,95.79000979311584,0.0,0.0,0.0,-0.0015200901530052,38.53474854769398,1.4921357914324556,-0.008608265189456454
2026-02-12,-0.0215975671909757,long_microcap_short_zz1000,long_microcap_short_zz1000,True,420716.6751486421,8314.832,-0.0122163715887598,0.0091411956022158,0.0781323540676959,0.0081419259719097,0.0699904280957861,72.31826872292588,0.7091685244783785,0.0002399999999999,-0.0213575671909757,1.0,,,-0.0215975671909757,93.7211786203848,0.0,0.0,0.0,-0.0215975671909757,37.7024917267478,1.4599092884189333,-0.030019914794605196
2026-02-13,0.0149611947706547,long_microcap_short_zz1000,long_microcap_short_zz1000,True,421546.1023593352,8204.829,0.0019714626485864,-0.0132297321220682,0.0667502832217254,-0.0125787215606516,0.0793290047823771,67.13654030058036,0.3618735853931586,0.0002399999999999,0.0152011947706547,1.0,,,0.0149611947706547,95.12335942785968,0.0,0.00066,0.00066,0.014291320382106,38.24131011521845,1.4807733197885407,-0.0161576186326724
2026-02-24,0.010003468281796,long_microcap_short_zz1000,long_microcap_short_zz1000,True,430742.1080266289,8299.771,0.0218149464929813,0.0115714782111853,0.0849486852503944,-0.0201834786571184,0.1051321639075129,64.92721923807896,0.0001183211870541,0.0002399999999999,0.010243468281796,1.0,,,0.010003468281796,96.07492293675416,0.0,0.0,0.0,0.0100034682817959,38.623855848010365,1.495586188725575,-0.006315782576377771
2026-02-25,-0.0123594968211886,long_microcap_short_zz1000,long_microcap_short_zz1000,True,432089.9503350229,8426.331,0.0031291166646532,0.0152486134858418,0.0997241441124936,0.0072800800437036,0.09244406406879,61.90643893086106,0.02258863535393,0.0002399999999999,-0.0121194968211886,1.0,,,-0.0123594968211886,94.8874852321214,0.0,0.0,0.0,-0.0123594968211886,38.14648442443483,1.4771014959802076,-0.018597219502890394
2026-02-26,-0.0121825635722366,long_microcap_short_zz1000,long_microcap_short_zz1000,True,430226.1808497829,8490.617,-0.0043133830902452,0.0076291804819914,0.0978745322951248,0.0129402360969441,0.0849342961981807,56.91778765222004,0.0001792612648986,0.0002399999999999,-0.0119425635722366,1.0,,,-0.0121825635722366,93.73151241107142,0.0,0.0,0.0,-0.0121825635722365,37.681762452876825,1.459106613102783,-0.03055322126626614
2026-02-27,-0.0054035233655402,long_microcap_short_zz1000,long_microcap_short_zz1000,True,431563.10406559095,8560.843,0.0031074892122264,0.0082710125777667,0.112690753745517,0.0191734555268643,0.0935172982186527,52.03536276249709,0.7129975691082359,0.0002399999999999,-0.0051635233655402,1.0,,,-0.0054035233655402,93.22503199367075,0.0,0.00048,0.00048,-0.0058809296743247,37.46015865788684,1.4505257097237834,-0.036254469594999894
2026-03-02,-0.025988102693975,long_microcap_short_zz1000,long_microcap_short_zz1000,True,416222.7751039931,8476.965,-0.0355459695629272,-0.0097978668689521,0.07845166605146,0.0173729418725645,0.0610787241788954,39.103947699304165,0.9472658431106744,0.0002399999999999,-0.025748102693975,1.0,,,-0.025988102693975,90.80229028857012,0.0,0.0,0.0,-0.025988102693975,36.48664020775309,1.4128292986192308,-0.061300387410024415
2026-03-03,0.0111698815182661,long_microcap_short_zz1000,long_microcap_short_zz1000,True,404547.18785306223,8142.454,-0.0280512935603144,-0.0394611750785806,0.0287352665204387,-0.0136169480766482,0.042352214597087,27.81278167492306,0.7810566285499448,0.0002399999999999,0.0114098815182661,1.0,,,0.0111698815182661,91.81654111268068,0.0,0.0,0.0,0.0111698815182661,36.89419165587329,1.4286104344903428,-0.05081522395615201
2026-03-04,-0.0027498609355496,long_microcap_short_zz1000,cash,False,401150.1931440769,8094.518,-0.0083970295950225,-0.0058871686594729,-0.0119869774193236,0.0149318594734075,-0.0269188368927312,14.65244612338193,0.5260619612181636,0.0002399999999999,-0.0025098609355496,1.0,,,-0.0027498609355496,91.56405839303764,0.0,0.0,0.0,-0.0027498609355496,36.79273775949012,1.4246819544644191,-0.05342535009241334
2026-03-05,0.0,cash,cash,False,407269.0676347988,8171.119,0.015253325550623,0.0094633182605807,-0.0123490465687836,-0.004626694765565,-0.0077223518032185,-0.70749740562442,0.0511006872181545,0.0,0.0,1.0,,,0.0,91.56405839303764,0.003,0.0,0.003,-0.003,36.68235954621165,1.420407908601026,-0.0562650740421361
2026-03-06,0.0,cash,long_microcap_short_zz1000,True,423600.9326954079,8248.857,0.0401009218683261,0.0095137520332282,0.0189830208976167,0.0050854623790073,0.0138975585186094,-11.634053421925865,0.7457116742883925,0.0,0.0,1.0,,,0.0,91.56405839303764,0.0,0.0,0.0,0.0,36.68235954621165,1.420407908601026,-0.0562650740421361
2026-03-09,-0.0038619974876792,long_microcap_short_zz1000,cash,False,419756.3967109871,8203.869,-0.0090758440024144,-0.0054538465147352,0.0071036209256252,0.0168303983103788,-0.0097267773847535,-18.938120027279403,0.7560666061405766,0.0002399999999999,-0.0036219974876792,1.0,,,-0.0038619974876792,91.210438229562,0.003,0.0,0.003,-0.0068504114952161,36.43107028870463,1.4106775299360494,-0.06273004662735493
2026-03-10,0.0,cash,cash,False,432860.3235914647,8350.09,0.031217932551246,0.0178234196572373,0.031971391439564,0.0370754836259346,-0.0051040921863705,-16.37676860905609,0.8732124601216967,0.0,0.0,1.0,,,0.0,91.210438229562,0.003,0.0,0.003,-0.003,36.32177707783852,1.4064454973462412,-0.0655418564874729
2026-03-11,0.0,cash,cash,False,429695.5390326084,8363.526,-0.0073113297439644,0.0016090844529819,0.0088283790226875,0.0157580153363376,-0.0069296363136501,-17.165045046675385,0.5567209037758631,0.0,0.0,1.0,,,0.0,91.210438229562,0.0,0.0,0.0,0.0,36.32177707783852,1.4064454973462412,-0.0655418564874729
2026-03-12,0.0,cash,cash,False,424436.249367359,8335.908,-0.0122395724123407,-0.0033021957485396,-0.0060618784806413,0.0103763499509108,-0.0164382284315521,-18.06481229256036,0.0948875793596047,0.0,0.0,1.0,,,0.0,91.210438229562,0.0,0.0,0.0,0.0,36.32177707783852,1.4064454973462412,-0.0655418564874729
2026-03-13,0.0,cash,long_microcap_short_zz1000,True,424643.801212312,8214.293,0.0004890059349604,-0.0145892924921915,-0.0029960314845087,-0.0030608605144504,6.482902994164874e-05,-14.152615786864844,0.0033325679799116,0.0,0.0,1.0,,,0.0,91.210438229562,0.0,0.0,0.0,0.0,36.32177707783852,1.4064454973462412,-0.0655418564874729
2026-03-16,-0.0022287787052793,long_microcap_short_zz1000,long_microcap_short_zz1000,True,423647.2415469293,8211.352,-0.0023468131703269,-0.0003580344650475,0.0069656530662869,-0.0124452304027308,0.0194108834690177,-9.560332271433774,0.0058574549039697,0.0002399999999999,-0.0019887787052793,1.0,,,-0.0022287787052793,91.00715034713676,0.003,0.0,0.003,-0.0052220923691633,36.13210140292588,1.3991009090469053,-0.07042168322801212
2026-03-17,-0.0008444078848073,long_microcap_short_zz1000,long_microcap_short_zz1000,True,413511.4085834065,8019.857,-0.0239251716274895,-0.0233207637426822,-0.0190600594595932,-0.0225442845914277,0.0034842251318345,-6.081914436323981,0.286096320425891,0.0002399999999999,-0.0006044078848073,1.0,,,-0.0008444078848073,90.93030319180978,0.0,0.0,0.0,-0.0008444078848073,36.10159117160659,1.397919497207665,-0.07120662648824039
2026-03-18,0.01061128010138,long_microcap_short_zz1000,long_microcap_short_zz1000,True,421955.22052820586,8096.595,0.020419779888845,0.0095684997874649,-0.0203994161116002,-0.0244797115486681,0.0040802954370678,-1.144081435910578,0.6913223704624403,0.0002399999999999,0.01085128010138,1.0,,,0.01061128010138,91.89519010868148,0.0,0.0,0.0,0.01061128010138,36.48467526763402,1.4127532125517157,-0.06135093984560147
2026-03-19,-0.0072384108528159,long_microcap_short_zz1000,long_microcap_short_zz1000,True,409237.8588951523,7909.234,-0.0301391261782089,-0.0231407153253929,-0.052887347697284,-0.0613668036539272,0.0084794559566431,2.4514344835462456,0.1922026789348866,0.0002399999999999,-0.0069984108528159,1.0,,,-0.0072384108528159,91.23001496727724,0.0,0.0,0.0,-0.0072384108528158,36.22058419821531,1.402527124365631,-0.06814526738960847
2026-03-20,-0.0275487775427999,long_microcap_short_zz1000,cash,False,391553.00885075366,7783.435,-0.043214110473903,-0.015905332931103,-0.0898903268105208,-0.0832898245204087,-0.0066005022901121,-1.2354916893127383,0.3065202213380149,0.0002399999999999,-0.0273087775427999,1.0,,,-0.0275487775427999,88.7167395797174,0.0,0.00048,0.00048,-0.0280155541295794,35.20584446100522,1.3632345497947622,-0.09425169409195966
2026-03-23,0.0,cash,cash,False,366487.5285481535,7409.107,-0.0640155476679128,-0.0480929049963159,-0.1507904056310313,-0.1345353489136526,-0.0162550567173787,-4.657962428155926,0.729131559939407,0.0,0.0,1.0,,,0.0,88.7167395797174,0.003,0.0,0.003,-0.003,35.1002269276222,1.359144846145378,-0.09696893900968384
2026-03-24,0.0,cash,long_microcap_short_zz1000,True,390725.9730170037,7600.857,0.0661371604236333,0.025880311891838,-0.0612575851492486,-0.1033516122810463,0.0420940271317977,-0.8160171689589361,0.2848228531974219,0.0,0.0,1.0,,,0.0,88.7167395797174,0.0,0.0,0.0,0.0,35.1002269276222,1.359144846145378,-0.09696893900968384
2026-03-25,0.0089874069272324,long_microcap_short_zz1000,long_microcap_short_zz1000,True,402058.843292743,7751.181,0.0290046504670069,0.0197772435397745,-0.0061509377274994,-0.0480534492426976,0.0419025115151981,2.5660367652248524,0.0428115681488411,0.0002399999999999,0.0092274069272324,1.0,,,0.0089874069272324,89.51407301957762,0.003,0.0,0.003,0.0059604447064507,35.30943988940817,1.3672459538488848,-0.09158647230244354
2026-03-26,-0.0032972023932997,long_microcap_short_zz1000,long_microcap_short_zz1000,True,395030.2693400087,7639.376,-0.0174814559360824,-0.0144242535427826,-0.0152559413124107,-0.0562284252132121,0.0409724839008014,3.447267945183542,0.6390289604414466,0.0002399999999999,-0.0030572023932997,1.0,,,-0.0032972023932997,89.21892700378346,0.0,0.0,0.0,-0.0032972023932996,35.19301751969874,1.3627378672176251,-0.09458169556007368
2026-03-27,0.0046280161613254,long_microcap_short_zz1000,long_microcap_short_zz1000,True,402482.9692581684,7746.313,0.018866148993117,0.0139981328317915,-0.0117516864328182,-0.0519887178243273,0.0402370313915091,3.984500977356989,0.6503372081512002,0.0002399999999999,0.0048680161613254,1.0,,,0.0046280161613254,89.63183363985308,0.0,0.0,0.0,0.0046280161613254,35.35589137354572,1.3690446400907585,-0.09039140501436571
2026-03-30,0.0106209177223386,long_microcap_short_zz1000,long_microcap_short_zz1000,True,407977.4798650954,7767.93,0.0136515356588977,0.0027906179365591,-0.0368824797691051,-0.0583022593312018,0.0214197795620966,1.3323193799896869,0.8018160175068625,0.0002399999999999,0.0108609177223386,1.0,,,0.0106209177223386,90.58380597024431,0.0,0.0,0.0,0.0106209177223386,35.73140338682409,1.3835851505713712,-0.08073052696749128
2026-03-31,0.0022258195292224,long_microcap_short_zz1000,long_microcap_short_zz1000,True,401206.2066082652,7619.85,-0.0165971740868374,-0.0190629936160598,-0.0441927514340995,-0.0711882405728321,0.0269954891387326,-0.0491325426518837,0.8075082969615893,0.0002399999999999,0.0024658195292224,1.0,,,0.0022258195292224,90.78542917460418,0.0,0.0,0.0,0.0022258195292224,35.81093504228901,1.386664761419855,-0.07868439902179747
2026-04-01,-0.0102114947017737,long_microcap_short_zz1000,long_microcap_short_zz1000,True,404803.5336595927,7764.153,0.0089662796638634,0.0189377743656371,-0.0648171902175819,-0.0701713394705925,0.0053541492530105,-4.060054681758071,0.3935976154888064,0.0002399999999999,-0.0099714947017737,1.0,,,-0.0102114947017737,89.85837424558945,0.0,0.0,0.0,-0.0102114947017737,35.445251868839115,1.37250484155548,-0.08809240839984789
2026-04-02,-0.0111365777999089,long_microcap_short_zz1000,long_microcap_short_zz1000,True,393054.9371413583,7623.417,-0.0290229593897616,-0.0181263815898526,-0.0852710781539426,-0.0884924611939987,0.0032213830400561,-9.155694082808532,0.180009792545409,0.0002399999999999,-0.0108965777999089,1.0,,,-0.0111365777999089,88.8576594698301,0.0,0.0,0.0,-0.0111365777999089,35.05051306376442,1.3572198346067457,-0.09824793824003053
2026-04-03,-0.0286412270348539,long_microcap_short_zz1000,cash,False,377415.5062693238,7536.6,-0.039789427365493,-0.0113882003306391,-0.1107839944588183,-0.0958873346490867,-0.0148966598097316,-14.146986245000718,0.8156003324699888,0.0002399999999999,-0.0284012270348539,1.0,,,-0.0286412270348539,86.31266707116896,0.0,0.00063,0.00063,-0.029253183061822,34.025173988699336,1.3175168343298587,-0.12462705637907046
2026-04-07,0.0,cash,cash,False,389980.8091446687,7606.017,0.0332930223231959,0.0092106520181514,-0.0816283953013896,-0.0740509256243964,-0.0075774696769932,-15.796179827063304,0.6105072475498268,0.0,0.0,1.0,,,0.0,86.31266707116896,0.003,0.0,0.003,-0.003,33.92309846673324,1.313564283826869,-0.12725317520993318
2026-04-08,0.0,cash,cash,False,407052.6352190533,7955.768,0.043776067114245,0.0459834628294941,-0.0391708117047605,-0.0311256903857002,-0.0080451213190603,-16.014287423725047,0.2200129050806587,0.0,0.0,1.0,,,0.0,86.31266707116896,0.0,0.0,0.0,0.0,33.92309846673324,1.313564283826869,-0.12725317520993318
2026-04-09,0.0,cash,cash,False,396176.9142928679,7921.447,-0.0267182177074782,-0.0043139769787152,-0.0419202322613602,-0.0122707923595146,-0.0296494399018455,-20.503015413175817,0.1939917829152665,0.0,0.0,1.0,,,0.0,86.31266707116896,0.0,0.0,0.0,0.0,33.92309846673324,1.313564283826869,-0.12725317520993318
