date,return,weight,target_weight_next,signal_on,mom_signal_on,bias_signal_on,microcap_ret,hedge_ret,spread_ret,nav
2023-02-21,0.0,0.0,0.0,False,False,False,0.0026609430521871147,0.004471675556372956,-0.0018107325041858413,1.0
2023-02-22,0.0,0.0,0.0,False,False,False,0.005888179402798288,0.001137260960620834,0.004750918442177454,1.0
2023-02-23,0.0,0.0,0.0,False,True,False,0.0006804611127881888,-0.004521013998854073,0.005201475111642262,1.0
2023-02-24,0.0,0.0,0.0,False,True,False,-0.000510780578253045,-0.0031535326886558135,0.0026427521104027685,1.0
2023-02-27,0.0,0.0,0.0,False,True,False,-0.012247859554430751,-0.007274486595764795,-0.004973372958665956,1.0
2023-02-28,0.0,0.0,0.0,False,True,False,0.012025929902839128,0.008887051622354702,0.003138878280484425,1.0
2023-03-01,0.0,0.0,0.0,False,True,False,0.013096994546419438,0.006785928399829277,0.006311066146590161,1.0
2023-03-02,0.0,0.0,0.0,False,True,False,3.330804506473939e-05,-0.004349707330099428,0.004383015375164168,1.0
2023-03-03,0.0,0.0,1.0,True,True,True,-0.002676028137648001,-0.0006267650176198236,-0.0020492631200281775,1.0
2023-03-06,-0.0041721932704726124,1.0,0.0,False,True,False,0.00030407690406963894,0.0041762701745422515,-0.0038721932704726125,0.9958278067295274
2023-03-07,0.0,0.0,0.0,False,True,False,-0.018228895961411196,-0.020251420600711167,0.002022524639299972,0.9958278067295274
2023-03-08,0.0,0.0,1.0,True,True,True,0.01795324562371947,0.005268885277754265,0.012684360345965207,0.9958278067295274
2023-03-09,0.011304584318333666,1.0,1.0,True,True,True,0.011807734303967976,0.00020314998563430997,0.011604584318333666,1.0070852261372427
2023-03-10,0.0032024854971770215,1.0,1.0,True,True,True,-0.010216058039177911,-0.013718543536354932,0.0035024854971770214,1.0103104019683684
2023-03-13,-0.009484601122329772,1.0,1.0,True,True,True,-0.004136280218574484,0.005048320903755288,-0.009184601122329772,1.0007280107959577
2023-03-14,-0.007660679472762199,1.0,1.0,True,True,True,-0.016547492144914244,-0.009186812672152045,-0.007360679472762199,0.993061754265835
2023-03-15,0.00883231645837187,1.0,1.0,True,True,True,0.014098453078828621,0.004966136620456751,0.00913231645837187,1.0018327899422168
2023-03-16,0.0018439527297056894,1.0,0.0,False,False,True,-0.014566637601404864,-0.016710590331110553,0.0021439527297056893,1.0036801222499394
2023-03-17,0.0,0.0,0.0,False,False,True,0.005453078721059601,0.006964354582661869,-0.0015112758616022681,1.0036801222499394
2023-03-20,0.0,0.0,0.0,False,False,False,-0.005755109328801633,-0.002214842712024434,-0.003540266616777199,1.0036801222499394
2023-03-21,0.0,0.0,0.0,False,True,False,0.019930794808308283,0.013083486450096382,0.006847308358211901,1.0036801222499394
2023-03-22,0.0,0.0,0.0,False,True,False,0.01185570452434681,0.0045437256494340605,0.00731197887491275,1.0036801222499394
2023-03-23,0.0,0.0,0.0,False,True,False,-0.004243403805686219,0.0041664656529729616,-0.00840986945865918,1.0036801222499394
2023-03-24,0.0,0.0,0.0,False,True,False,0.0032067682210272785,-0.000128114977368754,0.0033348831983960325,1.0036801222499394
2023-03-27,0.0,0.0,0.0,False,True,False,-0.001151276921169786,0.002728616253758309,-0.003879893174928095,1.0036801222499394
2023-03-28,0.0,0.0,0.0,False,False,False,-0.00880371908444888,-0.008902680387820494,9.896130337161413e-05,1.0036801222499394
2023-03-29,0.0,0.0,0.0,False,False,False,-0.010716047023014097,-0.0027983789913529344,-0.007917668031661163,1.0036801222499394
2023-03-30,0.0,0.0,0.0,False,False,False,-0.013123029351557847,0.0001998154645417305,-0.013322844816099577,1.0036801222499394
2023-03-31,0.0,0.0,0.0,False,False,False,0.00946047389941973,0.010013749258186433,-0.0005532753587667028,1.0036801222499394
2023-04-03,0.0,0.0,0.0,False,False,False,0.008070675933314675,0.012564337874374054,-0.004493661941059379,1.0036801222499394
2023-04-04,0.0,0.0,0.0,False,False,False,-0.016644149007476128,-0.0012697135962770334,-0.015374435411199094,1.0036801222499394
2023-04-06,0.0,0.0,0.0,False,False,False,-0.006457777121705588,0.004267001852341856,-0.010724778974047444,1.0036801222499394
2023-04-07,0.0,0.0,0.0,False,False,False,0.008950867267217388,0.008572210057811613,0.00037865720940577496,1.0036801222499394
2023-04-10,0.0,0.0,0.0,False,False,False,-0.01737145675382179,-0.01055248626629135,-0.00681897048753044,1.0036801222499394
2023-04-11,0.0,0.0,0.0,False,False,False,-0.001163270006453443,0.0022343178012131926,-0.0033975878076666355,1.0036801222499394
2023-04-12,0.0,0.0,0.0,False,False,False,0.012340576147126026,0.005280535613547244,0.007060040533578782,1.0036801222499394
2023-04-13,0.0,0.0,0.0,False,True,False,-0.00021797436813209004,-0.007719676058464575,0.007501701690332485,1.0036801222499394
2023-04-14,0.0,0.0,0.0,False,False,False,0.002142562634261047,0.007646243192733548,-0.005503680558472501,1.0036801222499394
2023-04-17,0.0,0.0,1.0,True,True,True,-0.0003504619883257787,-0.0010427216745083623,0.0006922596861825836,1.0036801222499394
2023-04-18,-0.0076955516826590405,1.0,1.0,True,True,True,-0.009634324663948979,-0.002238772981289938,-0.007395551682659041,0.9959562499963075
2023-04-19,-0.0012810673575212369,1.0,0.0,False,False,True,-0.00548152254805101,-0.004500455190529773,-0.000981067357521237,0.994680362954918
2023-04-20,0.0,0.0,0.0,False,False,True,-0.011067069779223226,-0.00024118594575039953,-0.010825883833472827,0.994680362954918
2023-04-21,0.0,0.0,0.0,False,False,True,-0.029180592155827023,-0.027339565473369687,-0.0018410266824573362,0.994680362954918
2023-04-24,0.0,0.0,0.0,False,False,True,-0.0005962680173718926,-0.007121861486880432,0.006525593469508539,0.994680362954918
2023-04-25,0.0,0.0,0.0,False,False,True,-0.02323829535645816,-0.018144996409066194,-0.0050932989473919665,0.994680362954918
2023-04-26,0.0,0.0,1.0,True,True,True,0.01709442606989775,0.003204487494018027,0.013889938575879723,0.994680362954918
2023-04-27,0.0037059980059219403,1.0,1.0,True,True,True,0.005378197752314184,0.0013721997463922442,0.00400599800592194,0.9983666463965587
2023-04-28,0.014110165773824923,1.0,1.0,True,True,True,0.02794904199132131,0.013538876217496387,0.014410165773824923,1.0124537652802719
2023-05-04,0.015267358436713086,1.0,1.0,True,True,True,0.017154376716426833,0.0015870182797137478,0.015567358436713086,1.0279112598154057
2023-05-05,0.006855460529877811,1.0,1.0,True,True,True,-0.004772124535098787,-0.011927585064976598,0.007155460529877811,1.0349580648852872
2023-05-08,-0.006546763885344508,1.0,1.0,True,True,True,0.0010950710473616176,0.007341834932706126,-0.0062467638853445084,1.02818243880325
2023-05-09,-0.004830180849359966,1.0,1.0,True,True,True,-0.018086316619594922,-0.013556135770234956,-0.004530180849359966,1.0232161316776944
2023-05-10,0.008064285071694733,1.0,1.0,True,True,True,0.01073434756753544,0.002370062495840708,0.008364285071694733,1.0314676382535002
2023-05-11,0.014118332730817718,1.0,1.0,True,True,True,0.013695565876694404,-0.0007227668541233134,0.014418332730817718,1.0460302415714338
2023-05-12,0.005080409467323988,1.0,1.0,True,True,True,-0.007693163734418085,-0.013073573201742072,0.005380409467323988,1.0513445035138205
2023-05-15,0.0007697906762375809,1.0,1.0,True,True,True,0.008715209697832016,0.007645419021594435,0.0010697906762375808,1.0521538187101391
2023-05-16,0.006465298357581662,1.0,1.0,True,True,True,-0.0038057540861959893,-0.010571052443777651,0.006765298357581662,1.0589563070661692
2023-05-17,0.013239067213859335,1.0,1.0,True,True,True,0.01947649479918767,0.0059374275853283365,0.013539067213859335,1.0729759007919584
2023-05-18,0.003435219927420319,1.0,1.0,True,True,True,0.008122723779453445,0.0043875038520331255,0.003735219927420319,1.0766618089880007
2023-05-19,-0.0029616831933647943,1.0,1.0,True,True,True,0.0001604209602013018,0.0028221041535660962,-0.0026616831933647944,1.0734730778033832
2023-05-22,0.009275522603089137,1.0,1.0,True,True,True,0.008615254091414393,-0.0009602685116747445,0.009575522603089137,1.0834301016003562
2023-05-23,0.006912574004159422,1.0,1.0,True,True,True,-0.0030254800833301454,-0.010238054087489568,0.007212574004159422,1.0909193923560025
2023-05-24,0.007906765471578725,1.0,1.0,True,True,True,0.005867772295556906,-0.0023389931760218197,0.008206765471578725,1.0995450361397587
2023-05-25,0.0033983852792802364,1.0,1.0,True,True,True,0.0018283310200704062,-0.0018700542592098301,0.0036983852792802363,1.1032817138044817
2023-05-26,-0.007204235571448369,1.0,1.0,True,True,True,8.084364713334402e-05,0.0069850792185817134,-0.006904235571448369,1.095333412436563
2023-05-29,-0.00992274157742804,1.0,0.0,False,True,False,-0.01150010642319843,-0.0018773648457703906,-0.00962274157742804,1.0844647020438327
2023-05-30,0.0,0.0,0.0,False,False,False,0.002490871689877494,0.004644848885542396,-0.0021539771956649023,1.0844647020438327
2023-05-31,0.0,0.0,0.0,False,False,False,-0.0070359076666201,-0.0004295853282900719,-0.0066063223383300285,1.0844647020438327
2023-06-01,0.0,0.0,0.0,False,False,False,0.0009664597866969604,0.0019979730707977428,-0.0010315132841007824,1.0844647020438327
2023-06-02,0.0,0.0,0.0,False,False,False,0.00833262770170129,0.007836027474767082,0.0004966002269342074,1.0844647020438327
2023-06-05,0.0,0.0,0.0,False,False,False,0.008675898659907366,0.001008107112890011,0.007667791547017355,1.0844647020438327
2023-06-06,0.0,0.0,0.0,False,True,False,-0.018595375680351744,-0.02158161665380154,0.002986240973449794,1.0844647020438327
2023-06-07,0.0,0.0,0.0,False,True,False,0.007817075636055604,-0.00019260964496647937,0.008009685281022083,1.0844647020438327
2023-06-08,0.0,0.0,0.0,False,True,False,-0.0023944300198566193,-0.0071017298137030505,0.004707299793846431,1.0844647020438327
2023-06-09,0.0,0.0,0.0,False,True,False,-0.0013005868120077313,0.008239063217891474,-0.009539650029899205,1.0844647020438327
2023-06-12,0.0,0.0,0.0,False,True,False,0.012251903807656062,0.005326715479496702,0.00692518832815936,1.0844647020438327
2023-06-13,0.0,0.0,1.0,True,True,True,0.008345916110027662,0.0037977629950873837,0.004548153114940279,1.0844647020438327
2023-06-14,-0.005241441621254428,1.0,1.0,True,True,True,-0.001408239282872592,0.0035332023383818356,-0.004941441621254428,1.0787805436177589
2023-06-15,-0.011300541104345451,1.0,0.0,False,False,False,-0.005553696109118933,0.0054468449952265185,-0.011000541104345452,1.0665897397420383
2023-06-16,0.0,0.0,0.0,False,False,False,0.0008770535718183314,0.008324828582012334,-0.007447775010194002,1.0665897397420383
2023-06-19,0.0,0.0,0.0,False,False,False,-0.00538427180918033,0.003642219759754539,-0.009026491568934869,1.0665897397420383
2023-06-20,0.0,0.0,0.0,False,False,False,-0.008052863217409723,9.113591203147031e-05,-0.008143999129441193,1.0665897397420383
2023-06-21,0.0,0.0,0.0,False,False,False,-0.010321146574124862,-0.021736175120370627,0.011415028546245765,1.0665897397420383
2023-06-26,0.0,0.0,0.0,False,False,False,-0.013213628142430656,-0.01946121272186674,0.006247584579436083,1.0665897397420383
2023-06-27,0.0,0.0,0.0,False,True,False,0.027718200674844873,0.013440336896138882,0.01427786377870599,1.0665897397420383
2023-06-28,0.0,0.0,1.0,True,True,True,0.005922467911946061,-0.004880694976541644,0.010803162888487705,1.0665897397420383
2023-06-29,0.010150791613644928,1.0,1.0,True,True,True,0.01732747005287205,0.006876678439227124,0.010450791613644927,1.0774164699274116
2023-06-30,0.0022766092293131316,1.0,1.0,True,True,True,0.015153219188761335,0.012576609959448204,0.0025766092293131315,1.0798693262066623
2023-07-03,0.0012677394679916024,1.0,1.0,True,True,True,0.003209656208877698,0.0016419167408860957,0.0015677394679916024,1.081238319171768
2023-07-04,0.0048340874370284784,1.0,1.0,True,True,True,0.009000783944450363,0.003866696507421885,0.005134087437028478,1.0864651197469102
2023-07-05,0.004905436835188038,1.0,1.0,True,True,True,-0.0029335112626359683,-0.008138948097824006,0.005205436835188038,1.0917947057654636
2023-07-06,0.0060902775509938615,1.0,1.0,True,True,True,0.0037567881927815794,-0.002633489358212282,0.006390277550993861,1.098444038552281
2023-07-07,0.00542292676602526,1.0,1.0,True,True,True,-0.0012284123375031486,-0.006951339103528409,0.00572292676602526,1.104400820129927
2023-07-10,-0.0006169131958895565,1.0,1.0,True,True,True,0.000514192865204377,0.0008311060610939336,-0.0003169131958895566,1.1037195006904374
2023-07-11,0.0009014518477547754,1.0,1.0,True,True,True,0.009248212536295153,0.008046760688540378,0.0012014518477547753,1.1047144506737379
2023-07-12,0.005882433891608663,1.0,1.0,True,True,True,-0.008466385068261362,-0.014648818959870025,0.006182433891608663,1.1112128603989309
2023-07-13,-0.00236397168231609,1.0,1.0,True,True,True,0.008011626151399609,0.0100755978337157,-0.0020639716823160903,1.1085859846639223
2023-07-14,0.0020147090953443695,1.0,1.0,True,True,True,0.0017267711388333495,-0.0005879379565110199,0.0023147090953443694,1.110819462930196
2023-07-17,0.006758815153694997,1.0,1.0,True,True,True,0.002795667392076817,-0.00426314776161818,0.007058815153694997,1.118327286349268
2023-07-18,0.0031417859584007227,1.0,1.0,True,True,True,0.0024397235205499967,-0.001002062437850726,0.0034417859584007227,1.1218408313144164
2023-07-19,0.00447016684905307,1.0,1.0,True,True,True,0.002054357551707353,-0.002715809297345717,0.00477016684905307,1.126855647008472
2023-07-20,0.0033343068191531103,1.0,0.0,False,True,False,-0.009240846245607726,-0.012875153064760836,0.0036343068191531103,1.1306129294764937
2023-07-21,0.0,0.0,0.0,False,True,False,-0.0046960429350909605,-0.0011453073605502961,-0.0035507355745406644,1.1306129294764937
2023-07-24,0.0,0.0,0.0,False,True,False,0.004853691623689871,-0.0011919230420750493,0.00604561466576492,1.1306129294764937
2023-07-25,0.0,0.0,0.0,False,True,False,0.018042846203550678,0.01634085573658206,0.001701990466968617,1.1306129294764937
2023-07-26,0.0,0.0,0.0,False,True,False,0.0038694427145522514,-0.0063124493134326665,0.010181892027984918,1.1306129294764937
2023-07-27,0.0,0.0,0.0,False,True,False,-0.003197767197361534,-0.007696774942893669,0.004499007745532135,1.1306129294764937
2023-07-28,0.0,0.0,0.0,False,True,False,0.0039046273458331893,0.009025290477639558,-0.005120663131806369,1.1306129294764937
2023-07-31,0.0,0.0,0.0,False,True,False,0.005611628033354243,0.00780619236610991,-0.0021945643327556663,1.1306129294764937
2023-08-01,0.0,0.0,0.0,False,True,False,-0.0048226208036423746,-0.0012953029919351433,-0.0035273178117072312,1.1306129294764937
2023-08-02,0.0,0.0,0.0,False,False,False,0.002153895900798064,-0.0017503123362442308,0.003904208237042295,1.1306129294764937
2023-08-03,0.0,0.0,0.0,False,False,False,-0.008752493943585349,0.000541870252862342,-0.00929436419644769,1.1306129294764937
2023-08-04,0.0,0.0,0.0,False,False,False,-0.004233074252303681,0.005505004969582394,-0.009738079221886076,1.1306129294764937
2023-08-07,0.0,0.0,0.0,False,False,False,-0.005788072835664737,-0.004795480557952758,-0.0009925922777119789,1.1306129294764937
2023-08-08,0.0,0.0,0.0,False,False,False,0.003169914693110565,-0.005018465616437817,0.008188380309548382,1.1306129294764937
2023-08-09,0.0,0.0,0.0,False,False,False,-0.009796651826422753,-0.007782004963423406,-0.0020146468629993475,1.1306129294764937
2023-08-10,0.0,0.0,0.0,False,True,False,0.008446892907420622,0.0009079610900517565,0.007538931817368866,1.1306129294764937
2023-08-11,0.0,0.0,0.0,False,True,False,-0.01150928391623629,-0.01900943080626316,0.007500146890026871,1.1306129294764937
2023-08-14,0.0,0.0,0.0,False,True,False,0.006614354828922364,0.002342719013298078,0.004271635815624286,1.1306129294764937
2023-08-15,0.0,0.0,1.0,True,True,True,-0.00017675394657556964,-0.00912743436491703,0.008950680418341461,1.1306129294764937
2023-08-16,0.005470886331173952,1.0,1.0,True,True,True,-0.006259335348777095,-0.012030221679951048,0.005770886331173952,1.1367983842982152
2023-08-17,0.009092573948936,1.0,1.0,True,True,True,0.01928524173634072,0.009892667787404719,0.009392573948936,1.1471348076724777
2023-08-18,0.018627255729056734,1.0,1.0,True,True,True,-0.0019591646563713594,-0.020886420385428095,0.018927255729056736,1.1685027810906952
2023-08-21,0.010904001939663533,1.0,1.0,True,True,True,0.0014052571075451326,-0.0097987448321184,0.011204001939663533,1.1812441376822105
2023-08-22,-0.014580675597938108,1.0,1.0,True,True,True,-0.007343442533652489,0.0069372330642856195,-0.014280675597938108,1.1640208001087
2023-08-23,0.012585703936029613,1.0,1.0,True,True,True,-0.007694077969436441,-0.020579781905466055,0.012885703936029613,1.1786708212742483
2023-08-24,-0.011120311176212849,1.0,1.0,True,True,True,-0.008426472882500535,0.0023938382937123137,-0.010820311176212849,1.1655636349673564
2023-08-25,0.00026588893515929775,1.0,0.0,False,False,True,-0.017627254985067453,-0.01819314392022675,0.0005658889351592977,1.1658735454411182
2023-08-28,0.0,0.0,0.0,False,False,True,0.011037004882137769,0.007336244244373624,0.0037007606377641444,1.1658735454411182
2023-08-29,0.0,0.0,1.0,True,True,True,0.04894962601910269,0.031508773825766445,0.017440852193336243,1.1658735454411182
2023-08-30,0.006905702483531473,1.0,1.0,True,True,True,0.012259101209295853,0.00505339872576438,0.007205702483531473,1.1739247212793547
2023-08-31,0.001604478919551811,1.0,0.0,False,True,False,-0.0038499395063141817,-0.0057544184258659925,0.0019044789195518108,1.175808258747788
2023-09-01,0.0,0.0,1.0,True,True,True,-0.0005592267237564119,0.0004750749471682525,-0.0010343016709246644,1.175808258747788
2023-09-04,-0.0012491141914768075,1.0,1.0,True,True,True,0.014043026232940292,0.0149921404244171,-0.0009491141914768075,1.1743395399653307
2023-09-05,0.0009146992858548256,1.0,0.0,False,True,False,-0.00380565962463697,-0.005020358910491796,0.0012146992858548256,1.1754137075038882
2023-09-06,0.0,0.0,0.0,False,True,False,0.006813561643508104,0.004497668476110661,0.0023158931673974426,1.1754137075038882
2023-09-07,0.0,0.0,0.0,False,True,False,-0.013292494069657046,-0.018060231979313723,0.004767737909656677,1.1754137075038882
2023-09-08,0.0,0.0,0.0,False,True,False,0.0004888058539598283,0.003123207237950565,-0.0026344013839907365,1.1754137075038882
2023-09-11,0.0,0.0,0.0,False,False,False,0.0036239040326340177,0.013133983013491335,-0.009510078980857317,1.1754137075038882
2023-09-12,0.0,0.0,0.0,False,False,False,-0.004442431069344388,0.00031863411099464223,-0.00476106518033903,1.1754137075038882
2023-09-13,0.0,0.0,0.0,False,False,False,-0.008326743609617049,-0.013173021419297104,0.004846277809680055,1.1754137075038882
2023-09-14,0.0,0.0,0.0,False,False,False,-0.010333953688633657,-0.005641358382734163,-0.004692595305899494,1.1754137075038882
2023-09-15,0.0,0.0,0.0,False,False,False,0.0006394650160093107,0.0017054695314160373,-0.0010660045154067266,1.1754137075038882
2023-09-18,0.0,0.0,0.0,False,True,False,0.019008535218064893,0.0008076906627010327,0.01820084455536386,1.1754137075038882
2023-09-19,0.0,0.0,0.0,False,True,False,-0.01113549930632518,-0.008699911406532257,-0.0024355878997929237,1.1754137075038882
2023-09-20,0.0,0.0,0.0,False,True,False,-0.004361234039561235,-0.008038414601793331,0.0036771805622320963,1.1754137075038882
2023-09-21,0.0,0.0,0.0,False,True,False,-0.0054142600816569075,-0.007170843251049774,0.0017565831693928668,1.1754137075038882
2023-09-22,0.0,0.0,1.0,True,True,True,0.018631144205031536,0.019406834734648104,-0.0007756905296165684,1.1754137075038882
2023-09-25,0.0010568626854730815,1.0,1.0,True,True,True,-0.003191497080866079,-0.004548359766339161,0.0013568626854730814,1.1766559583913425
2023-09-26,0.0024724740397516713,1.0,1.0,True,True,True,-0.0024171685750452587,-0.00518964261479693,0.002772474039751671,1.1795652097021843
2023-09-27,-0.0039285937072073614,1.0,1.0,True,True,True,0.0027005096614767243,0.006329103368684086,-0.0036285937072073615,1.1749311772421076
2023-09-28,0.0059491182608483965,1.0,1.0,True,True,True,0.013686896473196208,0.007437778212347812,0.006249118260848396,1.1819209817638787
2023-10-09,-0.0062662516549841,1.0,0.0,False,True,False,-0.009086861498147414,-0.0031206098431633134,-0.0059662516549841005,1.1745147674558405
2023-10-10,0.0,0.0,0.0,False,False,False,-0.0038397164360678415,-0.002721135583179546,-0.0011185808528882957,1.1745147674558405
2023-10-11,0.0,0.0,0.0,False,False,False,-0.0013746196758270823,0.0026342438462607642,-0.004008863522087847,1.1745147674558405
2023-10-12,0.0,0.0,0.0,False,False,False,0.00237089350112063,0.007436379839588225,-0.005065486338467595,1.1745147674558405
2023-10-13,0.0,0.0,0.0,False,False,False,-0.014193259055096386,-0.003700573023658116,-0.01049268603143827,1.1745147674558405
2023-10-16,0.0,0.0,0.0,False,False,False,0.002699211087819009,-0.009455973245071081,0.01215518433289009,1.1745147674558405
2023-10-17,0.0,0.0,0.0,False,False,False,0.001040005094664842,-0.0021562456426906795,0.0031962507373555216,1.1745147674558405
2023-10-18,0.0,0.0,0.0,False,False,False,-0.01834463259171404,-0.01719408387771837,-0.0011505487139956694,1.1745147674558405
2023-10-19,0.0,0.0,0.0,False,True,False,-0.004089587882686541,-0.011022323929715694,0.006932736047029153,1.1745147674558405
2023-10-20,0.0,0.0,1.0,True,True,True,-0.004387824104339244,-0.011735630826526067,0.007347806722186823,1.1745147674558405
2023-10-23,-0.0004537647146803156,1.0,1.0,True,True,True,-0.02373749405423886,-0.023583729339558546,-0.0001537647146803156,1.173981814097498
2023-10-24,0.02726168664878178,1.0,1.0,True,True,True,0.041960052067164355,0.014398365418382575,0.02756168664878178,1.2059865384447925
2023-10-25,0.008546889676528802,1.0,1.0,True,True,True,0.019264212015548177,0.010417322339019375,0.008846889676528802,1.216293972340259
2023-10-26,-0.0072650119215658445,1.0,1.0,True,True,True,-0.0012909216967826875,0.005674090224783157,-0.006965011921565845,1.2074575821310785
2023-10-27,-0.007010746078669727,1.0,1.0,True,True,True,0.011354567109060687,0.018065313187730414,-0.006710746078669727,1.198992403621993
2023-10-30,-0.005481960794757634,1.0,1.0,True,True,True,0.010008990887604874,0.015190951682362508,-0.005181960794757634,1.192419574272125
2023-10-31,0.0066746215565396064,1.0,0.0,False,False,True,0.000778063127089057,-0.006196558429450549,0.006974621556539606,1.2003785236670017
2023-11-01,0.0,0.0,1.0,True,True,True,0.01089137232419124,-0.0018293479681170677,0.012720720292308307,1.2003785236670017
2023-11-02,0.006469397265450894,1.0,1.0,True,True,True,-0.005510703835176489,-0.012280101100627383,0.006769397265450894,1.208144249205519
2023-11-03,-0.005620181032760773,1.0,1.0,True,True,True,0.009618861488797315,0.014939042521558088,-0.0053201810327607735,1.2013542598112952
2023-11-06,-0.0064986578290968985,1.0,0.0,False,True,False,0.014460389209577595,0.020659047038674494,-0.0061986578290968986,1.1935470695452537
2023-11-07,0.0,0.0,0.0,False,True,False,0.008346261737376404,0.0033116982171943476,0.005034563520182056,1.1935470695452537
2023-11-08,0.0,0.0,0.0,False,False,False,0.001533266875704653,0.0036261027079693697,-0.0020928358322647167,1.1935470695452537
2023-11-09,0.0,0.0,0.0,False,False,False,-0.0037346790706672683,-0.00623071735511338,0.0024960382844461115,1.1935470695452537
2023-11-10,0.0,0.0,0.0,False,True,False,0.001552951136984726,-0.001988299684133943,0.003541250821118669,1.1935470695452537
2023-11-13,0.0,0.0,0.0,False,True,False,0.015527311799130361,0.009209074066774292,0.006318237732356069,1.1935470695452537
2023-11-14,0.0,0.0,0.0,False,True,False,-0.0019759607950348146,0.006078478281035471,-0.008054439076070286,1.1935470695452537
2023-11-15,0.0,0.0,0.0,False,True,False,0.005173740397567572,0.004090922325856949,0.0010828180717106228,1.1935470695452537
2023-11-16,0.0,0.0,0.0,False,True,False,-0.0031581592355512944,-0.010007620097079895,0.0068494608615286,1.1935470695452537
2023-11-17,0.0,0.0,0.0,False,True,False,0.00881739067755194,0.00880043611628678,1.695456126515893e-05,1.1935470695452537
2023-11-20,0.0,0.0,0.0,False,True,False,0.01266900832369977,0.008718824757268262,0.003950183566431509,1.1935470695452537
2023-11-21,0.0,0.0,0.0,False,True,False,-0.004797303822934085,-0.006580546529181386,0.001783242706247301,1.1935470695452537
2023-11-22,0.0,0.0,0.0,False,True,False,-0.004778060999351741,-0.012742811241876706,0.007964750242524965,1.1935470695452537
2023-11-23,0.0,0.0,0.0,False,True,False,0.006518564551118544,0.01052671054970089,-0.0040081459985823464,1.1935470695452537
2023-11-24,0.0,0.0,1.0,True,True,True,-0.011413475899304637,-0.013250440094682903,0.0018369641953782656,1.1935470695452537
2023-11-27,0.0010657432639386791,1.0,1.0,True,True,True,0.0007034818620048622,-0.0006622614019338169,0.001365743263938679,1.1948190842948154
2023-11-28,0.00767335263030452,1.0,1.0,True,True,True,0.013199685230576907,0.0052263326002723876,0.00797335263030452,1.2039873524580271
2023-11-29,0.0006910578384026981,1.0,1.0,True,True,True,-0.003880916507632892,-0.00487197434603559,0.000991057838402698,1.204819377355281
2023-11-30,0.00045310340052436866,1.0,1.0,True,True,True,-0.004615457638640574,-0.005368561039164943,0.0007531034005243686,1.2053652851121786
2023-12-01,-0.004946800559916064,1.0,1.0,True,True,True,0.0034939103955073936,0.008140710955423458,-0.0046468005599160644,1.1994025834448823
2023-12-04,0.008335013152024307,1.0,1.0,True,True,True,0.006080384723218701,-0.0025546284288056054,0.008635013152024307,1.2093996197524672
2023-12-05,0.007980752305031003,1.0,1.0,True,True,True,-0.011637833195730307,-0.01991858550076131,0.008280752305031003,1.2190515385555103
2023-12-06,0.003817764465340512,1.0,1.0,True,True,True,0.009324185718219136,0.0052064212528786236,0.004117764465340512,1.2237055902008263
2023-12-07,-0.005711258131454821,1.0,1.0,True,True,True,-0.005904302389232341,-0.0004930442577775196,-0.005411258131454821,1.216716691698285
2023-12-08,-0.02344622980463166,1.0,0.0,False,False,False,-0.026084362919168935,-0.002938133114537278,-0.023146229804631657,1.188189272537596
2023-12-11,0.0,0.0,0.0,False,False,False,0.010351990392883703,0.011983728515410297,-0.0016317381225265937,1.188189272537596
2023-12-12,0.0,0.0,0.0,False,False,False,0.00963404443675464,0.0006436129236158106,0.00899043151313883,1.188189272537596
2023-12-13,0.0,0.0,0.0,False,False,False,-0.00010044098806105684,-0.00977794008544175,0.009677499097380693,1.188189272537596
2023-12-14,0.0,0.0,0.0,False,True,False,0.0028923058005223545,-0.004600011628776324,0.007492317429298678,1.188189272537596
2023-12-15,0.0,0.0,0.0,False,True,False,0.002721244692125202,-0.006719115600164138,0.00944036029228934,1.188189272537596
2023-12-18,0.0,0.0,0.0,False,True,False,-0.011575123086537964,-0.015893205188520776,0.004318082101982812,1.188189272537596
2023-12-19,0.0,0.0,1.0,True,True,True,0.004819664689169834,0.0011149033380513096,0.003704761351118524,1.188189272537596
2023-12-20,0.016983878536075157,1.0,1.0,True,True,True,-0.00015098163371984885,-0.017434860169795008,0.01728387853607516,1.208369334820242
2023-12-21,-0.00037747190241080834,1.0,1.0,True,True,True,0.006448821596810594,0.006526293499221403,-7.747190241080837e-05,1.2079132093486125
2023-12-22,-0.00882394071467788,1.0,1.0,True,True,True,-0.0197329437859447,-0.011209003071266821,-0.00852394071467788,1.197254654800844
2023-12-25,-0.012073700876879345,1.0,1.0,True,True,True,-0.011456290941948333,0.0003174099349310122,-0.011773700876879345,1.1827993602253273
2023-12-26,0.00345723514653048,1.0,1.0,True,True,True,-0.010912214077892446,-0.014669449224422926,0.00375723514653048,1.186888575744792
2023-12-27,-0.00020538929693983936,1.0,0.0,False,False,False,0.007980886954522148,0.007886276251461988,9.461070306016062e-05,1.186644801534674
2023-12-28,0.0,0.0,0.0,False,False,False,0.018607192714222176,0.019200654475997947,-0.0005934617617757709,1.186644801534674
2023-12-29,0.0,0.0,0.0,False,False,False,0.016750747778553787,0.014074511715554072,0.002676236062999715,1.186644801534674
2024-01-02,0.0,0.0,0.0,False,True,False,0.015123968703566693,-0.005518715051535117,0.02064268375510181,1.186644801534674
2024-01-03,0.0,0.0,0.0,False,True,False,-0.005024191404620737,-0.005245313634228643,0.00022112222960790628,1.186644801534674
2024-01-04,0.0,0.0,1.0,True,True,True,0.0030830856212478164,-0.007043220856999488,0.010126306478247304,1.186644801534674
2024-01-05,0.0030878380836119827,1.0,1.0,True,True,True,-0.015150918483026188,-0.01853875656663817,0.0033878380836119826,1.190308968544573
2024-01-08,0.00828364529912603,1.0,1.0,True,True,True,-0.014715231865543132,-0.023298877164669163,0.00858364529912603,1.2001690658363646
2024-01-09,0.010290564819541681,1.0,1.0,True,True,True,0.012345751459198251,0.0017551866396565696,0.010590564819541681,1.2125194834027626
2024-01-10,-0.00437884605258757,1.0,1.0,True,True,True,-0.011503260364798429,-0.007424414312210859,-0.00407884605258757,1.207210047249179
2024-01-11,-0.005625473143596326,1.0,1.0,True,True,True,0.012642368338823262,0.01796784148241959,-0.0053254731435963265,1.200418919549699
2024-01-12,-0.0020505261276641314,1.0,1.0,True,True,True,-0.008276864053671673,-0.006526337926007542,-0.0017505261276641315,1.19795742919102
2024-01-15,0.001712091698498142,1.0,0.0,False,True,False,-0.0006984701645601499,-0.0027105618630582917,0.002012091698498142,1.200008442160692
2024-01-16,0.0,0.0,0.0,False,False,False,-0.006045595074969934,-0.003581334609254916,-0.002464260465715018,1.200008442160692
2024-01-17,0.0,0.0,0.0,False,True,False,-0.019098772635428585,-0.02714158574737302,0.008042813111944436,1.200008442160692
2024-01-18,0.0,0.0,0.0,False,False,False,-0.017906469253078372,-0.002913277121311064,-0.014993192131767308,1.200008442160692
2024-01-19,0.0,0.0,0.0,False,False,False,-0.014233297605210193,-0.012362703827357713,-0.0018705937778524806,1.200008442160692
2024-01-22,0.0,0.0,0.0,False,False,False,-0.06646421096524191,-0.05768995230818219,-0.00877425865705972,1.200008442160692
2024-01-23,0.0,0.0,0.0,False,False,False,-0.019846530881164393,0.015757384274210473,-0.035603915155374866,1.200008442160692
2024-01-24,0.0,0.0,0.0,False,False,False,0.01891549808021309,0.012556032624423397,0.006359465455789692,1.200008442160692
2024-01-25,0.0,0.0,0.0,False,False,False,0.04832561174978456,0.0335944441528091,0.014731167596975459,1.200008442160692
2024-01-26,0.0,0.0,0.0,False,False,False,0.0051567966165686485,-0.00873556299612499,0.013892359612693639,1.200008442160692
2024-01-29,0.0,0.0,0.0,False,False,False,-0.042525988163146455,-0.02628392943891189,-0.016242058724234565,1.200008442160692
2024-01-30,0.0,0.0,0.0,False,True,False,-0.04135615322393027,-0.0285680876979294,-0.012788065526000869,1.200008442160692
2024-01-31,0.0,0.0,0.0,False,False,False,-0.06388465851512459,-0.04004886993295431,-0.02383578858217028,1.200008442160692
2024-02-01,0.0,0.0,0.0,False,False,False,-0.026008081706457742,-0.007228794803794347,-0.018779286902663395,1.200008442160692
2024-02-02,0.0,0.0,0.0,False,False,False,-0.05963044890844271,-0.03700078308535626,-0.022629665823086453,1.200008442160692
2024-02-05,0.0,0.0,0.0,False,False,False,-0.13328982882705254,-0.06155635269866466,-0.07173347612838787,1.200008442160692
2024-02-06,0.0,0.0,0.0,False,False,False,-0.03624454801658661,0.06973331438807184,-0.10597786240465845,1.200008442160692
2024-02-07,0.0,0.0,0.0,False,False,False,-0.08499829764231592,0.044727857086864775,-0.1297261547291807,1.200008442160692
2024-02-08,0.0,0.0,0.0,False,False,False,0.105727171355253,0.040695311441583115,0.06503185991366989,1.200008442160692
2024-02-19,0.0,0.0,0.0,False,False,False,0.059100179354415916,0.007308085157517352,0.051792094196898564,1.200008442160692
2024-02-20,0.0,0.0,0.0,False,False,False,0.020274218336168603,0.0032646796259734323,0.01700953871019517,1.200008442160692
2024-02-21,0.0,0.0,0.0,False,True,False,0.03784935891918573,0.005443905184492115,0.03240545373469361,1.200008442160692
2024-02-22,0.0,0.0,0.0,False,True,False,0.04119569309889859,0.015383917941925507,0.025811775156973082,1.200008442160692
2024-02-23,0.0,0.0,1.0,True,True,True,0.048072054863664615,0.014391840870576322,0.03368021399308829,1.200008442160692
2024-02-26,0.02471417638515435,1.0,1.0,True,True,True,0.030703399011152488,0.005689222625998136,0.025014176385154352,1.2296656624639257
2024-02-27,0.00622961636252658,1.0,1.0,True,True,True,0.03290819839243864,0.026378582029912057,0.00652961636252658,1.2373260077952482
2024-02-28,-0.05495950944921261,1.0,1.0,True,True,True,-0.09952021656430088,-0.04486070711508827,-0.05465950944921261,1.1693231773780688
2024-02-29,0.005858461323122921,1.0,1.0,True,True,True,0.04353387499340933,0.037375413670286406,0.006158461323122921,1.1761736119869695
2024-03-01,0.0022050872933749525,1.0,0.0,False,False,True,0.01323178203817399,0.010726694744799037,0.0025050872933749524,1.1787671774735649
2024-03-04,0.0,0.0,0.0,False,False,True,-0.005967563276150556,0.004887133141056932,-0.010854696417207488,1.1787671774735649
2024-03-05,0.0,0.0,0.0,False,False,True,-0.02918391056708658,-0.009802259991083861,-0.019381650576002718,1.1787671774735649
2024-03-06,0.0,0.0,1.0,True,True,True,0.02535533414866964,0.0011776459360053337,0.024177688212664306,1.1787671774735649
2024-03-07,0.017611890804400364,1.0,1.0,True,True,True,0.0033842347408041817,-0.014527656063596184,0.017911890804400366,1.1995274962870404
2024-03-08,-0.005416089249060485,1.0,1.0,True,True,True,0.007534572228364844,0.012650661477425329,-0.005116089249060485,1.1930307483104476
2024-03-11,0.0032349125455637066,1.0,1.0,True,True,True,0.02146291378197751,0.017928001236413804,0.0035349125455637065,1.1968900984454005
2024-03-12,0.01898333754811673,1.0,1.0,True,True,True,0.024718110215106615,0.005434772666989884,0.01928333754811673,1.2196110671921883
2024-03-13,-0.005300608847172683,1.0,1.0,True,True,True,-0.00037572983633638035,0.0046248790108363025,-0.005000608847172683,1.2131463859793197
2024-03-14,0.0033543119918097667,1.0,1.0,True,True,True,-0.0027077669030394214,-0.006362078894849188,0.0036543119918097666,1.217215657449631
2024-03-15,0.008091461361838104,1.0,1.0,True,True,True,0.020965618634490868,0.012574157272652764,0.008391461361838104,1.227064710910909
2024-03-18,0.013221490522332425,1.0,1.0,True,True,True,0.030147837801853816,0.016626347279521392,0.013521490522332424,1.243288335356506
2024-03-19,0.008434568732063908,1.0,1.0,True,True,True,0.0015585899359922273,-0.00717597879607168,0.008734568732063908,1.2537749362748438
2024-03-20,0.010732804605301871,1.0,1.0,True,True,True,0.02024728240994844,0.00921447780464657,0.011032804605301871,1.2672314576849066
2024-03-21,0.005982321196606433,1.0,1.0,True,True,True,0.006128587862095136,-0.00015373333451129678,0.006282321196606433,1.2748124432952215
2024-03-22,-0.00796859146636678,1.0,1.0,True,True,True,-0.018696677739933998,-0.011028086273567217,-0.007668591466366781,1.264653983738361
2024-03-25,-0.005535126045555649,1.0,0.0,False,True,False,-0.028434336893536583,-0.023199210847980933,-0.005235126045555649,1.2576539645343552
2024-03-26,0.0,0.0,1.0,True,True,True,0.002882656557394281,-0.0033497619857814076,0.0062324185431756884,1.2576539645343552
2024-03-27,0.0021578027996793318,1.0,1.0,True,True,True,-0.03086237525548119,-0.03332017805516052,0.0024578027996793317,1.2603677337800552
2024-03-28,0.009325762980153718,1.0,0.0,False,True,False,0.03165480462854364,0.022029041648389924,0.009625762980153718,1.2721216245331215
2024-03-29,0.0,0.0,0.0,False,True,False,0.018261060636938442,0.010965694580695073,0.007295366056243369,1.2721216245331215
2024-04-01,0.0,0.0,0.0,False,True,False,0.025066061051072674,0.021649397382224045,0.0034166636688486296,1.2721216245331215
2024-04-02,0.0,0.0,1.0,True,True,True,0.010339802115729047,-0.005038621637471152,0.015378423753200199,1.2721216245331215
2024-04-03,-0.0016360066060763564,1.0,1.0,True,True,True,-0.006781627238686805,-0.005445620632610448,-0.0013360066060763565,1.2700404251516528
2024-04-08,-0.0252313942780669,1.0,0.0,False,False,False,-0.04329556179156013,-0.018364167513493235,-0.0249313942780669,1.2379955344355678
2024-04-09,0.0,0.0,0.0,False,False,False,0.02005562949676576,0.012777990744290202,0.007277638752475557,1.2379955344355678
2024-04-10,0.0,0.0,0.0,False,False,False,-0.026740630228050732,-0.018625283648844082,-0.00811534657920665,1.2379955344355678
2024-04-11,0.0,0.0,0.0,False,False,False,0.004158121934492609,0.0023979653627224096,0.0017601565717701995,1.2379955344355678
2024-04-12,0.0,0.0,0.0,False,False,False,-0.0027171544732081943,-0.0076488126217489905,0.004931658148540796,1.2379955344355678
2024-04-15,0.0,0.0,0.0,False,False,False,-0.08220295875966332,-0.009601462509154723,-0.0726014962505086,1.2379955344355678
2024-04-16,0.0,0.0,0.0,False,False,False,-0.0995362046848467,-0.04176824251869038,-0.05776796216615632,1.2379955344355678
2024-04-17,0.0,0.0,0.0,False,False,False,0.0871118284920922,0.04357900470921683,0.043532823782875374,1.2379955344355678
2024-04-18,0.0,0.0,0.0,False,False,False,-0.0071535296712510466,-0.00013995377742803683,-0.00701357589382301,1.2379955344355678
2024-04-19,0.0,0.0,0.0,False,False,False,-0.007343964196507846,-0.004223790932752269,-0.003120173263755577,1.2379955344355678
2024-04-22,0.0,0.0,0.0,False,False,False,-0.015724603192275532,-0.003478085780118989,-0.012246517412156543,1.2379955344355678
2024-04-23,0.0,0.0,0.0,False,True,False,0.02800085450051415,-0.005270602049530226,0.033271456550044376,1.2379955344355678
2024-04-24,0.0,0.0,0.0,False,True,False,0.031164285049852136,0.01670617407917696,0.014458110970675175,1.2379955344355678
2024-04-25,0.0,0.0,1.0,True,True,True,0.015135502207987983,0.001579460231716956,0.013556041976271027,1.2379955344355678
2024-04-26,-0.013445555843891543,1.0,1.0,True,True,True,0.006039651505012067,0.01918520734890361,-0.013145555843891543,1.221349996342826
2024-04-29,0.014898180862652677,1.0,1.0,True,True,True,0.03907030647704279,0.023872125614390116,0.015198180862652677,1.2395458894849416
2024-04-30,0.0054594231865550905,1.0,1.0,True,True,True,-0.002860597984793878,-0.008620021171348968,0.0057594231865550904,1.2463130950547947
2024-05-06,0.009320450875586828,1.0,1.0,True,True,True,0.02952247782272388,0.019902026947137053,0.009620450875586828,1.2579292950328536
2024-05-07,0.00984169022500222,1.0,1.0,True,True,True,0.013441231499588202,0.003299541274585982,0.01014169022500222,1.2703094454795223
2024-05-08,0.0009169638257618632,1.0,1.0,True,True,True,-0.01454741663835235,-0.015764380464114214,0.0012169638257618631,1.2714742732885504
2024-05-09,-0.0012089428039115165,1.0,1.0,True,True,True,0.015377049111792163,0.01628599191570368,-0.0009089428039115166,1.2699371336154996
2024-05-10,-0.0063701914718996885,1.0,1.0,True,True,True,-0.015418261344279038,-0.00934806987237935,-0.0060701914718996886,1.2618473909170935
2024-05-13,-0.019497227615805225,1.0,0.0,False,False,True,-0.028782407990493586,-0.009585180374688362,-0.019197227615805224,1.237244865119973
2024-05-14,0.0,0.0,0.0,False,False,True,0.015727928144259495,0.00559339226199107,0.010134535882268425,1.237244865119973
2024-05-15,0.0,0.0,0.0,False,False,True,0.00014403091072567875,-0.009807841950544849,0.009951872861270528,1.237244865119973
2024-05-16,0.0,0.0,1.0,True,True,True,0.018429204392832244,-0.001506213129157774,0.019935417521990018,1.237244865119973
2024-05-17,0.0021619688180804734,1.0,1.0,True,True,True,0.01599461167327121,0.013532642855190735,0.0024619688180804733,1.2399197499386927
2024-05-20,-0.009840655676646859,1.0,1.0,True,True,True,-0.0035099864431260563,0.006030669233520802,-0.009540655676646859,1.227718126612872
2024-05-21,-0.002813155479012652,1.0,1.0,True,True,True,-0.0132407524186815,-0.010727596939668849,-0.002513155479012652,1.224264364638308
2024-05-22,0.005698579033243301,1.0,1.0,True,True,True,0.006525965184660976,0.0005273861514176748,0.005998579033243301,1.2312409318777828
2024-05-23,0.00030579397775717417,1.0,0.0,False,False,True,-0.022290918094824974,-0.022896712072582148,0.0006057939777571741,1.2316174379399192
2024-05-24,0.0,0.0,0.0,False,False,True,-0.007587770995005294,-0.011585458226950118,0.003997687231944824,1.2316174379399192
2024-05-27,0.0,0.0,0.0,False,True,False,0.003220985669192933,0.010188575561997926,-0.006967589892804993,1.2316174379399192
2024-05-28,0.0,0.0,0.0,False,True,False,-0.013806719302144721,-0.010470671388552732,-0.0033360479135919885,1.2316174379399192
2024-05-29,0.0,0.0,0.0,False,True,False,0.007370078078222875,0.0006020908633646016,0.006767987214858273,1.2316174379399192
2024-05-30,0.0,0.0,0.0,False,False,False,-0.014023423296299353,-0.0031674842326558927,-0.01085593906364346,1.2316174379399192
2024-05-31,0.0,0.0,0.0,False,False,False,0.007429956191925768,0.003919914515494005,0.0035100416764317632,1.2316174379399192
2024-06-03,0.0,0.0,0.0,False,False,False,-0.034030389272517114,-0.013181555905370734,-0.02084883336714638,1.2316174379399192
2024-06-04,0.0,0.0,0.0,False,False,False,-0.02840331633488047,0.005504653125484982,-0.03390796946036545,1.2316174379399192
2024-06-05,0.0,0.0,0.0,False,False,False,-0.024458260401159948,-0.01310195701308503,-0.011356303388074918,1.2316174379399192
2024-06-06,0.0,0.0,0.0,False,False,False,-0.06080423482610808,-0.02159001847794384,-0.039214216348164244,1.2316174379399192
2024-06-07,0.0,0.0,0.0,False,False,False,0.05045175742235486,0.004428098938386693,0.046023658483968166,1.2316174379399192
2024-06-11,0.0,0.0,0.0,False,False,False,-0.0016182029925535524,0.008795810299228268,-0.01041401329178182,1.2316174379399192
2024-06-12,0.0,0.0,0.0,False,True,False,0.027524776402576112,0.0033737776307387612,0.02415099877183735,1.2316174379399192
2024-06-13,0.0,0.0,0.0,False,True,False,-0.00015195635784581718,-0.006943406064649271,0.006791449706803454,1.2316174379399192
2024-06-14,0.0,0.0,0.0,False,True,False,-0.0006846198113911184,7.914691211219349e-05,-0.0007637667235033119,1.2316174379399192
2024-06-17,0.0,0.0,1.0,True,True,True,-0.014507692475110634,0.0006408462258598036,-0.015148538700970438,1.2316174379399192
2024-06-18,0.01614294673237012,1.0,1.0,True,True,True,0.024791760479363267,0.008348813746993144,0.016442946732370123,1.2514993726352415
2024-06-19,0.018885296203121148,1.0,1.0,True,True,True,0.0063181098240499,-0.01286718637907125,0.01918529620312115,1.2751343089854783
2024-06-20,0.003508093029898818,1.0,1.0,True,True,True,-0.016317914966240576,-0.020126007996139395,0.003808093029898818,1.279607598767015
2024-06-21,-0.0065256680571279865,1.0,1.0,True,True,True,-0.006385869317377946,-0.00016020126024995918,-0.0062256680571279865,1.271257304334083
2024-06-24,-0.009325887074695982,1.0,1.0,True,True,True,-0.04216912401471773,-0.03314323694002175,-0.009025887074695982,1.259401702270981
2024-06-25,0.01876909558145575,1.0,1.0,True,True,True,0.010850640577343418,-0.008218455004112335,0.019069095581455753,1.2830395331963529
2024-06-26,0.0059217793790246834,1.0,1.0,True,True,True,0.03484825716911111,0.028626477790086424,0.006221779379024683,1.2906374102465086
2024-06-27,0.01399612994049656,1.0,1.0,True,True,True,-0.01022867562987717,-0.02452480557037373,0.01429612994049656,1.3087013391463846
2024-06-28,-0.0054747466798179874,1.0,1.0,True,True,True,0.0013835201285674614,0.006558266808385449,-0.0051747466798179875,1.3015365308350197
2024-07-01,-0.005666296218157762,1.0,1.0,True,True,True,0.0036737549257375157,0.009040051143895278,-0.005366296218157762,1.2941616393125552
2024-07-02,0.02150871917499083,1.0,1.0,True,True,True,0.01480502502995762,-0.007003694145033212,0.02180871917499083,1.3219973985795748
2024-07-03,0.002461850757010853,1.0,1.0,True,True,True,-0.005090319699503465,-0.007852170456514318,0.002761850757010853,1.3252519588760343
2024-07-04,-0.0166425859642542,1.0,0.0,False,False,True,-0.037969294106424245,-0.021626708142170048,-0.016342585964254197,1.3031963392261436
2024-07-05,0.0,0.0,1.0,True,True,True,0.018893141457744234,0.010273274994907489,0.008619866462836745,1.3031963392261436
2024-07-08,-0.007605086912500536,1.0,1.0,True,True,True,-0.03159007960600824,-0.0242849926935077,-0.007305086912500536,1.2932854178022763
2024-07-09,-0.01209116902467503,1.0,0.0,False,False,False,0.010173227774616045,0.021964396799291075,-0.01179116902467503,1.2776480852184815
2024-07-10,0.0,0.0,0.0,False,False,False,-0.01512769400463243,-0.004039974484371656,-0.011087719520260775,1.2776480852184815
2024-07-11,0.0,0.0,0.0,False,False,False,0.0423829460791223,0.024260729056780672,0.018122217022341625,1.2776480852184815
2024-07-12,0.0,0.0,0.0,False,False,False,-0.0017599040497203733,-0.003181713220764215,0.0014218091710438419,1.2776480852184815
2024-07-15,0.0,0.0,0.0,False,False,False,-0.02110416463699416,-0.010336160983349774,-0.010768003653644387,1.2776480852184815
2024-07-16,0.0,0.0,0.0,False,False,False,3.0418324969971877e-07,0.0018891374596072819,-0.0018888332763575821,1.2776480852184815
2024-07-17,0.0,0.0,0.0,False,True,False,-0.012768033973444726,-0.00849749416960266,-0.004270539803842066,1.2776480852184815
2024-07-18,0.0,0.0,0.0,False,False,False,-0.0054741489232229545,0.003505281903069868,-0.008979430826292822,1.2776480852184815
2024-07-19,0.0,0.0,0.0,False,False,False,0.010626754977834496,0.0018680791201117763,0.00875867585772272,1.2776480852184815
2024-07-22,0.0,0.0,0.0,False,True,False,0.014287349849468445,0.0011303723799211962,0.013156977469547249,1.2776480852184815
2024-07-23,0.0,0.0,0.0,False,True,False,-0.011064234751574253,-0.027330340365495642,0.01626610561392139,1.2776480852184815
2024-07-24,0.0,0.0,1.0,True,True,True,-0.017054857283475666,-0.013618888380067862,-0.0034359689034078045,1.2776480852184815
2024-07-25,0.010326010978159739,1.0,1.0,True,True,True,0.01096287054011258,0.0003368595619528403,0.010626010978159739,1.2908410933726724
2024-07-26,0.002409075395017857,1.0,1.0,True,True,True,0.01771370565424757,0.015004630259229712,0.002709075395017857,1.2939508268895945
2024-07-29,0.012523152996443765,1.0,1.0,True,True,True,0.009328954684207469,-0.0034941983122362963,0.012823152996443765,1.3101551710646078
2024-07-30,0.004670249976031127,1.0,1.0,True,True,True,0.00856420172232042,0.0035939517462892923,0.004970249976031127,1.3162739232208693
2024-07-31,-0.013776711373525463,1.0,1.0,True,True,True,0.026202267210161168,0.03967897858368663,-0.013476711373525463,1.2981399972921575
2024-08-01,0.008802098195465258,1.0,1.0,True,True,True,0.006895139012960572,-0.0022069591825046864,0.009102098195465258,1.309566353019784
2024-08-02,0.0016248891527814394,1.0,1.0,True,True,True,-0.012096417493604794,-0.014021306646386233,0.0019248891527814393,1.3116942531816536
2024-08-05,0.006267499391385789,1.0,1.0,True,True,True,-0.020690920239832544,-0.027258419631218334,0.006567499391385789,1.319915296115154
2024-08-06,0.011071179808054244,1.0,1.0,True,True,True,0.026582410086032793,0.015211230277978549,0.011371179808054244,1.334528315689846
2024-08-07,0.0008608600131773895,1.0,1.0,True,True,True,-0.00021599658531312738,-0.0013768565984905168,0.0011608600131773894,1.3356771577532764
2024-08-08,0.0030135446791741075,1.0,1.0,True,True,True,0.0024871349865689396,-0.0008264096926051678,0.0033135446791741074,1.3397022805451182
2024-08-09,0.0019987088744351737,1.0,1.0,True,True,True,-0.005453180041882777,-0.0077518889163179505,0.0022987088744351736,1.3423799553823446
2024-08-12,-0.001441012205497116,1.0,1.0,True,True,True,-0.007233192312880998,-0.006092180107383882,-0.0011410122054971161,1.340445569482224
2024-08-13,0.005609246500134469,1.0,1.0,True,True,True,0.010934812919338066,0.005025566419203598,0.0059092465001344685,1.3479644591014628
2024-08-14,0.01028329843261463,1.0,1.0,True,True,True,0.0002993017449512969,-0.010283996687663333,0.01058329843261463,1.361825979910961
2024-08-15,-0.002802413693558081,1.0,1.0,True,True,True,0.006653842759054118,0.0091562564526122,-0.002502413693558081,1.3580095801366154
2024-08-16,0.001315761807421734,1.0,0.0,False,True,False,-0.006099744869049295,-0.007715506676471029,0.001615761807421734,1.359796397276272
2024-08-19,0.0,0.0,0.0,False,True,False,-0.0017306264126201176,0.0017097505181875583,-0.003440376930807676,1.359796397276272
2024-08-20,0.0,0.0,0.0,False,True,False,-0.01946666076470671,-0.01807826983817251,-0.0013883909265341998,1.359796397276272
2024-08-21,0.0,0.0,0.0,False,False,False,-0.0016408322184023882,-0.006778328565501313,0.005137496347098924,1.359796397276272
2024-08-22,0.0,0.0,0.0,False,True,False,-0.012472790594114436,-0.012404743792131523,-6.80468019829128e-05,1.359796397276272
2024-08-23,0.0,0.0,0.0,False,False,False,-0.013590747466774245,0.0007791907102656648,-0.01436993817703991,1.359796397276272
2024-08-26,0.0,0.0,0.0,False,True,False,0.0214973829797247,0.0039040428532659543,0.017593340126458745,1.359796397276272
2024-08-27,0.0,0.0,0.0,False,True,False,-0.00952983322131995,-0.011790670723195174,0.0022608375018752236,1.359796397276272
2024-08-28,0.0,0.0,0.0,False,True,False,0.01120289134499286,0.0024373946112725697,0.00876549673372029,1.359796397276272
2024-08-29,0.0,0.0,0.0,False,True,False,0.012800517292109737,0.016085269150328152,-0.0032847518582184154,1.359796397276272
2024-08-30,0.0,0.0,0.0,False,True,False,0.02046743678970797,0.01912179744015341,0.0013456393495545615,1.359796397276272
2024-09-02,0.0,0.0,1.0,True,True,True,-0.009094033307562088,-0.020912358618544347,0.011818325310982258,1.359796397276272
2024-09-03,-0.0015036761711811116,1.0,1.0,True,True,True,0.007597186926749044,0.008800863097930156,-0.0012036761711811117,1.3577517038360298
2024-09-04,-0.00993985465545536,1.0,0.0,False,False,True,-0.014370411912038139,-0.004730557256582779,-0.00963985465545536,1.344255849241703
2024-09-05,0.0,0.0,1.0,True,True,True,0.015165084026871778,0.00791294660024544,0.007252137426626337,1.344255849241703
2024-09-06,-0.004409471165715139,1.0,0.0,False,True,False,-0.02123477475559743,-0.01712530358988229,-0.0041094711657151395,1.3383283918351279
2024-09-09,0.0,0.0,0.0,False,True,False,0.005478083869423056,-0.0072534010021670925,0.012731484871590149,1.3383283918351279
2024-09-10,0.0,0.0,1.0,True,True,True,0.013482496952235579,0.0026924185515457832,0.010790078400689795,1.3383283918351279
2024-09-11,-0.007826156393739103,1.0,1.0,True,True,True,-0.007876010881012752,-0.00034985448727364865,-0.007526156393739103,1.3278544245344448
2024-09-12,0.004015266646135907,1.0,1.0,True,True,True,0.00046552043513758967,-0.003849746210998317,0.004315266646135907,1.333186114116202
2024-09-13,-0.000956037874387616,1.0,1.0,True,True,True,-0.013086834922325097,-0.01243079704793748,-0.0006560378743876161,1.3319115376974993
2024-09-18,-0.013862753400576,1.0,0.0,False,False,False,-0.016748657474499717,-0.0031859040739237177,-0.013562753400576,1.3134475764990168
2024-09-19,0.0,0.0,0.0,False,False,True,0.0313726555319509,0.018899191431033024,0.012473464100917875,1.3134475764990168
2024-09-20,0.0,0.0,0.0,False,True,False,-0.005205309526837065,-0.004218844469431993,-0.0009864650574050726,1.3134475764990168
2024-09-23,0.0,0.0,0.0,False,False,False,0.00313686546554659,0.0012927480642386247,0.0018441174013079653,1.3134475764990168
2024-09-24,0.0,0.0,0.0,False,False,False,0.03052608544030333,0.03880621060474865,-0.008280125164445318,1.3134475764990168
2024-09-25,0.0,0.0,0.0,False,True,False,0.015343127707410087,0.009412910118555162,0.005930217588854925,1.3134475764990168
2024-09-26,0.0,0.0,0.0,False,False,False,0.027427209943248654,0.04008953835254547,-0.012662328409296819,1.3134475764990168
2024-09-27,0.0,0.0,0.0,False,False,False,0.04464915898485633,0.05381678371319598,-0.009167624728339652,1.3134475764990168
2024-09-30,0.0,0.0,0.0,False,False,False,0.11232278379071325,0.11143710429791853,0.000885679492794722,1.3134475764990168
2024-10-08,0.0,0.0,0.0,False,False,False,0.08446460700022307,0.08638547653372064,-0.0019208695334975712,1.3134475764990168
2024-10-09,0.0,0.0,0.0,False,False,False,-0.09569752658391373,-0.07652543780302767,-0.019172088780886054,1.3134475764990168
2024-10-10,0.0,0.0,0.0,False,False,False,0.014595349623098608,-0.012719603029657578,0.027314952652756186,1.3134475764990168
2024-10-11,0.0,0.0,0.0,False,True,False,-0.03446547272237499,-0.04204947183939245,0.007583999117017459,1.3134475764990168
2024-10-14,0.0,0.0,0.0,False,True,False,0.03120355322063073,0.03673782851741625,-0.005534275296785518,1.3134475764990168
2024-10-15,0.0,0.0,1.0,True,True,True,-0.010324926822378622,-0.019334871860620773,0.009009945038242151,1.3134475764990168
2024-10-16,0.007439226084545026,1.0,1.0,True,True,True,0.010838816074340007,0.003099589989794982,0.007739226084545026,1.3232186099707908
2024-10-17,-0.0026239754567299097,1.0,1.0,True,True,True,-0.005698189150896593,-0.0033742136941666834,-0.00232397545672991,1.3197465168143392
2024-10-18,-0.02018678397533783,1.0,0.0,False,False,True,0.024398953663180123,0.04428573763851795,-0.01988678397533783,1.2931050789772036
2024-10-21,0.0,0.0,0.0,False,False,True,0.014572107739766915,0.01933061190413654,-0.004758504164369626,1.2931050789772036
2024-10-22,0.0,0.0,0.0,False,False,True,0.015663813677724736,0.004818643920301291,0.010845169757423445,1.2931050789772036
2024-10-23,0.0,0.0,0.0,False,False,False,0.005796441713204592,0.002508146807249645,0.003288294905954947,1.2931050789772036
2024-10-24,0.0,0.0,1.0,True,True,True,0.003767318499465766,-0.007105857801537385,0.010873176301003151,1.2931050789772036
2024-10-25,0.009049271661293956,1.0,1.0,True,True,True,0.028674954107985373,0.019325682446691417,0.009349271661293956,1.3048067381234674
2024-10-28,0.021288991021233016,1.0,1.0,True,True,True,0.039527336536060886,0.01793834551482787,0.021588991021233017,1.3325847570558222
2024-10-29,-0.006733681165395222,1.0,1.0,True,True,True,-0.022587667706206016,-0.016153986540810794,-0.006433681165395222,1.3236115561759427
2024-10-30,-0.00733505583242936,1.0,1.0,True,True,True,-0.0011007394068563991,0.005934316425572961,-0.00703505583242936,1.3139027915109436
2024-10-31,0.005933951504938995,1.0,1.0,True,True,True,0.022400148851828616,0.01616619734688962,0.006233951504938995,1.3216994269579736
2024-11-01,-0.008828979679259918,1.0,1.0,True,True,True,-0.03900803197250502,-0.0304790522932451,-0.008528979679259918,1.3100301695752723
2024-11-04,0.0014942837725455353,1.0,0.0,False,False,True,0.022515233887465236,0.0207209501149197,0.0017942837725455352,1.3119877263992137
2024-11-05,0.0,0.0,0.0,False,False,True,0.023969878733477223,0.03525956078776038,-0.011289682054283157,1.3119877263992137
2024-11-06,0.0,0.0,0.0,False,False,False,0.009332616022305507,0.004252745534218283,0.005079870488087224,1.3119877263992137
2024-11-07,0.0,0.0,0.0,False,False,False,0.028997020629074166,0.01759521006039866,0.011401810568675508,1.3119877263992137
2024-11-08,0.0,0.0,0.0,False,True,False,0.0026572434048237614,0.0029981636247797816,-0.0003409202199560202,1.3119877263992137
2024-11-11,0.0,0.0,0.0,False,True,False,0.026595388304745393,0.02427013663141908,0.0023252516733263118,1.3119877263992137
2024-11-12,0.0,0.0,0.0,False,True,False,-0.0011046348951967433,-0.013229954050837378,0.012125319155640635,1.3119877263992137
2024-11-13,0.0,0.0,1.0,True,True,True,0.006472655672691507,-0.0027079607576744325,0.00918061643036594,1.3119877263992137
2024-11-14,0.0034628589281111236,1.0,1.0,True,True,True,-0.027467882500811225,-0.03123074142892235,0.0037628589281111235,1.3165309548111475
2024-11-15,0.0075265517810127695,1.0,1.0,True,True,True,-0.015559219377067501,-0.02338577115808027,0.00782655178101277,1.3264398932138397
2024-11-18,-0.004282310656567622,1.0,1.0,True,True,True,-0.028625156721629907,-0.024642846065062285,-0.0039823106565676225,1.3207596655238336
2024-11-19,-0.003099823142284108,1.0,1.0,True,True,True,0.023264020889744996,0.026063844032029104,-0.002799823142284108,1.3166655441472475
2024-11-20,0.011013669352554845,1.0,1.0,True,True,True,0.030973456507464636,0.01965978715490979,0.011313669352554845,1.331166863098387
2024-11-21,0.008136362316385449,1.0,1.0,True,True,True,0.010253729693361135,0.001817367376975687,0.008436362316385448,1.3419977190001218
2024-11-22,0.002735385434887128,1.0,1.0,True,True,True,-0.03395983666100311,-0.036995222095890234,0.003035385434887128,1.3456686000143263
2024-11-25,0.027512280832927526,1.0,1.0,True,True,True,0.03140071228708807,0.0035884314541605455,0.027812280832927527,1.382691012445973
2024-11-26,0.003914567180082285,1.0,1.0,True,True,True,-0.007444138102190356,-0.011658705282272641,0.004214567180082285,1.3881036493034886
2024-11-27,-0.014009253696689183,1.0,1.0,True,True,True,0.009209478341889232,0.022918732038578415,-0.013709253696689183,1.368657353123096
2024-11-28,0.01607427269565761,1.0,1.0,True,True,True,0.0110512117640158,-0.00532306093164181,0.01637427269565761,1.3906575246441135
2024-11-29,-0.0057842267434516145,1.0,1.0,True,True,True,0.011446183421366829,0.016930410164818444,-0.0054842267434516145,1.3826136461990848
2024-12-02,0.0008999700202340869,1.0,1.0,True,True,True,0.021312651447187303,0.020112681426953216,0.0011999700202340868,1.3838579570302305
2024-12-03,0.008200861971042717,1.0,1.0,True,True,True,0.006864714030324182,-0.0016361479407185353,0.008500861971042717,1.3952067851233647
2024-12-04,0.001123117793378892,1.0,0.0,False,True,False,-0.014178283381882317,-0.01560140117526121,0.0014231177933788919,1.3967737666891795
2024-12-05,0.0,0.0,0.0,False,True,False,0.016635026599972402,0.012999319896727535,0.0036357067032448676,1.3967737666891795
2024-12-06,0.0,0.0,0.0,False,True,False,0.007758295749532129,0.010185185185185075,-0.002426889435652946,1.3967737666891795
2024-12-09,0.0,0.0,0.0,False,True,False,0.007959991197794336,-0.007299649427839672,0.015259640625634008,1.3967737666891795
2024-12-10,0.0,0.0,0.0,False,True,False,0.0011202064968138803,0.009320559011433804,-0.008200352514619924,1.3967737666891795
2024-12-11,0.0,0.0,0.0,False,True,False,0.014188661751567855,0.013415550406946197,0.0007731113446216575,1.3967737666891795
2024-12-12,0.0,0.0,0.0,False,True,False,0.018135007251959046,0.006635263681159964,0.011499743570799081,1.3967737666891795
2024-12-13,0.0,0.0,0.0,False,True,False,-0.012731229090386598,-0.02082540465166438,0.008094175561277783,1.3967737666891795
2024-12-16,0.0,0.0,0.0,False,True,False,0.004477324837750318,-0.012190420441259397,0.016667745279009716,1.3967737666891795
2024-12-17,0.0,0.0,0.0,False,False,False,-0.05777192422694277,-0.02127910384992815,-0.03649282037701462,1.3967737666891795
2024-12-18,0.0,0.0,0.0,False,False,False,-0.0007833169883499913,0.008452230978818198,-0.00923554796716819,1.3967737666891795
2024-12-19,0.0,0.0,0.0,False,False,False,-0.0014867750660381152,0.0018270234849988576,-0.0033137985510369727,1.3967737666891795
2024-12-20,0.0,0.0,0.0,False,False,False,0.016396609855222177,0.010400841604655264,0.005995768250566913,1.3967737666891795
2024-12-23,0.0,0.0,0.0,False,False,False,-0.06574621288113824,-0.027961892613704298,-0.037784320267433946,1.3967737666891795
2024-12-24,0.0,0.0,0.0,False,False,False,-0.001227013994060444,0.011150879702380712,-0.012377893696441156,1.3967737666891795
2024-12-25,0.0,0.0,0.0,False,False,False,-0.029741066984976472,-0.011302065421227803,-0.01843900156374867,1.3967737666891795
2024-12-26,0.0,0.0,0.0,False,False,False,0.017928521865925973,0.010789720231874078,0.0071388016340518945,1.3967737666891795
2024-12-27,0.0,0.0,0.0,False,False,False,0.014314286624264039,0.0018050629418304709,0.012509223682433568,1.3967737666891795
2024-12-30,0.0,0.0,0.0,False,False,False,-0.015656043457817237,-0.004154534421549005,-0.011501509036268232,1.3967737666891795
2024-12-31,0.0,0.0,0.0,False,True,False,-0.016621073724369162,-0.03062351832838972,0.014002444604020559,1.3967737666891795
2025-01-02,0.0,0.0,0.0,False,True,False,-0.009684869777627947,-0.026961656472610396,0.01727678669498245,1.3967737666891795
2025-01-03,0.0,0.0,1.0,True,True,True,-0.04743392127688806,-0.029649358557483185,-0.017784562719404873,1.3967737666891795
2025-01-06,-0.0023047178838371592,1.0,0.0,False,False,True,-0.00505882608601993,-0.0030541082021827703,-0.0020047178838371593,1.3935545972094163
2025-01-07,0.0,0.0,1.0,True,True,True,0.035691709197484656,0.014980305026899066,0.02071140417058559,1.3935545972094163
2025-01-08,0.0032224612557586133,1.0,1.0,True,True,True,-0.001793734695078042,-0.005316195950836655,0.0035224612557586132,1.3980452729067079
2025-01-09,0.0018058621380700694,1.0,1.0,True,True,True,0.004048714032703904,0.0019428518946338347,0.0021058621380700693,1.400569949932358
2025-01-10,-0.007061624313218917,1.0,1.0,True,True,True,-0.02930083789104132,-0.022539213577822403,-0.006761624313218917,1.390679651121552
2025-01-13,0.005563560291130554,1.0,1.0,True,True,True,0.008487583721585867,0.0026240234304553134,0.005863560291130554,1.3984167812062152
2025-01-14,0.00810418185996783,1.0,1.0,True,True,True,0.05365669693784403,0.0452525150778762,0.00840418185996783,1.4097498051171413
2025-01-15,0.00528433144915782,1.0,1.0,True,True,True,-0.0005212776920473505,-0.0061056091412051705,0.00558433144915782,1.4171993903477658
2025-01-16,0.0019539878998897312,1.0,1.0,True,True,True,0.0067106908746612515,0.00445670297477152,0.002253987899889731,1.4199685808082365
2025-01-17,-0.010865483225247862,1.0,1.0,True,True,True,-0.0036256713551704456,0.006939811870077417,-0.010565483225247863,1.4045399360130857
2025-01-20,0.01265992480481245,1.0,1.0,True,True,True,0.019393126837827568,0.006433202033015117,0.01295992480481245,1.4223213059883675
2025-01-21,-0.012061052525146698,1.0,0.0,False,False,True,-0.006850478717708497,0.004910573807438201,-0.011761052525146698,1.4051666140092065
2025-01-22,0.0,0.0,0.0,False,False,True,-0.008760437769748441,-0.008848988324345664,8.855055459722205e-05,1.4051666140092065
2025-01-23,0.0,0.0,0.0,False,False,True,0.00344444065098215,-0.004561336398132387,0.008005777049114537,1.4051666140092065
2025-01-24,0.0,0.0,1.0,True,True,True,0.011122131660252998,0.018716664693782636,-0.007594533033529638,1.4051666140092065
2025-01-27,0.014987479179097563,1.0,0.0,False,True,False,-0.00021571795535391125,-0.015503197134451474,0.015287479179097563,1.4262265193798325
2025-02-05,0.0,0.0,1.0,True,True,True,0.018598800394318937,0.00605021835181585,0.012548582042503087,1.4262265193798325
2025-02-06,-0.012678635118609482,1.0,1.0,True,True,True,0.014891897268016985,0.027270532386626467,-0.012378635118609482,1.4081439137441312
2025-02-07,-0.006770320392909956,1.0,0.0,False,True,False,0.008793266963900814,0.01526358735681077,-0.006470320392909956,1.3986103282887572
2025-02-10,0.0,0.0,0.0,False,True,False,0.02230439367417536,0.012471368834619856,0.009833024839555504,1.3986103282887572
2025-02-11,0.0,0.0,1.0,True,True,True,0.0012993031730428317,-0.0032815129094846407,0.004580816082527472,1.3986103282887572
2025-02-12,-0.009974398481914315,1.0,0.0,False,False,False,0.005582048433113718,0.015256446915028032,-0.009674398481914315,1.3846600315534843
2025-02-13,0.0,0.0,0.0,False,False,False,-0.014031463773548691,-0.011474061238485711,-0.0025574025350629803,1.3846600315534843
2025-02-14,0.0,0.0,0.0,False,True,False,0.0039621894921211265,0.00584788732394359,-0.0018856978318224638,1.3846600315534843
2025-02-17,0.0,0.0,0.0,False,True,False,0.020556586745257066,0.005239380812088079,0.015317205933168987,1.3846600315534843
2025-02-18,0.0,0.0,0.0,False,False,False,-0.024841605213085094,-0.022196680129330626,-0.002644925083754468,1.3846600315534843
2025-02-19,0.0,0.0,0.0,False,True,False,0.020503860663281248,0.023833712679945274,-0.0033298520166640255,1.3846600315534843
2025-02-20,0.0,0.0,0.0,False,True,False,0.013285910008837387,0.00729582271214424,0.005990087296693147,1.3846600315534843
2025-02-21,0.0,0.0,0.0,False,False,False,-0.002383892194832149,0.018126392197536978,-0.020510284392369127,1.3846600315534843
2025-02-24,0.0,0.0,0.0,False,False,False,0.00935960272528602,0.002293297029257957,0.0070663056960280635,1.3846600315534843
2025-02-25,0.0,0.0,0.0,False,False,False,-0.004444914602441119,-0.0044229442359399185,-2.1970366501200544e-05,1.3846600315534843
2025-02-26,0.0,0.0,0.0,False,False,False,0.012599968964395192,0.013826581906725588,-0.0012266129423303962,1.3846600315534843
2025-02-27,0.0,0.0,0.0,False,False,False,-0.0019428386965149036,-0.003813371630538298,0.0018705329340233945,1.3846600315534843
2025-02-28,0.0,0.0,0.0,False,True,False,-0.027127468509606456,-0.03525024117128461,0.008122772661678157,1.3846600315534843
2025-03-03,0.0,0.0,0.0,False,True,False,0.008068960081364152,0.0005183065887133242,0.007550653492650827,1.3846600315534843
2025-03-04,0.0,0.0,1.0,True,True,True,0.01690454809998676,0.013382916219692786,0.003521631880293974,1.3846600315534843
2025-03-05,-0.008804366174636568,1.0,1.0,True,True,True,-0.002116765763791606,0.0063876004108449624,-0.008504366174636568,1.3724689776083037
2025-03-06,-0.003995923216593844,1.0,1.0,True,True,True,0.017674016016695493,0.021369939233289337,-0.003695923216593844,1.366984696956624
2025-03-07,0.0008905350787781988,1.0,1.0,True,True,True,-0.0029732177770115387,-0.004163752855789737,0.0011905350787781988,1.368202044781417
2025-03-10,0.010957311262564462,1.0,1.0,True,True,True,0.013287195585280687,0.0020298843227162244,0.011257311262564462,1.3831938604561642
2025-03-11,0.002062128606308245,1.0,1.0,True,True,True,0.007079218241745844,0.004717089635437599,0.0023621286063082447,1.386046184083881
2025-03-12,0.004603621145356141,1.0,1.0,True,True,True,0.007229724327263876,0.002326103181907735,0.004903621145356141,1.3924270156053697
2025-03-13,0.008986384817546733,1.0,1.0,True,True,True,-0.005959611433387857,-0.01524599625093459,0.009286384817546733,1.4049399005979477
2025-03-14,0.0024977976282715923,1.0,1.0,True,True,True,0.018929299054777582,0.01613150142650599,0.002797797628271592,1.4084491561495254
2025-03-17,0.0060429854919327956,1.0,1.0,True,True,True,0.009143095670181012,0.0028001101782482163,0.0063429854919327955,1.416960393966262
2025-03-18,0.004040460257958423,1.0,1.0,True,True,True,0.007733701395088888,0.003393241137130465,0.004340460257958423,1.4226855661251838
2025-03-19,0.003278235389822493,1.0,1.0,True,True,True,-0.003567938269003257,-0.00714617365882575,0.003578235389822493,1.4273494642966449
2025-03-20,0.008450876666749563,1.0,1.0,True,True,True,0.004238851708945113,-0.00451202495780445,0.008750876666749563,1.4394118185797669
2025-03-21,0.006800894806266078,1.0,1.0,True,True,True,-0.01270764558969062,-0.019808540395956697,0.007100894806266078,1.4492011069408242
2025-03-24,-0.0274394323955938,1.0,0.0,False,False,True,-0.03420667501573449,-0.00706724262014069,-0.0271394323955938,1.4094358511393017
2025-03-25,0.0,0.0,0.0,False,False,True,-0.00187728291135425,-0.007795180760776899,0.005917897849422649,1.4094358511393017
2025-03-26,0.0,0.0,0.0,False,True,False,0.0236884467777585,0.0038267974063346255,0.019861649371423873,1.4094358511393017
2025-03-27,0.0,0.0,0.0,False,False,False,-0.009419962240623914,-0.0009692323963559346,-0.008450729844267979,1.4094358511393017
2025-03-28,0.0,0.0,0.0,False,False,False,-0.019986337277711264,-0.009551619034978476,-0.010434718242732788,1.4094358511393017
2025-03-31,0.0,0.0,0.0,False,True,False,-0.010303431756626846,-0.006647714220078149,-0.003655717536548697,1.4094358511393017
2025-04-01,0.0,0.0,0.0,False,True,False,0.020876489499501716,0.005272498052725005,0.01560399144677671,1.4094358511393017
2025-04-02,0.0,0.0,0.0,False,False,False,0.004672341634414989,0.0028388939656329715,0.0018334476687820178,1.4094358511393017
2025-04-03,0.0,0.0,0.0,False,True,False,0.000974854023314764,-0.011787008642319408,0.012761862665634172,1.4094358511393017
2025-04-07,0.0,0.0,0.0,False,True,False,-0.12932345350408037,-0.11394331367700217,-0.015380139827078199,1.4094358511393017
2025-04-08,0.0,0.0,0.0,False,True,False,0.004107729627498058,0.006109408999279697,-0.0020016793717816395,1.4094358511393017
2025-04-09,0.0,0.0,0.0,False,True,False,0.0320003581293582,0.02211746069634457,0.009882897433013627,1.4094358511393017
2025-04-10,0.0,0.0,0.0,False,True,False,0.03587360499020131,0.02339919997593909,0.012474405014262224,1.4094358511393017
2025-04-11,0.0,0.0,0.0,False,False,True,0.004957229561286969,0.01341495248582869,-0.008457722924541722,1.4094358511393017
2025-04-14,0.0,0.0,1.0,True,True,True,0.024305610880568818,0.013022437007329968,0.01128317387323885,1.4094358511393017
2025-04-15,0.011955990033410047,1.0,1.0,True,True,True,0.008130389926986448,-0.004125600106423599,0.012255990033410047,1.426287052128254
2025-04-16,-0.0013394182807373919,1.0,1.0,True,True,True,-0.01434337514264028,-0.013303956861902888,-0.001039418280737392,1.4243766571770544
2025-04-17,0.013241757294465828,1.0,1.0,True,True,True,0.014263222159469624,0.0007214648650037958,0.013541757294465828,1.4432379071672956
2025-04-18,-0.0025447836438550527,1.0,1.0,True,True,True,-0.0035924879229447537,-0.001347704279089701,-0.002244783643855053,1.4395651789469448
2025-04-21,-0.005479314182825578,1.0,1.0,True,True,True,0.015560814321947669,0.020740128504773248,-0.005179314182825578,1.4316773490448391
2025-04-22,0.008903437457229957,1.0,1.0,True,True,True,0.00864402180299928,-0.0005594156542306772,0.009203437457229957,1.4444241987809925
2025-04-23,-8.881377144235285e-05,1.0,1.0,True,True,True,0.006139604818276467,0.00592841858971882,0.00021118622855764713,1.4442959140203362
2025-04-24,0.00461089521077559,1.0,1.0,True,True,True,-0.0057999650333853126,-0.010710860244160902,0.00491089521077559,1.4509554111332352
2025-04-25,-0.0011467658070754335,1.0,1.0,True,True,True,0.0023658115515172717,0.0032125773585927053,-0.0008467658070754336,1.4492915050801567
2025-04-28,0.0006274928879300371,1.0,0.0,False,True,False,-0.009585176528687511,-0.010512669416617548,0.000927492887930037,1.4502009251921317
2025-04-29,0.0,0.0,1.0,True,True,True,0.022284271190215366,0.004478429691035846,0.01780584149917952,1.4502009251921317
2025-04-30,0.004375961476598101,1.0,1.0,True,True,True,0.012593459587849631,0.00791749811125153,0.004675961476598101,1.4565469485740994
2025-05-06,0.005140030640144755,1.0,1.0,True,True,True,0.031120184989972932,0.025680154349828177,0.005440030640144755,1.4640336445185798
2025-05-07,0.009986414080090678,1.0,1.0,True,True,True,0.01169065991650986,0.0014042458364191823,0.010286414080090678,1.4786540907199266
2025-05-08,0.008639767289765088,1.0,1.0,True,True,True,0.01656311282416012,0.007623345534395032,0.008939767289765088,1.491429317965806
2025-05-09,0.004812862586716838,1.0,1.0,True,True,True,-0.007228646455062382,-0.01234150904177922,0.005112862586716838,1.4986073623309761
2025-05-12,-0.004548690434080826,1.0,1.0,True,True,True,0.009789270263575345,0.014037960697656171,-0.004248690434080826,1.4917906613574983
2025-05-13,0.001684124148297073,1.0,1.0,True,True,True,-0.0006831002844515099,-0.002667224432748583,0.001984124148297073,1.4943030220344944
2025-05-14,-0.0031720602561680408,1.0,1.0,True,True,True,-0.001350358942074914,0.0015217013140931268,-0.002872060256168041,1.489563002807627
2025-05-15,0.02044420201455873,1.0,1.0,True,True,True,0.003970858854975834,-0.0167733431595829,0.020744202014558732,1.520015929750439
2025-05-16,0.004006775199273361,1.0,1.0,True,True,True,0.006136051545475363,0.0018292763462020023,0.0043067751992733605,1.5261062918802635
2025-05-19,0.009685854742790457,1.0,1.0,True,True,True,0.01447159332409731,0.004485738581306853,0.009985854742790456,1.5408879357454743
2025-05-20,0.007909330970791351,1.0,1.0,True,True,True,0.016523879461933788,0.008314548491142437,0.008209330970791351,1.5530753284181849
2025-05-21,-0.00594799937492888,1.0,1.0,True,True,True,-0.007899863182726508,-0.002251863807797627,-0.00564799937492888,1.543837637335536
2025-05-22,-0.004350881589951483,1.0,1.0,True,True,True,-0.014826820978553923,-0.01077593938860244,-0.004050881589951483,1.5371205825813787
2025-05-23,0.0031932660258590876,1.0,1.0,True,True,True,-0.009104613995901234,-0.012597880021760322,0.0034932660258590875,1.5420290175153846
2025-05-26,0.0043111937121218195,1.0,0.0,False,True,False,0.011140757895851117,0.006529564183729297,0.004611193712121819,1.5486770033196062
2025-05-27,0.0,0.0,0.0,False,True,False,0.007949090218172916,-0.003372152621006874,0.01132124283917979,1.5486770033196062
2025-05-28,0.0,0.0,0.0,False,True,False,-0.005319058317618586,-0.003994367941202892,-0.0013246903764156936,1.5486770033196062
2025-05-29,0.0,0.0,0.0,False,True,False,0.0181258675920708,0.01756549463109458,0.0005603729609762187,1.5486770033196062
2025-05-30,0.0,0.0,0.0,False,True,False,-0.011889361126786402,-0.01034882537055093,-0.0015405357562354727,1.5486770033196062
2025-06-03,0.0,0.0,0.0,False,True,False,0.014829749585021368,0.007214729464238179,0.007615020120783189,1.5486770033196062
2025-06-04,0.0,0.0,0.0,False,True,False,0.012821248536265317,0.008752825352057014,0.004068423184208303,1.5486770033196062
2025-06-05,0.0,0.0,0.0,False,True,False,0.0023059947053392094,0.007159690160488896,-0.004853695455149687,1.5486770033196062
2025-06-06,0.0,0.0,0.0,False,True,False,0.01016862758338588,-0.0022977099112860833,0.012466337494671964,1.5486770033196062
2025-06-09,0.0,0.0,0.0,False,True,False,0.01293199546838908,0.010746257013021676,0.002185738455367403,1.5486770033196062
2025-06-10,0.0,0.0,0.0,False,True,False,-0.008236729715509705,-0.009208935256055706,0.0009722055405460006,1.5486770033196062
2025-06-11,0.0,0.0,0.0,False,True,False,0.006374692792601611,0.00402811566307304,0.002346577129528571,1.5486770033196062
2025-06-12,0.0,0.0,0.0,False,True,False,0.0055470695229769,0.0009229759589817199,0.00462409356399518,1.5486770033196062
2025-06-13,0.0,0.0,0.0,False,True,False,-0.0178837405421457,-0.013922308961890839,-0.003961431580254859,1.5486770033196062
2025-06-16,0.0,0.0,0.0,False,True,False,0.013472863768926757,0.0067883937301118635,0.006684470038814894,1.5486770033196062
2025-06-17,0.0,0.0,0.0,False,True,False,-0.002739555855372555,-0.0009743861692470546,-0.0017651696861255006,1.5486770033196062
2025-06-18,0.0,0.0,0.0,False,True,False,-0.005627069192462586,-0.0009899909956411213,-0.004637078196821465,1.5486770033196062
2025-06-19,0.0,0.0,0.0,False,False,False,-0.021236804397335884,-0.014207735775557895,-0.00702906862177799,1.5486770033196062
2025-06-20,0.0,0.0,0.0,False,False,False,-0.006106390738866541,-0.008040382128956969,0.0019339913900904282,1.5486770033196062
2025-06-23,0.0,0.0,0.0,False,False,False,0.024221652101698687,0.013105895569530679,0.011115756532168009,1.5486770033196062
2025-06-24,0.0,0.0,0.0,False,True,False,0.023332945245105652,0.019158569449608587,0.004174375795497065,1.5486770033196062
2025-06-25,0.0,0.0,0.0,False,False,False,0.003245219944880917,0.01315485732089039,-0.009909637376009472,1.5486770033196062
2025-06-26,0.0,0.0,0.0,False,True,False,0.0013966977873756115,-0.004520279916381931,0.005916977703757542,1.5486770033196062
2025-06-27,0.0,0.0,0.0,False,True,False,0.005849582744189341,0.00466564977376005,0.0011839329704292911,1.5486770033196062
2025-06-30,0.0,0.0,0.0,False,True,False,0.015577720707905529,0.012623985572588037,0.0029537351353174923,1.5486770033196062
2025-07-01,0.0,0.0,1.0,True,True,True,0.005187917556316313,0.002767385442199677,0.002420532114116636,1.5486770033196062
2025-07-02,0.01246779903468328,1.0,1.0,True,True,True,0.002681147021824204,-0.010086652012859076,0.01276779903468328,1.5679855969666308
2025-07-03,0.0005667137560076644,1.0,1.0,True,True,True,0.006122297417418876,0.005255583661411212,0.0008667137560076643,1.5688741959736536
2025-07-04,-0.009458764113510798,1.0,1.0,True,True,True,-0.013958027511717264,-0.004799263398206466,-0.009158764113510798,1.554034585030165
2025-07-07,0.013710583391028897,1.0,1.0,True,True,True,0.016377428548026485,0.002366845156997588,0.014010583391028897,1.575341305800764
2025-07-08,-0.0038311342890371743,1.0,1.0,True,True,True,0.009201316707779572,0.012732450996816747,-0.0035311342890371744,1.569305961707174
2025-07-09,0.003928970552797029,1.0,1.0,True,True,True,0.0015400181985982808,-0.002688952354198748,0.004228970552797029,1.5754717186190503
2025-07-10,-2.81919619784851e-05,1.0,1.0,True,True,True,0.002791184547104475,0.00251937650908296,0.0002718080380215149,1.5754273029802608
2025-07-11,-0.008901024737088347,1.0,1.0,True,True,True,-8.944990063131097e-05,0.008511574836457036,-0.008601024737088347,1.561404385584949
2025-07-14,0.0132315034344059,1.0,1.0,True,True,True,0.013718778047087987,0.00018727461268208678,0.0135315034344059,1.5820641130753128
2025-07-15,-0.013055211748978201,1.0,0.0,False,False,False,-0.015769613719790576,-0.003014401970812375,-0.012755211748978201,1.5614099310786553
2025-07-16,0.0,0.0,0.0,False,True,False,0.010803447655343135,0.0029847132393685527,0.007818734415974582,1.5614099310786553
2025-07-17,0.0,0.0,0.0,False,False,False,0.006870461173190012,0.011391104384669948,-0.0045206432114799355,1.5614099310786553
2025-07-18,0.0,0.0,0.0,False,True,False,0.005451285067801015,0.0025093066204382453,0.0029419784473627697,1.5614099310786553
2025-07-21,0.0,0.0,0.0,False,True,False,0.018866821392320432,0.0091864097911043,0.009680411601216132,1.5614099310786553
2025-07-22,0.0,0.0,0.0,False,True,False,-0.0010793495457654956,0.0037566580866450483,-0.004836007632410544,1.5614099310786553
2025-07-23,0.0,0.0,0.0,False,True,False,-0.0037604906692926265,-0.004501966220186504,0.0007414755508938775,1.5614099310786553
2025-07-24,0.0,0.0,0.0,False,True,False,0.013757033257265627,0.014211725960388666,-0.00045469270312303856,1.5614099310786553
2025-07-25,0.0,0.0,0.0,False,True,False,0.0074407860312193375,0.0008192660331407531,0.006621519998078584,1.5614099310786553
2025-07-28,0.0,0.0,1.0,True,True,True,0.011186101287014472,0.0034846218879582835,0.007701479399056188,1.5614099310786553
2025-07-29,-0.007817480947338728,1.0,1.0,True,True,True,-0.00099443035877822,0.006523050588560508,-0.007517480947338728,1.5492036386914625
2025-07-30,0.006845858221003443,1.0,1.0,True,True,True,-0.001032615563592798,-0.00817847378459624,0.007145858221003443,1.5598092671574069
2025-07-31,-0.005115713431340796,1.0,1.0,True,True,True,-0.013342939827787559,-0.008527226396446763,-0.004815713431340796,1.55182972993908
2025-08-01,0.01539715543823036,1.0,1.0,True,True,True,0.01709029990641109,0.0013931444681807292,0.01569715543823036,1.5757234935046192
2025-08-04,0.004274643527011313,1.0,1.0,True,True,True,0.01495172340294193,0.010377079875930617,0.004574643527011313,1.5824591497364884
2025-08-05,0.005050651266004203,1.0,1.0,True,True,True,0.012441481853167735,0.007090830587163532,0.005350651266004203,1.590451599044505
2025-08-06,-0.004897547379553868,1.0,1.0,True,True,True,0.0062798327379567365,0.010877380117510604,-0.004597547379553868,1.5826622869832974
2025-08-07,-0.00014567647643651786,1.0,1.0,True,True,True,0.00027674912450548206,0.00012242560094199995,0.0001543235235634821,1.5824317303179407
2025-08-08,0.011565860039605547,1.0,1.0,True,True,True,0.008365499365472928,-0.0035003606741326188,0.011865860039605547,1.6007339142330288
2025-08-11,-8.405084149812862e-05,1.0,1.0,True,True,True,0.015689477740146174,0.015473528581644302,0.00021594915850187135,1.6005993712005229
2025-08-12,-0.006085215301051028,1.0,1.0,True,True,True,-0.002952529534756887,0.0028326857662941407,-0.005785215301051028,1.5908593794160408
2025-08-13,-0.017787901689742903,1.0,0.0,False,False,False,-0.003024139359572242,0.01446376233017066,-0.017487901689742902,1.562561329172783
2025-08-14,0.0,0.0,0.0,False,False,False,-0.025982918437470248,-0.012434300209644866,-0.013548618227825382,1.562561329172783
2025-08-15,0.0,0.0,0.0,False,False,False,0.010613105321323646,0.020212169730050578,-0.009599064408726932,1.562561329172783
2025-08-18,0.0,0.0,0.0,False,False,False,0.010068428290757492,0.016873902353354397,-0.006805474062596906,1.562561329172783
2025-08-19,0.0,0.0,0.0,False,False,False,0.01515026810997111,0.0007253785785343858,0.014424889531436724,1.562561329172783
2025-08-20,0.0,0.0,0.0,False,False,False,0.006801077350392815,0.008644387223261552,-0.001843309872868737,1.562561329172783
2025-08-21,0.0,0.0,0.0,False,True,False,0.003474190570120106,-0.007134389894681514,0.01060858046480162,1.562561329172783
2025-08-22,0.0,0.0,0.0,False,False,False,-0.0036674142718803315,0.015110280229521766,-0.018777694501402098,1.562561329172783
2025-08-25,0.0,0.0,0.0,False,False,False,0.002278294485019261,0.015590239768353387,-0.013311945283334126,1.562561329172783
2025-08-26,0.0,0.0,0.0,False,False,False,0.00991096331263197,-0.00016850033365733985,0.01007946364628931,1.562561329172783
2025-08-27,0.0,0.0,0.0,False,False,False,-0.03671488405467793,-0.018721401945035576,-0.017993482109642356,1.562561329172783
2025-08-28,0.0,0.0,0.0,False,False,False,-0.003972074772672918,0.015076671437333822,-0.01904874621000674,1.562561329172783
2025-08-29,0.0,0.0,0.0,False,False,False,-0.009427535183804236,-0.0011319827422986428,-0.008295552441505594,1.562561329172783
2025-09-01,0.0,0.0,0.0,False,False,False,0.014360093498266613,0.008397995343259801,0.005962098155006812,1.562561329172783
2025-09-02,0.0,0.0,0.0,False,False,False,-0.010736801336129087,-0.02496550528918895,0.014228703953059862,1.562561329172783
2025-09-03,0.0,0.0,0.0,False,False,False,-0.02409546473465074,-0.014629717742156045,-0.009465746992494695,1.562561329172783
2025-09-04,0.0,0.0,1.0,True,True,True,0.009396374773948057,-0.022996081522101197,0.032392456296049255,1.562561329172783
2025-09-05,-0.012722452141994666,1.0,1.0,True,True,True,0.016623939427564238,0.029046391569558905,-0.012422452141994667,1.5426817174434506
2025-09-08,0.010669402556110897,1.0,1.0,True,True,True,0.01998996242152007,0.009020559865409172,0.010969402556110897,1.5591412097028075
2025-09-09,0.006087204698492077,1.0,1.0,True,True,True,-0.005239064103578217,-0.011626268802070294,0.006387204698492077,1.568632021400123
2025-09-10,0.006588533411561593,1.0,1.0,True,True,True,0.007461462115151196,0.0005729287035896036,0.006888533411561593,1.5789670058835632
2025-09-11,-0.01668859925341385,1.0,0.0,False,False,True,0.007085260973939134,0.023473860227352983,-0.01638859925341385,1.5526162582880096
2025-09-12,0.0,0.0,1.0,True,True,True,-0.0035711977797591166,0.003106802938962483,-0.0066780007187215995,1.5526162582880096
2025-09-15,0.0003338324322094913,1.0,0.0,False,False,True,-0.00035096053224636936,-0.0009847929644558606,0.0006338324322094913,1.553134571949802
2025-09-16,0.0,0.0,0.0,False,False,True,0.01518623649421591,0.00917798631797706,0.00600825017623885,1.553134571949802
2025-09-17,0.0,0.0,0.0,False,False,True,-0.0012485973756004576,0.009511426941203771,-0.010760024316804229,1.553134571949802
2025-09-18,0.0,0.0,0.0,False,False,False,-0.018699194635334315,-0.01037881826280218,-0.008320376372532134,1.553134571949802
2025-09-19,0.0,0.0,0.0,False,False,False,-0.00795570401570056,-0.005110748488577399,-0.002844955527123161,1.553134571949802
2025-09-22,0.0,0.0,0.0,False,False,False,-0.005794803580949526,0.006895494737295005,-0.01269029831824453,1.553134571949802
2025-09-23,0.0,0.0,0.0,False,False,False,-0.011765609839185398,-0.010869913532047581,-0.0008956963071378166,1.553134571949802
2025-09-24,0.0,0.0,0.0,False,False,False,0.0224557557898466,0.01702872678038947,0.005427029009457129,1.553134571949802
2025-09-25,0.0,0.0,0.0,False,False,False,-0.009608793953614247,-0.0036778857001786847,-0.005930908253435563,1.553134571949802
2025-09-26,0.0,0.0,0.0,False,True,False,0.0036953008703255463,-0.014510071924236478,0.018205372794562025,1.553134571949802
2025-09-29,0.0,0.0,0.0,False,True,False,0.012991755491871926,0.013550358968258625,-0.0005586034763866987,1.553134571949802
2025-09-30,0.0,0.0,0.0,False,True,False,0.0005851999967250165,0.010286976365161626,-0.00970177636843661,1.553134571949802
2025-10-09,0.0,0.0,0.0,False,False,False,-0.0013167274826973996,0.00964889583575368,-0.010965623318451079,1.553134571949802
2025-10-10,0.0,0.0,1.0,True,True,True,0.007263609883209288,-0.014935833316989333,0.02219944320019862,1.553134571949802
2025-10-13,5.885625730536222e-05,1.0,1.0,True,True,True,-0.0015073948609851673,-0.0018662511182905295,0.0003588562573053622,1.5532259836377986
2025-10-14,0.01726053166007998,1.0,1.0,True,True,True,-0.0019361012111819287,-0.01949663287126191,0.01756053166007998,1.5800354899036377
2025-10-15,-0.005321972615649739,1.0,1.0,True,True,True,0.009937712186639747,0.014959684802289486,-0.005021972615649739,1.571626584294616
2025-10-16,-0.000445032193481609,1.0,1.0,True,True,True,-0.011050430104872722,-0.010905397911391113,-0.000145032193481609,1.5709271598684733
2025-10-17,0.01890051709709758,1.0,1.0,True,True,True,-0.010030052599086181,-0.02923056969618376,0.01920051709709758,1.6006184955118623
2025-10-20,0.013921122452317658,1.0,1.0,True,True,True,0.021694527151794984,0.007473404699477326,0.014221122452317658,1.6229009015873275
2025-10-21,0.0074730204734856035,1.0,1.0,True,True,True,0.02225946783354571,0.014486447360060106,0.007773020473485603,1.6350288732513278
2025-10-22,0.010772163807315905,1.0,1.0,True,True,True,0.006736681341918738,-0.004335482465397167,0.011072163807315905,1.6526416721036823
2025-10-23,0.0066067255603219025,1.0,1.0,True,True,True,0.00634465198748968,-0.0005620735728322224,0.0069067255603219024,1.6635602220808228
2025-10-24,-0.011615263203635295,1.0,1.0,True,True,True,0.003892519941094408,0.015207783144729703,-0.011315263203635295,1.6442375322462561
2025-10-27,-0.007206256549194856,1.0,1.0,True,True,True,0.0033562501226476193,0.010262506671842475,-0.006906256549194856,1.6323887347610746
2025-10-28,0.006367410615482927,1.0,1.0,True,True,True,0.004511415856044421,-0.0021559947594385065,0.006667410615482927,1.6427828241193871
2025-10-29,-0.024536998001389677,1.0,0.0,False,False,True,-0.012217028004518404,0.012019969996871271,-0.024236998001389676,1.6024738652472525
2025-10-30,0.0,0.0,0.0,False,False,False,-0.006810807696119858,-0.011103008011499327,0.0042922003153794686,1.6024738652472525
2025-10-31,0.0,0.0,0.0,False,False,False,0.017238768651353764,0.0028844047091012293,0.014354363942252535,1.6024738652472525
2025-11-03,0.0,0.0,0.0,False,True,False,0.01327532485728633,0.004189607375840287,0.009085717481446043,1.6024738652472525
2025-11-04,0.0,0.0,0.0,False,True,False,0.0025344234797639587,-0.013582962330130122,0.01611738580989408,1.6024738652472525
2025-11-05,0.0,0.0,0.0,False,True,False,0.01230615667810464,0.003917570971511797,0.008388585706592844,1.6024738652472525
2025-11-06,0.0,0.0,0.0,False,True,False,0.0006893405912873352,0.011650586883076297,-0.010961246291788962,1.6024738652472525
2025-11-07,0.0,0.0,1.0,True,True,True,0.0019742502586095334,-0.001317561438750614,0.0032918116973601474,1.6024738652472525
2025-11-10,0.004300826063944297,1.0,1.0,True,True,True,0.007434337071809738,0.0028335110078654413,0.004600826063944297,1.6093658266136976
2025-11-11,0.010273542820921378,1.0,1.0,True,True,True,0.007603919973600437,-0.0029696228473209407,0.010573542820921378,1.6258997153479409
2025-11-12,0.004018680705312827,1.0,1.0,True,True,True,-0.0028967436732999507,-0.007215424378612778,0.004318680705312827,1.6324336871627834
2025-11-13,-0.003915413409286061,1.0,0.0,False,True,False,0.010303196118950586,0.013918609528236647,-0.0036154134092860613,1.626042034414296
2025-11-14,0.0,0.0,0.0,False,True,False,0.008232108265537885,-0.011569603376817006,0.01980171164235489,1.626042034414296
2025-11-17,0.0,0.0,1.0,True,True,True,0.006734765517830699,0.0027083366654403473,0.004026428852390351,1.626042034414296
2025-11-18,6.974007301804337e-05,1.0,1.0,True,True,True,-0.00959692251730393,-0.009966662590321973,0.00036974007301804335,1.6261554347045066
2025-11-19,-0.013170532486305874,1.0,1.0,True,True,True,-0.021045771809086178,-0.008175239322780303,-0.012870532486305875,1.6047381017239482
2025-11-20,-0.001534244377260496,1.0,0.0,False,True,False,-0.0075695184523172365,-0.0063352740750567405,-0.001234244377260496,1.6022760413144026
2025-11-21,0.0,0.0,0.0,False,False,False,-0.049827960819875394,-0.03715187571266454,-0.012676085107210855,1.6022760413144026
2025-11-24,0.0,0.0,0.0,False,False,False,0.02016516892353981,0.012551466530837496,0.007613702392702315,1.6022760413144026
2025-11-25,0.0,0.0,0.0,False,False,False,0.01668445979269806,0.013070799465094929,0.00361366032760313,1.6022760413144026
2025-11-26,0.0,0.0,0.0,False,False,False,-0.009539106443173684,-0.00020689797860673487,-0.009332208464566949,1.6022760413144026
2025-11-27,0.0,0.0,0.0,False,False,False,0.011019289812631783,0.001241644765432648,0.009777645047199135,1.6022760413144026
2025-11-28,0.0,0.0,0.0,False,True,False,0.016510766277960887,0.01057671771765567,0.005934048560305216,1.6022760413144026
2025-12-01,0.0,0.0,0.0,False,True,False,-0.001115834455759912,0.00715414475451337,-0.008269979210273282,1.6022760413144026
2025-12-02,0.0,0.0,0.0,False,True,False,-0.003385840490319425,-0.009950343049922261,0.006564502559602836,1.6022760413144026
2025-12-03,0.0,0.0,0.0,False,True,False,-0.00856740589823779,-0.008875755827150389,0.00030834992891259905,1.6022760413144026
2025-12-04,0.0,0.0,0.0,False,False,False,-0.01733390893365938,5.380594265935734e-05,-0.01738771487631874,1.6022760413144026
2025-12-05,0.0,0.0,0.0,False,False,False,0.017309877985322908,0.012944461459083456,0.004365416526239452,1.6022760413144026
2025-12-08,0.0,0.0,0.0,False,False,False,0.011221106690246785,0.010971754813421608,0.0002493518768251768,1.6022760413144026
2025-12-09,0.0,0.0,0.0,False,False,False,-0.008845038045355524,-0.005721367901334373,-0.003123670144021151,1.6022760413144026
2025-12-10,0.0,0.0,0.0,False,False,False,-0.010114423311883947,0.0037476729471126458,-0.013862096258996592,1.6022760413144026
2025-12-11,0.0,0.0,0.0,False,False,False,-0.027262173271885848,-0.012990939818364411,-0.014271233453521437,1.6022760413144026
2025-12-12,0.0,0.0,0.0,False,False,False,-0.013647342858211009,0.008060722100656337,-0.021708064958867346,1.6022760413144026
2025-12-15,0.0,0.0,0.0,False,False,False,0.00601960780356392,-0.008392416706688666,0.014412024510252586,1.6022760413144026
2025-12-16,0.0,0.0,0.0,False,False,False,-0.01778377739201986,-0.017438583241666583,-0.0003451941503532785,1.6022760413144026
2025-12-17,0.0,0.0,0.0,False,False,False,0.0015061263251994195,0.014915854640039417,-0.013409728314839997,1.6022760413144026
2025-12-18,0.0,0.0,0.0,False,False,False,0.017547845749697366,-0.0022418140858365687,0.019789659835533935,1.6022760413144026
2025-12-19,0.0,0.0,0.0,False,True,False,0.023879081010585335,0.007894230240360844,0.01598485077022449,1.6022760413144026
2025-12-22,0.0,0.0,1.0,True,True,True,-0.0004512296794658699,0.010715148141629882,-0.011166377821095752,1.6022760413144026
2025-12-23,-0.005485730398024502,1.0,1.0,True,True,True,-0.007336006775355508,-0.0021502763773310063,-0.005185730398024502,1.5934863869285378
2025-12-24,-0.004994232552870714,1.0,1.0,True,True,True,0.010721558216593152,0.015415790769463866,-0.004694232552870714,1.585528145342383
2025-12-25,-0.0002133279689096376,1.0,0.0,False,False,True,0.009811732579583676,0.009725060548493314,8.667203109036237e-05,1.5851899078434881
2025-12-26,0.0,0.0,0.0,False,False,True,-0.006759303608242839,0.0034501502761439262,-0.010209453884386765,1.5851899078434881
2025-12-29,0.0,0.0,0.0,False,False,True,0.002266859962705814,-0.0014949648479462008,0.0037618248106520147,1.5851899078434881
2025-12-30,0.0,0.0,0.0,False,False,True,-0.008475416780415745,0.00041347561810667344,-0.008888892398522419,1.5851899078434881
2025-12-31,0.0,0.0,0.0,False,False,False,0.0037600442208569618,-0.00026588393244975084,0.004025928153306713,1.5851899078434881
2026-01-05,0.0,0.0,0.0,False,False,False,0.013515818440091865,0.020881389494528335,-0.0073655710544364705,1.5851899078434881
2026-01-06,0.0,0.0,0.0,False,False,False,0.0028331050373511246,0.014317993056379485,-0.011484888019028361,1.5851899078434881
2026-01-07,0.0,0.0,0.0,False,False,False,-0.004417223871428622,0.005279151673892812,-0.009696375545321434,1.5851899078434881
2026-01-08,0.0,0.0,0.0,False,False,False,0.01895761625983683,0.008242668616137205,0.010714947643699624,1.5851899078434881
2026-01-09,0.0,0.0,0.0,False,False,False,0.012029701663346604,0.01976895449966687,-0.007739252836320265,1.5851899078434881
2026-01-12,0.0,0.0,0.0,False,False,False,0.016865327812696895,0.028026196984197727,-0.011160869171500831,1.5851899078434881
2026-01-13,0.0,0.0,0.0,False,True,False,0.0010130098347733707,-0.018413284176996392,0.019426294011769762,1.5851899078434881
2026-01-14,0.0,0.0,1.0,True,True,True,0.004850589096149216,0.006587729317955482,-0.001737140221806266,1.5851899078434881
2026-01-15,0.00023479064833261705,1.0,0.0,False,False,True,-0.001450150923658633,-0.00198494157199125,0.000534790648332617,1.585562095609681
2026-01-16,0.0,0.0,1.0,True,True,True,-0.0029310293263686837,-0.0009768492788305716,-0.001954180047538112,1.585562095609681
2026-01-19,0.01279038729804124,1.0,1.0,True,True,True,0.01708906088505313,0.003998673587011892,0.01309038729804124,1.6058420488976228
2026-01-20,0.012101880367680085,1.0,1.0,True,True,True,0.002372421099503974,-0.01002945926817611,0.012401880367680085,1.625275757262772
2026-01-21,0.003377798305172342,1.0,1.0,True,True,True,0.011612783487415568,0.007934985182243226,0.0036777983051723417,1.630765610961092
2026-01-22,0.0040733643928993705,1.0,1.0,True,True,True,0.011850618602567975,0.0074772542096686045,0.00437336439289937,1.6374083135339457
2026-01-23,-0.009976327295933706,1.0,1.0,True,True,True,0.0097463712304251,0.019422698526358806,-0.009676327295933707,1.6210729922810483
2026-01-26,0.0039772687343500816,1.0,1.0,True,True,True,-0.008154939077482104,-0.012432207811832185,0.0042772687343500815,1.6275204352093469
2026-01-27,-0.006269437099074493,1.0,0.0,False,False,True,-0.0039707352989281075,0.001998701800146385,-0.005969437099074493,1.6173167982133436
2026-01-28,0.0,0.0,0.0,False,False,True,-0.010963321640466428,0.0021044720030065633,-0.013067793643472991,1.6173167982133436
2026-01-29,0.0,0.0,0.0,False,False,True,-0.004701118281796535,-0.008045439231219031,0.003344320949422497,1.6173167982133436
2026-01-30,0.0,0.0,1.0,True,True,True,0.014933879408426165,-0.00928325138228614,0.024217130790712305,1.6173167982133436
2026-02-02,0.02001199772251213,1.0,1.0,True,True,True,-0.01353836436721445,-0.03385036208972658,0.020311997722512132,1.6496825382957698
2026-02-03,-0.011556089738572728,1.0,1.0,True,True,True,0.018042643997413954,0.029298733735986682,-0.011256089738572728,1.6306186588430676
2026-02-04,0.008812586579017146,1.0,1.0,True,True,True,0.00887139083283306,-0.00024119574618408635,0.009112586579017146,1.644988626951483
2026-02-05,0.017849927828177924,1.0,1.0,True,True,True,0.0012085403499881853,-0.01694138747818974,0.018149927828177925,1.6743515552207404
2026-02-06,0.011254302168218733,1.0,1.0,True,True,True,0.009507966484883834,-0.002046335683334899,0.011554302168218733,1.6931952135590216
2026-02-09,-0.005971917829595419,1.0,1.0,True,True,True,0.016958451154341914,0.022630368983937332,-0.005671917829595419,1.6830835908741828
2026-02-10,-0.00043940991605854156,1.0,1.0,True,True,True,0.0018669589691919786,0.00200636888525052,-0.00013940991605854158,1.6823440272547974
2026-02-11,-0.001051835025380565,1.0,1.0,True,True,True,-0.002059666255759929,-0.0013078312303793638,-0.000751835025380565,1.680574478882191
2026-02-12,-0.0196868866592275,1.0,0.0,False,False,False,-0.010245566362268033,0.009141320296959465,-0.019386886659227498,1.647489199594047
2026-02-13,0.0,0.0,0.0,False,False,False,0.0007907058181213511,-0.013229374503146762,0.014020080321268114,1.647489199594047
2026-02-24,0.0,0.0,0.0,False,True,False,0.021308185457229678,0.011571233042001028,0.00973695241522865,1.647489199594047
2026-02-25,0.0,0.0,0.0,False,False,False,0.005086218528623565,0.015248615323075088,-0.010162396794451523,1.647489199594047
2026-02-26,0.0,0.0,0.0,False,False,False,-0.001735759864119446,0.007629656089899184,-0.00936541595401863,1.647489199594047
2026-02-27,0.0,0.0,0.0,False,True,False,0.005771839702588988,0.00827030299318543,-0.002498463290596442,1.647489199594047
2026-03-02,0.0,0.0,0.0,False,False,False,-0.03022913462118093,-0.009796935814709862,-0.02043219880647107,1.647489199594047
2026-03-03,0.0,0.0,0.0,False,False,False,-0.025967439417908245,-0.039462213503173804,0.01349477408526556,1.647489199594047
2026-03-04,0.0,0.0,0.0,False,False,False,-0.006734129607016914,-0.005886434672610741,-0.0008476949344061735,1.647489199594047
2026-03-05,0.0,0.0,0.0,False,False,False,0.012839090142179765,0.009463192382006547,0.0033758977601732187,1.647489199594047
2026-03-06,0.0,0.0,0.0,False,True,False,0.033785019138995676,0.009513995633401606,0.02427102350559407,1.647489199594047
2026-03-09,0.0,0.0,0.0,False,True,False,-0.008991807732194101,-0.00545408698898997,-0.0035377207432041313,1.647489199594047
2026-03-10,0.0,0.0,1.0,True,True,True,0.026408198918887793,0.017823295590983168,0.008584903327904625,1.647489199594047
2026-03-11,-0.009370001577376474,1.0,1.0,True,True,True,-0.00746043808764163,0.0016095634897348443,-0.009070001577376474,1.6320522231951402
2026-03-12,-0.009425200794784405,1.0,1.0,True,True,True,-0.012427634097468943,-0.0033024333026845376,-0.009125200794784405,1.6166698032839517
2026-03-13,0.012854450602226753,1.0,0.0,False,False,True,-0.0014354382041541491,-0.014589888806380902,0.013154450602226753,1.637451205410377
2026-03-16,0.0,0.0,1.0,True,True,True,0.002673679510482696,-0.00035791285674113826,0.0030315923672238343,1.637451205410377
2026-03-17,-2.182256878568696e-06,1.0,0.0,False,False,True,-0.023022342766417236,-0.023320160509538668,0.0002978177431214313,1.6374476320712206
2026-03-18,0.0,0.0,1.0,True,True,True,0.016856653878305483,0.009567498684515785,0.007289155193789698,1.6374476320712206
