date,microcap,hedge,microcap_ret,hedge_ret,return,nav
2023-01-04,1010.5837800385414,6421.28,0.010583780038541324,-0.00037672992200754596,0.01066050996054887,1.0106605099605488
2023-01-05,1013.6894213113936,6485.47,0.0030731160881425357,0.009996449306057364,-0.007223333217914829,1.003360172326916
2023-01-06,1009.2275963798876,6500.32,-0.0044015699855424195,0.0022897338203706763,-0.006991303805913096,0.9963453765354253
2023-01-09,1016.230715286816,6535.75,0.0069390878054154115,0.005450500898417365,0.0011885869069980463,0.9975296196048234
2023-01-10,1011.6108285788388,6540.2,-0.004546100249167684,0.0006808705963354811,-0.005526970845503165,0.9920163024797417
2023-01-11,998.962567067382,6486.9,-0.012503090273584427,-0.008149597871624725,-0.004653492401959702,0.9873999621535321
2023-01-12,1001.0413008174468,6489.57,0.0020808925365114472,0.0004115987605790572,0.0013692937759323901,0.9887520027760648
2023-01-13,1002.3510034017274,6517.51,0.0013083402085520834,0.004305370001402409,-0.0032970297928503253,0.9854920579651717
2023-01-16,1015.7901290743548,6591.81,0.013407604349193303,0.011400059225072257,0.0017075451241210463,0.9871748301236102
2023-01-17,1013.2954490617934,6597.49,-0.0024559010184856955,0.000861675321345734,-0.0036175763398314294,0.9836036498148779
2023-01-18,1024.426019607154,6613.01,0.010984526335005684,0.002352409780083109,0.008332116554922575,0.9917991500689828
2023-01-19,1030.8991518829264,6676.08,0.006318789401946745,0.009537260642279444,-0.0035184712403326986,0.9883095332832786
2023-01-20,1038.3557953504362,6736.85,0.0072331454089280545,0.00910264706234809,-0.002169501653420036,0.9861653941167298
2023-01-30,1059.642466646298,6786.45,0.02050036354704199,0.007362491372080449,0.01283787217496154,0.998825659389771
2023-01-31,1066.3467493259864,6805.28,0.0063269290262657485,0.0027746465383227115,0.003252282487943037,1.0020741225903125
2023-02-01,1088.027092786784,6916.72,0.02033141984490605,0.01637552018432764,0.0036558996605784103,1.005737605034965
2023-02-02,1092.825472617405,6933.23,0.0044101657600557065,0.0023869695462588325,0.001723196213796874,1.0074706882680342
2023-02-03,1095.6316473552115,6925.08,0.002567816003671064,-0.0011754982886763576,0.0034433142923474217,1.0109397264880686
2023-02-06,1102.265488821773,6891.41,0.006054810010805323,-0.004862037694871368,0.010616847705676691,1.021672719603811
2023-02-07,1112.1754514182103,6924.32,0.00899054057024884,0.004775510381765047,0.003915030188483793,1.0256725991438103
2023-02-08,1110.9174857237358,6877.72,-0.0011310856509828549,-0.006729902719689318,0.005298817068706463,1.031107450619058
2023-02-09,1121.7265497936055,6999.18,0.009729853214820672,0.01765992218351431,-0.008230068968693638,1.0226213651863294
2023-02-10,1124.0426182014662,6975.39,0.002064735303168863,-0.0033989695935809916,0.005163704896749855,1.027901880137263
2023-02-13,1135.2538345154103,7052.18,0.009974013558207151,0.011008703456007574,-0.0013346898978004226,1.0265299498819138
2023-02-14,1135.1186231997003,7061.45,-0.0001191022761598548,0.0013144871514907397,-0.0017335894276505944,1.0247503684136319
2023-02-15,1142.2197804577606,7063.6,0.006255872393357009,0.00030447004510403275,0.005651402348252977,1.030541645052058
2023-02-16,1111.6941132933937,6925.2,-0.026724863013782962,-0.01959340846027524,-0.007431454553507721,1.0228832216513566
2023-02-17,1112.6757111357626,6868.55,0.0008829747595415771,-0.008180269161901399,0.008763243921442976,1.0318469968258388
2023-02-20,1120.2338455233707,6959.36,0.006792755797547789,0.013221131097538752,-0.006728375299990963,1.024904342979026
2023-02-21,1123.214723991441,6990.48,0.0026609430521871147,0.004471675556372956,-0.0021107325041858412,1.022741044068619
2023-02-22,1129.828413794167,6998.43,0.005888179402798288,0.001137260960620834,0.004450918442177454,1.027293181043236
2023-02-23,1130.5972180938772,6966.79,0.0006804611127881888,-0.004521013998854073,0.004901475111642262,1.0323284330024793
2023-02-24,1130.019730993048,6944.82,-0.000510780578253045,-0.0031535326886558135,0.0023427521104027686,1.0347469226175245
2023-02-27,1116.1794080341094,6894.3,-0.012247859554430751,-0.007274486595764795,-0.005273372958665956,1.0292903161767306
2023-02-28,1129.60250335412,6955.57,0.012025929902839128,0.008887051622354702,0.002838878280484425,1.0322123460996377
2023-03-01,1144.3969011801707,7002.77,0.013096994546419438,0.006785928399829277,0.006011066146590161,1.0384170427893697
2023-03-02,1144.4350188037272,6972.31,3.330804506473939e-05,-0.004349707330099428,0.004083015375164168,1.0426569155409111
2023-03-03,1141.3724784916988,6967.94,-0.002676028137648001,-0.0006267650176198236,-0.0023492631200281774,1.0402074401023886
2023-03-06,1141.7195435013489,6997.04,0.00030407690406963894,0.0041762701745422515,-0.0041721932704726124,1.035867493620898
2023-03-07,1120.9072567257529,6855.34,-0.018228895961411196,-0.020251420600711167,0.001722524639299972,1.03765180090171
2023-03-08,1141.03118002716,6891.46,0.01795324562371947,0.005268885277754265,0.012384360345965207,1.0505024547177164
2023-03-09,1154.5041730334638,6892.86,0.011807734303967976,0.00020314998563430997,0.011304584318333666,1.0623779482936895
2023-03-10,1142.7096913952807,6798.3,-0.010216058039177911,-0.013718543536354932,0.0032024854971770215,1.0657801982656208
2023-03-13,1137.9831239031892,6832.62,-0.004136280218574484,0.005048320903755288,-0.009484601122329772,1.055671698200994
2023-03-14,1119.152357099356,6769.85,-0.016547492144914244,-0.009186812672152045,-0.007660679472762199,1.0475845356926097
2023-03-15,1134.930674093982,6803.47,0.014098453078828621,0.004966136620456751,0.00883231645837187,1.0568371338287434
2023-03-16,1118.3985502617368,6689.78,-0.014566637601404864,-0.016710590331110553,0.0018439527297056894,1.0587858915465211
2023-03-17,1124.497265597833,6736.37,0.005453078721059601,0.006964354582661869,-0.001811275861602268,1.0568681382185579
2023-03-20,1118.025660894379,6721.45,-0.005755109328801633,-0.002214842712024434,-0.003840266616777199,1.0528094827890218
2023-03-21,1140.308800932088,6809.39,0.019930794808308283,0.013083486450096382,0.006547308358211901,1.059702551115291
2023-03-22,1153.827965142451,6840.33,0.01185570452434681,0.0045437256494340605,0.00701197887491275,1.0671331630174028
2023-03-23,1148.9318071640582,6868.83,-0.004243403805686219,0.0041664656529729616,-0.00870986945865918,1.0578385724725152
2023-03-24,1152.6161651713994,6867.95,0.0032067682210272785,-0.000128114977368754,0.0030348831983960326,1.0610489889827273
2023-03-27,1151.2891847814703,6886.69,-0.001151276921169786,0.002728616253758309,-0.004179893174928095,1.0566139175554141
2023-03-28,1141.15355821369,6825.38,-0.00880371908444888,-0.008902680387820494,-0.00020103869662838584,1.0564014972705893
2023-03-29,1128.9249030233923,6806.28,-0.010716047023014097,-0.0027983789913529344,-0.008217668031661162,1.0477203404578699
2023-03-30,1114.1099883853117,6807.64,-0.013123029351557847,0.0001998154645417305,-0.013622844816099577,1.0334474088491414
2023-03-31,1124.6499968515138,6875.81,0.00946047389941973,0.010013749258186433,-0.0008532753587667027,1.0325655936405893
2023-04-03,1133.7266825145057,6962.2,0.008070675933314675,0.012564337874374054,-0.004793661941059379,1.027615823252707
2023-04-04,1114.8567666769827,6953.36,-0.016644149007476128,-0.0012697135962770334,-0.015674435411199096,1.0115085254036063
2023-04-06,1107.6572701551574,6983.03,-0.006457777121705588,0.004267001852341856,-0.011024778974047444,1.0003568674806669
2023-04-07,1117.5717633578845,7042.89,0.008950867267217388,0.008572210057811613,7.865720940577499e-05,1.0004355527602729
2023-04-10,1098.1579138014206,6968.57,-0.01737145675382179,-0.01055248626629135,-0.00711897048753044,0.9933134815854963
2023-04-11,1096.880459637946,6984.14,-0.001163270006453443,0.0022343178012131926,-0.0036975878076666354,0.9896406177667949
2023-04-12,1110.4165964744027,7021.02,0.012340576147126026,0.005280535613547244,0.006760040533578782,0.9963306284565744
2023-04-13,1110.1745541184227,6966.82,-0.00021797436813209004,-0.007719676058464575,0.007201701690332485,1.0035059044276602
2023-04-14,1112.5531726355844,7020.09,0.002142562634261047,0.007646243192733548,-0.005803680558472501,0.997681876719821
2023-04-17,1112.1632650385843,7012.77,-0.0003504619883257787,-0.0010427216745083623,0.0003922596861825836,0.998073227099693
2023-04-18,1101.448323063885,6997.07,-0.009634324663948979,-0.002238772981289938,-0.0076955516826590405,0.9903925029974691
2023-04-19,1095.4107092454974,6965.58,-0.00548152254805101,-0.004500455190529773,-0.0012810673575212369,0.9891237434907453
2023-04-20,1083.2877224893691,6963.9,-0.011067069779223226,-0.00024118594575039953,-0.011125883833472827,0.9781188676237375
2023-04-21,1051.676745271992,6773.51,-0.029180592155827023,-0.027339565473369687,-0.002141026682457336,0.9760246890295401
2023-04-24,1051.0496640641727,6725.27,-0.0005962680173718926,-0.007121861486880432,0.0062255934695085394,0.9821010219596416
2023-04-25,1026.6250615363433,6603.24,-0.02323829535645816,-0.018144996409066194,-0.0053932989473919665,0.9768042575516741
2023-04-26,1044.1746277522805,6624.4,0.01709442606989775,0.003204487494018027,0.013589938575879723,0.9900789674124592
2023-04-27,1049.7904053882812,6633.49,0.005378197752314184,0.0013721997463922442,0.0037059980059219403,0.993748198091395
2023-04-28,1079.1310415105645,6723.3,0.02794904199132131,0.013538876217496387,0.014110165773824923,1.0077701499039045
2023-05-04,1097.6428619230269,6733.97,0.017154376716426833,0.0015870182797137478,0.015267358436713086,1.0231561380043075
2023-05-05,1092.404773490868,6653.65,-0.004772124535098787,-0.011927585064976598,0.006855460529877811,1.0301703445242982
2023-05-08,1093.6010343303174,6702.5,0.0010950710473616176,0.007341834932706126,-0.006546763885344508,1.0234260625170137
2023-05-09,1073.8218197679028,6611.64,-0.018086316619594922,-0.013556135770234956,-0.004830180849359966,1.0184827295491081
2023-05-10,1085.3485964068948,6627.31,0.01073434756753544,0.002370062495840708,0.008064285071694733,1.0266960646207899
2023-05-11,1100.2130596081631,6622.52,0.013695565876694404,-0.0007227668541233134,0.014118332730817718,1.0411913012745273
2023-05-12,1091.7489403978525,6535.94,-0.007693163734418085,-0.013073573201742072,0.005080409467323988,1.046480979418818
2023-05-15,1101.2637613508057,6585.91,0.008715209697832016,0.007645419021594435,0.0007697906762375809,1.0472865507196345
2023-05-16,1097.0726222910653,6516.29,-0.0038057540861959893,-0.010571052443777651,0.006465298357581662,1.0540575707359197
2023-05-17,1118.4397515134483,6554.98,0.01947649479918767,0.0059374275853283365,0.013239067213859335,1.0680123097621699
2023-05-18,1127.5245286789525,6583.74,0.008122723779453445,0.0043875038520331255,0.003435219927420319,1.071681166931395
2023-05-19,1127.7054072464937,6602.32,0.0001604209602013018,0.0028221041535660962,-0.0029616831933647943,1.0685071868306488
2023-05-22,1137.420875870184,6595.98,0.008615254091414393,-0.0009602685116747445,0.009275522603089137,1.0784181493936598
2023-05-23,1133.979631663875,6528.45,-0.0030254800833301454,-0.010238054087489568,0.006912574004159422,1.085872794658772
2023-05-24,1140.633565930278,6513.18,0.005867772295556906,-0.0023389931760218197,0.007906765471578725,1.0944585361781067
2023-05-25,1142.719021661402,6501.0,0.0018283310200704062,-0.0018700542592098301,0.0033983852792802364,1.0981779279562371
2023-05-26,1142.8114032347617,6546.41,8.084364713334402e-05,0.0069850792185817134,-0.007204235571448369,1.0902663954638754
2023-05-29,1129.6689504759172,6534.12,-0.01150010642319843,-0.0018773648457703906,-0.00992274157742804,1.0794479637711334
2023-05-30,1132.4828108835914,6564.47,0.002490871689877494,0.004644848885542396,-0.0024539771956649022,1.0767990230841322
2023-05-31,1124.51476639218,6561.65,-0.0070359076666201,-0.0004295853282900719,-0.006906322338330028,1.0693623019371143
2023-06-01,1125.601564693445,6574.76,0.0009664597866969604,0.0019979730707977428,-0.0013315132841007823,1.0679384318265686
2023-06-02,1134.980783472488,6626.28,0.00833262770170129,0.007836027474767082,0.00019660022693420738,1.0681483887646175
2023-06-05,1144.8277617308374,6632.96,0.008675898659907366,0.001008107112890011,0.007367791547017355,1.0760182834343177
2023-06-06,1123.5392594121563,6489.81,-0.018595375680351744,-0.02158161665380154,0.002686240973449794,1.07890872783546
2023-06-07,1132.322050783059,6488.56,0.007817075636055604,-0.00019260964496647937,0.007709685281022083,1.0872267745740194
2023-06-08,1129.6107848725185,6442.48,-0.0023944300198566193,-0.0071017298137030505,0.004407299793846431,1.0920185089134637
2023-06-09,1128.1416279830116,6495.56,-0.0013005868120077313,0.008239063217891474,-0.009839650029899205,1.081273428959583
2023-06-12,1141.963510690472,6530.16,0.012251903807656062,0.005326715479496702,0.00662518832815936,1.0884370690606748
2023-06-13,1151.4942423514074,6554.96,0.008345916110027662,0.0037977629950873837,0.004248153114940279,1.0930609163860214
2023-06-14,1149.8726629253265,6578.12,-0.001408239282872592,0.0035332023383818356,-0.005241441621254428,1.0873317014043093
2023-06-15,1143.486619591256,6613.95,-0.005553696109118933,0.0054468449952265185,-0.011300541104345451,1.075044264818532
2023-06-16,1144.4895186152949,6669.01,0.0008770535718183314,0.008324828582012334,-0.007747775010194002,1.0667150637287188
2023-06-19,1138.327275964312,6693.3,-0.00538427180918033,0.003642219759754539,-0.009326491568934869,1.0567663546803971
2023-06-20,1129.1604821143249,6693.91,-0.008052863217409723,9.113591203147031e-05,-0.008443999129441193,1.047843020501453
2023-06-21,1117.5062512727134,6548.41,-0.010321146574124862,-0.021736175120370627,0.011115028546245765,1.0594898255863112
2023-06-26,1102.739939221554,6420.97,-0.013213628142430656,-0.01946121272186674,0.005947584579436083,1.065791230935038
2023-06-27,1133.3059061490633,6507.27,0.027718200674844873,0.013440336896138882,0.01397786377870599,1.0806887155775873
2023-06-28,1140.01787401265,6475.51,0.005922467911946061,-0.004880694976541644,0.010503162888487705,1.0920393651890492
2023-06-29,1159.771499584343,6520.04,0.01732747005287205,0.006876678439227124,0.010150791613644928,1.1031244292189804
2023-06-30,1177.345771326423,6602.04,0.015153219188761335,0.012576609959448204,0.0022766092293131316,1.1056358124756211
2023-07-03,1181.1246464913568,6612.88,0.003209656208877698,0.0016419167408860957,0.0012677394679916024,1.1070374706323214
2023-07-04,1191.7556942458907,6638.45,0.009000783944450363,0.003866696507421885,0.0048340874370284784,1.112388986561425
2023-07-05,1188.2596654945098,6584.42,-0.0029335112626359683,-0.008138948097824006,0.004905436835188038,1.1178457404711608
2023-07-06,1192.723705375798,6567.08,0.0037567881927815794,-0.002633489358212282,0.0060902775509938615,1.1246537312898264
2023-07-07,1191.258548860882,6521.43,-0.0012284123375031486,-0.006951339103528409,0.00542292676602526,1.130752646111748
2023-07-10,1191.87108550732,6526.85,0.000514192865204377,0.0008311060610939336,-0.0006169131958895565,1.1300550698830747
2023-07-11,1202.8937626219565,6579.37,0.009248212536295153,0.008046760688540378,0.0009014518477547754,1.1310737601138854
2023-07-12,1192.7096008313893,6482.99,-0.008466385068261362,-0.014648818959870025,0.005882433891608663,1.1377272267342884
2023-07-13,1202.2651442604354,6548.31,0.008011626151399609,0.0100755978337157,-0.00236397168231609,1.1350376717880886
2023-07-14,1204.3411810127695,6544.46,0.0017267711388333495,-0.0005879379565110199,0.0020147090953443695,1.1373244425089986
2023-07-17,1207.708118381462,6516.56,0.002795667392076817,-0.00426314776161818,0.006758815153694997,1.1450114081856961
2023-07-18,1210.6545922838366,6510.03,0.0024397235205499967,-0.001002062437850726,0.0031417859584007227,1.1486087889501424
2023-07-19,1213.141709688004,6492.35,0.002054357551707353,-0.002715809297345717,0.00447016684905307,1.1537432618810382
2023-07-20,1201.9312536746436,6408.76,-0.009240846245607726,-0.012875153064760836,0.0033343068191531103,1.15759019590668
2023-07-21,1196.2869329023597,6401.42,-0.0046960429350909605,-0.0011453073605502961,-0.0038507355745406643,1.1531326221585627
2023-07-24,1202.0933407681175,6393.79,0.004853691623689871,-0.0011919230420750493,0.00574561466576492,1.1597580778640089
2023-07-25,1223.782526037909,6498.27,0.018042846203550678,0.01634085573658206,0.001401990466968617,1.161384047633164
2023-07-26,1228.5178824174827,6457.25,0.0038694427145522514,-0.0063124493134326665,0.009881892027984918,1.172860719394899
2023-07-27,1224.589368231716,6407.55,-0.003197767197361534,-0.007696774942893669,0.004199007745532135,1.1777855706400684
2023-07-28,1229.37093336633,6465.38,0.0039046273458331893,0.009025290477639558,-0.005420663131806369,1.1714011918201264
2023-07-31,1236.2697057593994,6515.85,0.005611628033354243,0.00780619236610991,-0.0024945643327556662,1.1684790561876643
2023-08-01,1230.3076457574912,6507.41,-0.0048226208036423746,-0.0012953029919351433,-0.003827317811707231,1.1640069154833106
2023-08-02,1232.9576003524087,6496.02,0.002153895900798064,-0.0017503123362442308,0.003604208237042295,1.1682022387960695
2023-08-03,1222.1661464226268,6499.54,-0.008752493943585349,0.000541870252862342,-0.00959436419644769,1.1569940810619546
2023-08-04,1216.992626376168,6535.32,-0.004233074252303681,0.005505004969582394,-0.010038079221886076,1.1453800828170013
2023-08-07,1209.9485844142357,6503.98,-0.005788072835664737,-0.004795480557952758,-0.0012925922777119788,1.143899573366907
2023-08-08,1213.7840182098787,6471.34,0.003169914693110565,-0.005018465616437817,0.007888380309548382,1.1529230882375554
2023-08-09,1201.892998791,6420.98,-0.009796651826422753,-0.007782004963423406,-0.0023146468629993474,1.1502544784280868
2023-08-10,1212.0452602379662,6426.81,0.008446892907420622,0.0009079610900517565,0.007238931817368866,1.158581092170051
2023-08-11,1198.095487218559,6304.64,-0.01150928391623629,-0.01900943080626316,0.007200146890026871,1.1669230462176832
2023-08-14,1206.020115889953,6319.41,0.006614354828922364,0.002342719013298078,0.003971635815624286,1.1715576395821188
2023-08-15,1205.80694707482,6261.73,-0.00017675394657556964,-0.00912743436491703,0.008650680418341461,1.1816924103138102
2023-08-16,1198.2593970271937,6186.4,-0.006259335348777095,-0.012030221679951048,0.005470886331173952,1.1881573151690479
2023-08-17,1221.368119161705,6247.6,0.01928524173634072,0.009892667787404719,0.009092573948936,1.1989607234201918
2023-08-18,1218.9752579102246,6117.11,-0.0019591646563713594,-0.020886420385428095,0.018627255729056734,1.2212940714244347
2023-08-21,1220.6882315553246,6057.17,0.0014052571075451326,-0.0097987448321184,0.010904001939663533,1.2346110643481463
2023-08-22,1211.7241776753922,6099.19,-0.007343442533652489,0.0069372330642856195,-0.014580675597938108,1.2166096009292608
2023-08-23,1202.4010773749064,5973.67,-0.007694077969436441,-0.020579781905466055,0.012585703936029613,1.2319214891722876
2023-08-24,1192.2690773025174,5987.97,-0.008426472882500535,0.0023938382937123137,-0.011120311176212849,1.2182221388680283
2023-08-25,1171.2526462660949,5879.03,-0.017627254985067453,-0.01819314392022675,0.00026588893515929775,1.2185460506553194
2023-08-28,1184.1797674411505,5922.16,0.011037004882137769,0.007336244244373624,0.0034007606377641445,1.222690034099691
2023-08-29,1242.1449241967828,6108.76,0.04894962601910269,0.031508773825766445,0.01714085219333624,1.243647983252459
2023-08-30,1257.3725045391243,6139.63,0.012259101209295853,0.00505339872576438,0.006905702483531473,1.2522362462190444
2023-08-31,1252.531696459746,6104.3,-0.0038499395063141817,-0.0057544184258659925,0.001604478919551811,1.2542454328784014
2023-09-01,1251.8312472627338,6107.2,-0.0005592267237564119,0.0004750749471682525,-0.0013343016709246643,1.2525718911015622
2023-09-04,1269.4107463072587,6198.76,0.014043026232940292,0.0149921404244171,-0.0012491141914768075,1.2510072857765424
2023-09-05,1264.579801082957,6167.64,-0.00380565962463697,-0.005020358910491796,0.0009146992858548256,1.2521515812474415
2023-09-06,1273.1960935107709,6195.38,0.006813561643508104,0.004497668476110661,0.0020158931673974426,1.2546757850646242
2023-09-07,1256.2721419882685,6083.49,-0.013292494069657046,-0.018060231979313723,0.0044677379096566775,1.2602813476338857
2023-09-08,1256.886215165439,6102.49,0.0004888058539598283,0.003123207237950565,-0.0029344013839907365,1.2565831763031712
2023-09-11,1261.441050189139,6182.64,0.0036239040326340177,0.013133983013491335,-0.009810078980857317,1.2442559960976205
2023-09-12,1255.8371852756325,6184.61,-0.004442431069344388,0.00031863411099464223,-0.00506106518033903,1.2379587354003427
2023-09-13,1245.3801510184192,6103.14,-0.008326743609617049,-0.013173021419297104,0.004546277809680055,1.243586839728393
2023-09-14,1232.5104502130512,6068.71,-0.010333953688633657,-0.005641358382734163,-0.004992595305899494,1.2373781139098865
2023-09-15,1233.2985975278284,6079.06,0.0006394650160093107,0.0017054695314160373,-0.0013660045154067265,1.2356878498190202
2023-09-18,1256.741797353326,6083.97,0.019008535218064893,0.0008076906627010327,0.017900844555363858,1.2578077059375823
2023-09-19,1242.7473499406683,6031.04,-0.01113549930632518,-0.008699911406532257,-0.0027355878997929236,1.2543668623969533
2023-09-20,1237.3274378955325,5982.56,-0.004361234039561235,-0.008038414601793331,0.0033771805622320964,1.2586030857825483
2023-09-21,1230.628225340596,5939.66,-0.0054142600816569075,-0.007170843251049774,0.001456583169392867,1.2604363458542451
2023-09-22,1253.5562372696986,6054.93,0.018631144205031536,0.019406834734648104,-0.0010756905296165683,1.2590805064138253
2023-09-25,1249.5555161977509,6027.39,-0.003191497080866079,-0.004548359766339161,0.0010568626854730815,1.2604111816190606
2023-09-26,1246.5351298712233,5996.11,-0.0024171685750452587,-0.00518964261479693,0.0024724740397516713,1.2635275155450265
2023-09-27,1249.9014100328106,6034.06,0.0027005096614767243,0.006329103368684086,-0.0039285937072073614,1.258563629298573
2023-09-28,1267.0086812336317,6078.94,0.013686896473196208,0.007437778212347812,0.0059491182608483965,1.2660509731680727
2023-10-09,1255.4955488303112,6059.97,-0.009086861498147414,-0.0031206098431633134,-0.0062662516549841,1.2581175791621642
2023-10-10,1250.6748019360575,6043.48,-0.0038397164360678415,-0.002721135583179546,-0.0014185808528882956,1.2563328376536826
2023-10-11,1248.955599745255,6059.4,-0.0013746196758270823,0.0026342438462607642,-0.0043088635220878465,1.2509194709179157
2023-10-12,1251.9167404598793,6104.46,0.00237089350112063,0.007436379839588225,-0.005365486338467595,1.2442076795861825
2023-10-13,1234.1479618471203,6081.87,-0.014193259055096386,-0.003700573023658116,-0.01079268603143827,1.2307793367425046
2023-10-16,1237.4791877097473,6024.36,0.002699211087819009,-0.009455973245071081,0.01185518433289009,1.2453704526526992
2023-10-17,1238.766172369507,6011.37,0.001040005094664842,-0.0021562456426906795,0.0028962507373555216,1.2489773577444754
2023-10-18,1216.0414620703446,5908.01,-0.01834463259171404,-0.01719408387771837,-0.0014505487139956693,1.2471656552443895
2023-10-19,1211.0683536422173,5842.89,-0.004089587882686541,-0.011022323929715694,0.006632736047029153,1.2554377758425457
2023-10-20,1205.7543987281035,5774.32,-0.004387824104339244,-0.011735630826526067,0.007047806722186823,1.264285858638416
2023-10-23,1177.1328108574228,5638.14,-0.02373749405423886,-0.023583729339558546,-0.0004537647146803156,1.2637121703264966
2023-10-24,1226.5253648909677,5719.32,0.041960052067164355,0.014398365418382575,0.02726168664878178,1.2981630955281895
2023-10-25,1250.1534095626748,5778.9,0.019264212015548177,0.010417322339019375,0.008546889676528802,1.30925835228781
2023-10-26,1248.5395594019635,5811.69,-0.0012909216967826875,0.005674090224783157,-0.0072650119215658445,1.2997465747500294
2023-10-27,1262.7161856175103,5916.68,0.011354567109060687,0.018065313187730414,-0.007010746078669727,1.2906343815478363
2023-10-30,1275.354700412987,6006.56,0.010008990887604874,0.015190951682362508,-0.005481960794757634,1.2835591744678247
2023-10-31,1276.347006879338,5969.34,0.000778063127089057,-0.006196558429450549,0.0066746215565396064,1.292126446202822
2023-11-01,1290.248177346128,5958.42,0.01089137232419124,-0.0018293479681170677,0.012420720292308307,1.3081755873734016
2023-11-02,1283.138001766897,5885.25,-0.005510703835176489,-0.012280101100627383,0.006469397265450894,1.3166386949410847
2023-11-03,1295.480328476905,5973.17,0.009618861488797315,0.014939042521558088,-0.005620181032760773,1.309238947120778
2023-11-06,1314.2134782400326,6096.57,0.014460389209577595,0.020659047038674494,-0.0064986578290968985,1.300730651186913
2023-11-07,1325.1822479082118,6116.76,0.008346261737376404,0.0033116982171943476,0.004734563520182056,1.3068890430776052
2023-11-08,1327.2141059532014,6138.94,0.001533266875704653,0.0036261027079693697,-0.0023928358322647166,1.303761872146535
2023-11-09,1322.2573872094035,6100.69,-0.0037346790706672683,-0.00623071735511338,0.0021960382844461116,1.30662498313157
2023-11-10,1324.310788322257,6088.56,0.001552951136984726,-0.001988299684133943,0.003241250821118669,1.3108600824310392
2023-11-13,1344.8737748514889,6144.63,0.015527311799130361,0.009209074066774292,0.006018237732356069,1.3187491500409652
2023-11-14,1342.216356998112,6181.98,-0.0019759607950348146,0.006078478281035471,-0.008354439076070285,1.3077317406103284
2023-11-15,1349.1606359865889,6207.27,0.005173740397567572,0.004090922325856949,0.0007828180717106229,1.3087554566498278
2023-11-16,1344.8997718638057,6145.15,-0.0031581592355512944,-0.010007620097079895,0.0065494608615286,1.317327099290468
2023-11-17,1356.7582785744794,6199.23,0.00881739067755194,0.00880043611628678,-0.00028304543873484104,1.316954235863692
2023-11-20,1373.947060498988,6253.28,0.01266900832369977,0.008718824757268262,0.003650183566431509,1.3217613605731842
2023-11-21,1367.3558190131473,6212.13,-0.004797303822934085,-0.006580546529181386,0.0014832427062473012,1.3237218534706539
2023-11-22,1360.822509502084,6132.97,-0.004778060999351741,-0.012742811241876706,0.007664750242524965,1.3338678508680786
2023-11-23,1369.6931188728884,6197.53,0.006518564551118544,0.01052671054970089,-0.004308145998582346,1.3281213534237237
2023-11-24,1354.0601594711893,6115.41,-0.011413475899304637,-0.013250440094682903,0.0015369641953782657,1.3301626283910533
2023-11-27,1355.0127162334406,6111.36,0.0007034818620048622,-0.0006622614019338169,0.0010657432639386791,1.3315802402522041
2023-11-28,1372.898457571151,6143.3,0.013199685230576907,0.0052263326002723876,0.00767335263030452,1.3417979249912049
2023-11-29,1367.5703532838595,6113.37,-0.003880916507632892,-0.00487197434603559,0.0006910578384026981,1.3427251849648225
2023-11-30,1361.258390250417,6080.55,-0.004615457638640574,-0.005368561039164943,0.00045310340052436866,1.3433335783120999
2023-12-01,1366.0145050910846,6130.05,0.0034939103955073936,0.008140710955423458,-0.004946800559916064,1.3366883750147516
2023-12-04,1374.3203988195355,6114.39,0.006080384723218701,-0.0025546284288056054,0.008335013152024307,1.3478296902006575
2023-12-05,1358.3262872605842,5992.6,-0.011637833195730307,-0.01991858550076131,0.007980752305031003,1.3585863851075157
2023-12-06,1370.991573828941,6023.8,0.009324185718219136,0.0052064212528786236,0.003817764465340512,1.3637731479316746
2023-12-07,1362.8968250039654,6020.83,-0.005904302389232341,-0.0004930442577775196,-0.005711258131454821,1.3559842874510901
2023-12-08,1327.346529599179,6003.14,-0.026084362919168935,-0.002938133114537278,-0.02344622980463166,1.3241915682360421
2023-12-11,1341.087208121617,6075.08,0.010351990392883703,0.011983728515410297,-0.0019317381225265936,1.3216335769021523
2023-12-12,1354.007301878224,6078.99,0.00963404443675464,0.0006436129236158106,0.00869043151313883,1.3331191429876852
2023-12-13,1353.8713040469815,6019.55,-0.00010044098806105684,-0.00977794008544175,0.009377499097380693,1.3456204665477531
2023-12-14,1357.7871138728374,5991.86,0.0028923058005223545,-0.004600011628776324,0.007192317429298678,1.3552985960825257
2023-12-15,1361.4819848495,5951.6,0.002721244692125202,-0.006719115600164138,0.00914036029228934,1.3676865135543537
2023-12-18,1345.722663294763,5857.01,-0.011575123086537964,-0.015893205188520776,0.004018082101982812,1.3731819902555897
2023-12-19,1352.2085952964603,5863.54,0.004819664689169834,0.0011149033380513096,0.003404761351118524,1.377857347224064
2023-12-20,1352.0044366336124,5761.31,-0.00015098163371984885,-0.017434860169795008,0.016983878536075157,1.4012587090493562
2023-12-21,1360.723272043559,5798.91,0.006448821596810594,0.006526293499221403,-0.00037747190241080834,1.4007297732586816
2023-12-22,1333.8721962080967,5733.91,-0.0197329437859447,-0.011209003071266821,-0.00882394071467788,1.388369816782163
2023-12-25,1318.5909682489612,5735.73,-0.011456290941948333,0.0003174099349310122,-0.012073700876879345,1.3716070549078474
2023-12-26,1304.202221322253,5651.59,-0.010912214077892446,-0.014669449224422926,0.00345723514653048,1.376349023025304
2023-12-27,1314.6109118164627,5696.16,0.007980886954522148,0.007886276251461988,-0.00020538929693983936,1.376066335667121
2023-12-28,1339.072130396851,5805.53,0.018607192714222176,0.019200654475997947,-0.0008934617617757708,1.3748368730145355
2023-12-29,1361.5025899104194,5887.24,0.016750747778553787,0.014074511715554072,0.002376236062999715,1.3781038099729344
2024-01-02,1382.0939124700496,5854.75,0.015123968703566693,-0.005518715051535117,0.020342683755101808,1.4061381399609145
2024-01-03,1375.150008114639,5824.04,-0.005024191404620737,-0.005245313634228643,-7.887777039209369e-05,1.4060272269195713
2024-01-04,1379.389713331716,5783.02,0.0030830856212478164,-0.007043220856999488,0.009826306478247305,1.4198432813680433
2024-01-05,1358.4906922287023,5675.81,-0.015150918483026188,-0.01853875656663817,0.0030878380836119827,1.424227527525012
2024-01-08,1338.5001867053747,5543.57,-0.014715231865543132,-0.023298877164669163,0.00828364529912603,1.4360253231882805
2024-01-09,1355.0249773385297,5553.3,0.012345751459198251,0.0017551866396565696,0.010290564819541681,1.4508028348590527
2024-01-10,1339.4377722233994,5512.07,-0.011503260364798429,-0.007424414312210859,-0.00437884605258757,1.4444499925925474
2024-01-11,1356.3714379067806,5611.11,0.012642368338823262,0.01796784148241959,-0.005625473143596326,1.43632427795195
2024-01-12,1345.144935908943,5574.49,-0.008276864053671673,-0.006526337926007542,-0.0020505261276641314,1.4333790574922114
2024-01-15,1344.2053923042013,5559.38,-0.0006984701645601499,-0.0027105618630582917,0.001712091698498142,1.4358331338773447
2024-01-16,1336.078870804739,5539.47,-0.006045595074969934,-0.003581334609254916,-0.002764260465715018,1.431864117110004
2024-01-17,1310.561404228239,5389.12,-0.019098772635428585,-0.02714158574737302,0.007742813111944436,1.4429507733704858
2024-01-18,1287.093876739155,5373.42,-0.017906469253078372,-0.002913277121311064,-0.015293192131767308,1.4208834499566487
2024-01-19,1268.7742865456828,5306.99,-0.014233297605210193,-0.012362703827357713,-0.0021705937778524805,1.4177992891811193
2024-01-22,1184.4462046974363,5000.83,-0.06646421096524191,-0.05768995230818219,-0.009074258657059719,1.4049338117072945
2024-01-23,1160.9390565188307,5079.63,-0.019846530881164393,0.015757384274210473,-0.03590391515537487,1.3544911873328385
2024-01-24,1182.898797013657,5143.41,0.01891549808021309,0.012556032624423397,0.0060594654557896924,1.3626986798926535
2024-01-25,1240.0631050174263,5316.2,0.04832561174978456,0.0335944441528091,0.014431167596975459,1.3823640129263617
2024-01-26,1246.4578582417118,5269.76,0.0051567966165686485,-0.00873556299612499,0.013592359612693639,1.4011536017057031
2024-01-29,1193.451006116264,5131.25,-0.042525988163146455,-0.02628392943891189,-0.016542058724234567,1.3779756365446147
2024-01-30,1144.094463442066,4984.66,-0.04135615322393027,-0.0285680876979294,-0.013088065526000869,1.3599406011202861
2024-01-31,1071.0043793360248,4785.03,-0.06388465851512459,-0.04004886993295431,-0.024135788582170283,1.3271173622873373
2024-02-01,1043.1496099302794,4750.44,-0.026008081706457742,-0.007228794803794347,-0.019079286902663396,1.3017969093787514
2024-02-02,980.94613041147,4574.67,-0.05963044890844271,-0.03700078308535626,-0.022929665823086455,1.27194714127717
2024-02-05,850.1959886003656,4293.07,-0.13328982882705254,-0.06155635269866466,-0.07203347612838787,1.1803243672394097
2024-02-06,819.3810192680303,4592.44,-0.03624454801658661,0.06973331438807184,-0.10627786240465845,1.0548820165450743
2024-02-07,749.7350275098221,4797.85,-0.08499829764231592,0.044727857086864775,-0.1300261547291807,0.9177197642407543
2024-02-08,829.0023912343884,4993.1,0.105727171355253,0.040695311441583115,0.06473185991366989,0.9771254714595929
2024-02-19,877.9965812415804,5029.59,0.059100179354415916,0.007308085157517352,0.05149209419689856,1.0274397082781792
2024-02-20,895.7972756280818,5046.01,0.020274218336168603,0.0032646796259734323,0.01670953871019517,1.044607751856045
2024-02-21,929.7026282321578,5073.48,0.03784935891918573,0.005443905184492115,0.03210545373469361,1.0781453577041615
2024-02-22,968.0023723780492,5151.53,0.04119569309889859,0.015383917941925507,0.02551177515697308,1.1056507596564444
2024-02-23,1014.5362355311644,5225.67,0.048072054863664615,0.014391840870576322,0.03338021399308829,1.1425576186153972
2024-02-26,1045.6859463819503,5255.4,0.030703399011152488,0.005689222625998136,0.02471417638515435,1.1707949891320601
2024-02-27,1080.0975869616725,5394.03,0.03290819839243864,0.026378582029912057,0.00622961636252658,1.1780885927535214
2024-02-28,972.606041196668,5152.05,-0.09952021656430088,-0.04486070711508827,-0.05495950944921261,1.1133414216080746
2024-02-29,1014.9473510119584,5344.61,0.04353387499340933,0.037375413670286406,0.005858461323122921,1.1198638892659962
2024-03-01,1028.3769131407707,5401.94,0.01323178203817399,0.010726694744799037,0.0022050872933749525,1.122333286898526
2024-03-04,1022.2400088398708,5428.34,-0.005967563276150556,0.004887133141056932,-0.011154696417207488,1.1098139998042464
2024-03-05,992.4070478437902,5375.13,-0.02918391056708658,-0.009802259991083861,-0.01968165057600272,1.0879710284557433
2024-03-06,1017.5698601533644,5381.46,0.02535533414866964,0.0011776459360053337,0.023877688212664304,1.1139492614576214
2024-03-07,1021.0135554252907,5303.28,0.0033842347408041817,-0.014527656063596184,0.017611890804400364,1.1335680142120554
2024-03-08,1028.706455804782,5370.37,0.007534572228364844,0.012650661477425329,-0.005416089249060485,1.1274285086772027
2024-03-11,1050.7854937726838,5466.65,0.02146291378197751,0.017928001236413804,0.0032349125455637066,1.1310756413041487
2024-03-12,1076.7589254201923,5496.36,0.024718110215106615,0.005434772666989884,0.01898333754811673,1.152547231995478
2024-03-13,1076.3543549653705,5521.78,-0.00037572983633638035,0.0046248790108363025,-0.005300608847172683,1.1464380299407784
2024-03-14,1073.439838267053,5486.65,-0.0027077669030394214,-0.006362078894849188,0.0033543119918097667,1.1502835407724756
2024-03-15,1095.9451685432296,5555.64,0.020965618634490868,0.012574157272652764,0.008091461361838104,1.1595910155977944
2024-03-18,1128.985545724196,5648.01,0.030147837801853816,0.016626347279521392,0.013221490522332425,1.1749225372203025
2024-03-19,1130.7451712336424,5607.48,0.0015585899359922273,-0.00717597879607168,0.008434568732063908,1.184832502115338
2024-03-20,1153.6396880492955,5659.15,0.02024728240994844,0.00921447780464657,0.010732804605301871,1.1975490778505529
2024-03-21,1160.7098702387057,5658.28,0.006128587862095136,-0.00015373333451129678,0.005982321196606433,1.2047132010829547
2024-03-22,1139.008451845292,5595.88,-0.018696677739933998,-0.011028086273567217,-0.00796859146636678,1.1951133337493856
2024-03-25,1106.6215018009375,5466.06,-0.028434336893536583,-0.023199210847980933,-0.005535126045555649,1.1884982308083585
2024-03-26,1109.8115115296575,5447.75,0.002882656557394281,-0.0033497619857814076,0.0059324185431756885,1.1955488997513375
2024-03-27,1075.5600921979765,5266.23,-0.03086237525548119,-0.03332017805516052,0.0021578027996793318,1.1981286585143744
2024-03-28,1109.6067367827618,5382.24,0.03165480462854364,0.022029041648389924,0.009325762980153718,1.209302122403409
2024-03-29,1129.8693326863072,5441.26,0.018261060636938442,0.010965694580695073,0.006995366056243369,1.217761633422213
2024-04-01,1158.1907063591568,5559.06,0.025066061051072674,0.021649397382224045,0.0031166636688486297,1.2215569868624179
2024-04-02,1170.1661690751869,5531.05,0.010339802115729047,-0.005038621637471152,0.015078423753200199,1.2399761407490117
2024-04-03,1162.2305383091968,5500.93,-0.006781627238686805,-0.005445620632610448,-0.0016360066060763564,1.2379475315913693
2024-04-08,1111.9111142217928,5399.91,-0.04329556179156013,-0.018364167513493235,-0.0252313942780669,1.2067123893262277
2024-04-09,1134.211191561961,5468.91,0.02005562949676576,0.012777990744290202,0.006977638752475557,1.2151323924570827
2024-04-10,1103.8816694878858,5367.05,-0.026740630228050732,-0.018625283648844082,-0.00841534657920665,1.2049066322349358
2024-04-11,1108.4717440708678,5379.92,0.004158121934492609,0.0023979653627224096,0.0014601565717701995,1.206665984572363
2024-04-12,1105.4598551130407,5338.77,-0.0027171544732081943,-0.0076488126217489905,0.004631658148540796,1.2122548489123748
2024-04-15,1014.58778423272,5287.51,-0.08220295875966332,-0.009601462509154723,-0.0729014962505086,1.1238796565897284
2024-04-16,913.5995668705868,5066.66,-0.0995362046848467,-0.04176824251869038,-0.05806796216615632,1.0586182552115633
2024-04-17,993.1848956502672,5287.46,0.0871118284920922,0.04357900470921683,0.04323282378287537,1.1043853116924598
2024-04-18,986.0801180301946,5286.72,-0.0071535296712510466,-0.00013995377742803683,-0.00731357589382301,1.0963083058993737
2024-04-19,978.8383809484926,5264.39,-0.007343964196507846,-0.004223790932752269,-0.0034201732637555767,1.0925587415427036
2024-04-22,963.4465358187082,5246.08,-0.015724603192275532,-0.003478085780118989,-0.012546517412156543,1.0788509342681343
2024-04-23,990.4238620871922,5218.43,0.02800085450051415,-0.005270602049530226,0.032971456550044374,1.1144222209713308
2024-04-24,1021.2897136454528,5305.61,0.031164285049852136,0.01670617407917696,0.014158110970675175,1.1302003344440292
2024-04-25,1036.747446361329,5313.99,0.015135502207987983,0.001579460231716956,0.013256041976271027,1.1451823175190148
2024-04-26,1043.0090396360624,5415.94,0.006039651505012067,0.01918520734890361,-0.013445555843891543,1.1297847047173757
2024-04-29,1083.7597224729695,5545.23,0.03907030647704279,0.023872125614390116,0.014898180862652677,1.1466164415841138
2024-04-30,1080.6595215948626,5497.43,-0.002860597984793878,-0.008620021171348968,0.0054594231865550905,1.1528763059713834
2024-05-06,1112.5632683550623,5606.84,0.02952247782272388,0.019902026947137053,0.009320450875586828,1.1636216329468176
2024-05-07,1127.5174888029612,5625.34,0.013441231499588202,0.003299541274585982,0.00984169022500222,1.1750736365973915
2024-05-08,1111.1150221263158,5536.66,-0.01454741663835235,-0.015764380464114214,0.0009169638257618632,1.1761511366147577
2024-05-09,1128.2006923904023,5626.83,0.015377049111792163,0.01628599191570368,-0.0012089428039115165,1.174729237161835
2024-05-10,1110.8057992663305,5574.23,-0.015418261344279038,-0.00934806987237935,-0.0063701914718996885,1.1672459869934755
2024-05-13,1078.8341335536406,5520.8,-0.028782407990493586,-0.009585180374688362,-0.019497227615805225,1.1444879263014285
2024-05-14,1095.8019592857468,5551.68,0.015727928144259495,0.00559339226199107,0.009834535882268425,1.155743433879463
2024-05-15,1095.9597886399176,5497.23,0.00014403091072567875,-0.009807841950544849,0.009651872861270528,1.1668985225635158
2024-05-16,1116.157455591088,5488.95,0.018429204392832244,-0.001506213129157774,0.019635417521990016,1.1898110622598437
2024-05-17,1134.0099606594938,5563.23,0.01599461167327121,0.013532642855190735,0.0021619688180804734,1.1923833966758568
2024-05-20,1130.029601071209,5596.78,-0.0035099864431260563,0.006030669233520802,-0.009840655676646859,1.1806495622346191
2024-05-21,1115.0671588976438,5536.74,-0.0132407524186815,-0.010727596939668849,-0.002813155479012652,1.177328211449825
2024-05-22,1122.3440483551688,5539.66,0.006525965184660976,0.0005273861514176748,0.005698579033243301,1.1840373093108387
2024-05-23,1097.3259690990694,5412.82,-0.022290918094824974,-0.022896712072582148,0.00030579397775717417,1.1843993807894657
2024-05-24,1088.9997109386734,5350.11,-0.007587770995005294,-0.011585458226950118,0.0036976872319448243,1.1887789192573341
2024-05-27,1092.507363401362,5404.62,0.003220985669192933,0.010188575561997926,-0.007267589892804993,1.18013936159896
2024-05-28,1077.4234208993532,5348.03,-0.013806719302144721,-0.010470671388552732,-0.0036360479135919884,1.1758483183354702
2024-05-29,1085.3641156346876,5351.25,0.007370078078222875,0.0006020908633646016,0.006467987214858273,1.1834536902250767
2024-05-30,1070.1435952105287,5334.3,-0.014023423296299353,-0.0031674842326558927,-0.01115593906364346,1.1702511529722819
2024-05-31,1078.0947152420129,5355.21,0.007429956191925768,0.003919914515494005,0.0032100416764317633,1.1740077079452154
2024-06-03,1041.4067324096836,5284.62,-0.034030389272517114,-0.013181555905370734,-0.02114883336714638,1.1491788145581365
2024-06-04,1011.8273275557772,5313.71,-0.02840331633488047,0.005504653125484982,-0.03420796946036545,1.1098677407652329
2024-06-05,987.0797912974082,5244.09,-0.024458260401159948,-0.01310195701308503,-0.011656303388074917,1.096930785658236
2024-06-06,927.0611598752548,5130.87,-0.06080423482610808,-0.02159001847794384,-0.039514216348164245,1.0535864252747746
2024-06-07,973.833024628968,5153.59,0.05045175742235486,0.004428098938386693,0.045723658483968165,1.1017602511673834
2024-06-11,972.257165114266,5198.92,-0.0016182029925535524,0.008795810299228268,-0.01071401329178182,1.0899559771920193
2024-06-12,999.0183261898386,5216.46,0.027524776402576112,0.0033737776307387612,0.02385099877183735,1.115952515865383
2024-06-13,998.8665190035696,5180.24,-0.00015195635784581718,-0.006943406064649271,0.006491449706803454,1.1231966654973038
2024-06-14,998.1826751957244,5180.65,-0.0006846198113911184,7.914691211219349e-05,-0.0010637667235033118,1.1220018462605978
2024-06-17,983.7013479100016,5183.97,-0.014507692475110634,0.0006408462258598036,-0.015448538700970437,1.1046685573160808
2024-06-18,1008.089036110613,5227.25,0.024791760479363267,0.008348813746993144,0.01614294673237012,1.1225011629937585
2024-06-19,1014.4582533531806,5159.99,0.0063181098240499,-0.01286718637907125,0.018885296203121148,1.1436999299452435
2024-06-20,997.9044098381625,5056.14,-0.016317914966240576,-0.020126007996139395,0.003508093029898818,1.1477121356977802
2024-06-21,991.5319226857008,5055.33,-0.006385869317377946,-0.00016020126024995918,-0.0065256680571279865,1.140222547275079
2024-06-24,949.719890073416,4887.78,-0.04216912401471773,-0.03314323694002175,-0.009325887074695982,1.1295889605591696
2024-06-25,960.0249592497568,4847.61,0.010850640577343418,-0.008218455004112335,0.01876909558145575,1.1507903237276618
2024-06-26,993.4801559184576,4986.38,0.03484825716911111,0.028626477790086424,0.0059217793790246834,1.1576050501362933
2024-06-27,983.318169658848,4864.09,-0.01022867562987717,-0.02452480557037373,0.01399612994049656,1.1738070408377759
2024-06-28,984.678610139357,4895.99,0.0013835201285674614,0.006558266808385449,-0.0054747466798179874,1.1673807446382023
2024-07-01,988.2960780336248,4940.25,0.0036737549257375157,0.009040051143895278,-0.005666296218157762,1.1607660195397087
2024-07-02,1002.9278262059216,4905.65,0.01480502502995762,-0.007003694145033212,0.02150871917499083,1.1857326098818601
2024-07-03,997.8226029350054,4867.13,-0.005090319699503465,-0.007852170456514318,0.002461850757010853,1.1886517066051103
2024-07-04,959.9359830581284,4761.87,-0.037969294106424245,-0.021626708142170048,-0.0166425859642542,1.1688694683963774
2024-07-05,978.0721893764244,4810.79,0.018893141457744234,0.010273274994907489,0.008319866462836745,1.1785943062859223
2024-07-08,947.1748110536004,4693.96,-0.03159007960600824,-0.0242849926935077,-0.007605086912500536,1.1696309941520397
2024-07-09,956.8106361488276,4797.06,0.010173227774616045,0.021964396799291075,-0.01209116902467503,1.1554887881052487
2024-07-10,942.3362976247904,4777.68,-0.01512769400463243,-0.004039974484371656,-0.011387719520260775,1.1423304058775001
2024-07-11,982.2752861154216,4893.59,0.0423829460791223,0.024260729056780672,0.017822217022341623,1.1626892662822685
2024-07-12,980.5465758614469,4878.02,-0.0017599040497203733,-0.003181713220764215,0.001121809171043842,1.1639935817642582
2024-07-15,959.852959490226,4827.6,-0.02110416463699416,-0.010336160983349774,-0.011068003653644387,1.1511104965484729
2024-07-16,959.8532514614184,4836.72,3.0418324969971877e-07,0.0018891374596072819,-0.002188833276357582,1.1485909075888632
2024-07-17,947.5978125372376,4795.62,-0.012768033973444726,-0.00849749416960266,-0.004570539803842066,1.1433412271273973
2024-07-18,942.4105209920884,4812.43,-0.0054741489232229545,0.003505281903069868,-0.009279430826292822,1.13273167129942
2024-07-19,952.4252866872048,4821.42,0.010626754977834496,0.0018680791201117763,0.00845867585772272,1.1423130813407183
2024-07-22,966.0329199635852,4826.87,0.014287349849468445,0.0011303723799211962,0.012856977469547249,1.156999774890685
2024-07-23,955.3445049593594,4694.95,-0.011064234751574253,-0.027330340365495642,0.015966105613921387,1.175472555491873
2024-07-24,939.0512407707248,4631.01,-0.017054857283475666,-0.013618888380067862,-0.0037359689034078044,1.171081026577746
2024-07-25,949.3459379538264,4632.57,0.01096287054011258,0.0003368595619528403,0.010326010978159739,1.1831736221145024
2024-07-26,966.162372462796,4702.08,0.01771370565424757,0.015004630259229712,0.002409075395017857,1.1860239765755727
2024-07-29,975.1756574530878,4685.65,0.009328954684207469,-0.0034941983122362963,0.012523152996443765,1.2008767362916792
2024-07-30,983.5272584982124,4702.49,0.00856420172232042,0.0035939517462892923,0.004670249976031127,1.2064851308405617
2024-07-31,1009.2979025338598,4889.08,0.026202267210161168,0.03967897858368663,-0.013776711373525463,1.1898637334165212
2024-08-01,1016.2571518773202,4878.29,0.006895139012960572,-0.0022069591825046864,0.008802098195465258,1.2003370308372763
2024-08-02,1003.9640810873505,4809.89,-0.012096417493604794,-0.014021306646386233,0.0016248891527814394,1.2022874454583656
2024-08-05,983.1911403619154,4678.78,-0.020690920239832544,-0.027258419631218334,0.006267499391385789,1.2098227812910467
2024-08-06,1009.32673044797,4749.95,0.026582410086032793,0.015211230277978549,0.011071179808054244,1.2232169468386003
2024-08-07,1009.108719320728,4743.41,-0.00021599658531312738,-0.0013768565984905168,0.0008608600131773895,1.2242699653955746
2024-08-08,1011.6185089218023,4739.49,0.0024871349865689396,-0.0008264096926051678,0.0030135446791741075,1.227959357635665
2024-08-09,1006.1019710589508,4702.75,-0.005453180041882777,-0.0077518889163179505,0.0019987088744351737,1.230413690901217
2024-08-12,998.8246420159128,4674.1,-0.007233192312880998,-0.006092180107383882,-0.001441012205497116,1.2286406497548177
2024-08-13,1009.7466026155817,4697.59,0.010934812919338066,0.005025566419203598,0.005609246500134469,1.235532398019378
2024-08-14,1010.0488215357032,4649.28,0.0002993017449512969,-0.010283996687663333,0.01028329843261463,1.2482377463913752
2024-08-15,1016.7695275731696,4691.85,0.006653842759054118,0.0091562564526122,-0.002802413693558081,1.244739667838072
2024-08-16,1010.5674928643496,4655.65,-0.006099744869049295,-0.007715506676471029,0.001315761807421734,1.2463774487531962
2024-08-19,1008.8185780694632,4663.61,-0.0017306264126201176,0.0017097505181875583,-0.003740376930807676,1.2417155272968008
2024-08-20,989.1802490370512,4579.3,-0.01946666076470671,-0.01807826983817251,-0.0016883909265341997,1.2396190260671762
2024-08-21,987.557170214624,4548.26,-0.0016408322184023882,-0.006778328565501313,0.004837496347098924,1.2456156785775705
2024-08-22,975.2395764308208,4491.84,-0.012472790594114436,-0.012404743792131523,-0.00036804680198291277,1.2451572337105703
2024-08-23,961.9853416279456,4495.34,-0.013590747466774245,0.0007791907102656648,-0.01466993817703991,1.2268908540713421
2024-08-26,982.6655089378028,4512.89,0.0214973829797247,0.0039040428532659543,0.017293340126458744,1.2481078949088393
2024-08-27,973.300870525282,4459.68,-0.00952983322131995,-0.011790670723195174,0.0019608375018752237,1.250555231675563
2024-08-28,984.2046544237636,4470.55,0.01120289134499286,0.0024373946112725697,0.00846549673372029,1.2611418029046493
2024-08-29,996.80298312169,4542.46,0.012800517292109737,0.016085269150328152,-0.0035847518582184153,1.25662092248321
2024-08-30,1017.2049851705256,4629.32,0.02046743678970797,0.01912179744015341,0.0010456393495545616,1.257934894767232
2024-09-02,1007.9544891547666,4532.51,-0.009094033307562088,-0.020912358618544347,0.011518325310982258,1.2724241981051971
2024-09-03,1015.6121078225312,4572.4,0.007597186926749044,0.008800863097930156,-0.0015036761711811116,1.2705108841588721
2024-09-04,1001.0173434902682,4550.77,-0.014370411912038139,-0.004730557256582779,-0.00993985465545536,1.257882190632159
2024-09-05,1016.197855616654,4586.78,0.015165084026871778,0.00791294660024544,0.006952137426626337,1.2666271604879396
2024-09-06,994.6191230455132,4508.23,-0.02123477475559743,-0.01712530358988229,-0.004409471165715139,1.2610420045460564
2024-09-09,1000.0677300196886,4475.53,0.005478083869423056,-0.0072534010021670925,0.012431484871590149,1.2767186291480104
2024-09-10,1013.5511401417082,4487.58,0.013482496952235579,0.0026924185515457832,0.010490078400689795,1.2901115076633942
2024-09-11,1005.5684003334892,4486.01,-0.007876010881012752,-0.00034985448727364865,-0.007826156393739103,1.280014893239058
2024-09-12,1006.036512972773,4468.74,0.00046552043513758967,-0.003849746210998317,0.004015266646135907,1.2851544943464381
2024-09-13,992.8706792016668,4413.19,-0.013086834922325097,-0.01243079704793748,-0.000956037874387616,1.2839258379754035
2024-09-18,976.2414282792442,4399.13,-0.016748657474499717,-0.0031859040739237177,-0.013862753400576,1.2661270906989226
2024-09-19,1006.8687143246688,4482.27,0.0313726555319509,0.018899191431033024,0.012173464100917875,1.2815402433847456
2024-09-20,1001.6276510137204,4463.36,-0.005205309526837065,-0.004218844469431993,-0.0012864650574050725,1.2798915866419727
2024-09-23,1004.769622201522,4469.13,0.00313686546554659,0.0012927480642386247,0.0015441174013079654,1.2818678895126943
2024-09-24,1035.441305536667,4642.56,0.03052608544030333,0.03880621060474865,-0.008580125164445318,1.270869302576392
2024-09-25,1051.3282137210435,4686.26,0.015343127707410087,0.009412910118555162,0.005630217588854925,1.2780245732768933
2024-09-26,1080.1632133580313,4874.13,0.027427209943248654,0.04008953835254547,-0.012962328409296819,1.261458399042927
2024-09-27,1128.3915924008472,5136.44,0.04464915898485633,0.05381678371319598,-0.009467624728339652,1.2495153843103763
2024-09-30,1255.1356772653462,5708.83,0.11232278379071325,0.11143710429791853,0.0005856794927947221,1.2502471998468985
2024-10-08,1361.1502189775224,6201.99,0.08446460700022307,0.08638547653372064,-0.002220869533497571,1.2474705639314179
2024-10-09,1230.891509712221,5727.38,-0.09569752658391373,-0.07652543780302767,-0.019472088780886056,1.2231797063590033
2024-10-10,1248.8568016445745,5654.53,0.014595349623098608,-0.012719603029657578,0.027014952652756184,1.256223848212104
2024-10-11,1205.814361613341,5416.76,-0.03446547272237499,-0.04204947183939245,0.007283999117017459,1.2653741816132573
2024-10-14,1243.4400542201438,5615.76,0.03120355322063073,0.03673782851741625,-0.005834275296785518,1.257991640284281
2024-10-15,1230.6016266523063,5507.18,-0.010324926822378622,-0.019334871860620773,0.008709945038242151,1.2689486783297252
2024-10-16,1243.9398913443742,5524.25,0.010838816074340007,0.003099589989794982,0.007439226084545026,1.2783886744375048
2024-10-17,1236.8516865511483,5505.61,-0.005698189150896593,-0.0033742136941666834,-0.0026239754567299097,1.2750342139316193
2024-10-18,1267.029573539536,5749.43,0.024398953663180123,0.04428573763851795,-0.02018678397533783,1.249295373693817
2024-10-21,1285.492864994625,5860.57,0.014572107739766915,0.01933061190413654,-0.005058504164369626,1.2429758078434592
2024-10-22,1305.6285857159455,5888.81,0.015663813677724736,0.004818643920301291,0.010545169757423445,1.256083198741539
2024-10-23,1313.1965857121418,5903.58,0.005796441713204592,0.002508146807249645,0.002988294905954947,1.259836745765794
2024-10-24,1318.1438155029305,5861.63,0.003767318499465766,-0.007105857801537385,0.010573176301003151,1.2731572217892577
2024-10-25,1355.9415289202018,5974.91,0.028674954107985373,0.019325682446691417,0.009049271661293956,1.284678367356767
2024-10-28,1409.5382860570514,6082.09,0.039527336536060886,0.01793834551482787,0.021288991021233016,1.3120278735845976
2024-10-29,1377.7001036324195,5983.84,-0.022587667706206016,-0.016153986540810794,-0.006733681165395222,1.3031930962037674
2024-10-30,1376.1836148375212,6019.35,-0.0011007394068563991,0.005934316425572961,-0.00733505583242936,1.2936341020826763
2024-10-31,1407.0103326573292,6116.66,0.022400148851828616,0.01616619734688962,0.005933951504938995,1.3013104641095703
2024-11-01,1352.125628615387,5930.23,-0.03900803197250502,-0.0304790522932451,-0.008828979679259918,1.2898212204655386
2024-11-04,1382.5690533888985,6053.11,0.022515233887465236,0.0207209501149197,0.0014942837725455353,1.2917485793847652
2024-11-05,1415.7090659392888,6266.54,0.023969878733477223,0.03525956078776038,-0.011589682054283157,1.276777624055624
2024-11-06,1428.921335050997,6293.19,0.009332616022305507,0.004252745534218283,0.004779870488087224,1.2828804557406976
2024-11-07,1470.3557964807949,6403.92,0.028997020629074166,0.01759521006039866,0.011101810568675508,1.297122751542587
2024-11-08,1474.2628897237378,6423.12,0.0026572434048237614,0.0029981636247797816,-0.0006409202199560201,1.2962913993433582
2024-11-11,1513.4714837392166,6579.01,0.026595388304745393,0.02427013663141908,0.002025251673326312,1.298916715668997
2024-11-12,1511.799650325393,6491.97,-0.0011046348951967433,-0.013229954050837378,0.011825319155640635,1.3142768203883792
2024-11-13,1521.5850089080448,6474.39,0.006472655672691507,-0.0027079607576744325,0.00888061643036594,1.3259484087135693
2024-11-14,1479.7902906683628,6272.19,-0.027467882500811225,-0.03123074142892235,0.0034628589281111236,1.3305399809988978
2024-11-15,1456.7659089037993,6125.51,-0.015559219377067501,-0.02338577115808027,0.0075265517810127695,1.340554359062594
2024-11-18,1415.0657564547005,5974.56,-0.028625156721629907,-0.024642846065062285,-0.004282310656567622,1.3348136888450721
2024-11-19,1447.9858757732254,6130.28,0.023264020889744996,0.026063844032029104,-0.003099823142284108,1.3306760024817526
2024-11-20,1492.8350033199106,6250.8,0.030973456507464636,0.01965978715490979,0.011013669352554845,1.3453316279884662
2024-11-21,1508.142129920741,6262.16,0.010253729693361135,0.001817367376975687,0.008136362316385449,1.3562777335494731
2024-11-22,1456.9258695270553,6030.49,-0.03395983666100311,-0.036995222095890234,0.002735385434887128,1.359987675907486
2024-11-25,1502.67437957969,6052.13,0.03140071228708807,0.0035884314541605455,0.027512280832927526,1.3974040387763733
2024-11-26,1491.4882639754755,5981.57,-0.007444138102190356,-0.011658705282272641,0.003914567180082285,1.4028742707638817
2024-11-27,1505.2240928397396,6118.66,0.009209478341889232,0.022918732038578415,-0.014009253696689183,1.3832210492001926
2024-11-28,1521.85864304201,6086.09,0.0110512117640158,-0.00532306093164181,0.01607427269565761,1.40545532154341
2024-11-29,1539.2781162116614,6189.13,0.011446183421366829,0.016930410164818444,-0.0057842267434516145,1.3973258492858123
2024-12-02,1572.0842141827636,6313.61,0.021312651447187303,0.020112681426953216,0.0008999700202340869,1.3985834006586677
2024-12-03,1582.8761227447153,6303.28,0.006864714030324182,-0.0016361479407185353,0.008200861971042717,1.410052990082461
2024-12-04,1560.4336565180256,6204.94,-0.014178283381882317,-0.01560140117526121,0.001123117793378892,1.4116366456852296
2024-12-05,1586.3915119016951,6285.6,0.016635026599972402,0.012999319896727535,0.0033357067032448676,1.416345451506788
2024-12-06,1598.699206425576,6349.62,0.007758295749532129,0.010185185185185075,-0.0027268894356529457,1.412483234057839
2024-12-09,1611.4248380366444,6303.27,0.007959991197794336,-0.007299649427839672,0.014959640625634008,1.4336134756290777
2024-12-10,1613.2299666093402,6362.02,0.0011202064968138803,0.009320559011433804,-0.008500352514619924,1.421427255716521
2024-12-11,1636.1195409330533,6447.37,0.014188661751567855,0.013415550406946197,0.00047311134462165756,1.422099749076755
2024-12-12,1665.790580672946,6490.15,0.018135007251959046,0.006635263681159964,0.011199743570799081,1.4380269015985125
2024-12-13,1644.5830191737905,6354.99,-0.012731229090386598,-0.02082540465166438,0.007794175561277783,1.4492351357314117
2024-12-16,1651.9463515732798,6277.52,0.004477324837750318,-0.012190420441259397,0.016367745279009714,1.4729558472824544
2024-12-17,1556.5102321232137,6143.94,-0.05777192422694277,-0.02127910384992815,-0.036792820377014625,1.4187616473701177
2024-12-18,1555.290991215851,6195.87,-0.0007833169883499913,0.008452230978818198,-0.00953554796716819,1.4052329776276413
2024-12-19,1552.9786233496775,6207.19,-0.0014867750660381152,0.0018270234849988576,-0.0036137985510369727,1.4001547487292212
2024-12-20,1578.4422079502422,6271.75,0.016396609855222177,0.010400841604655264,0.005695768250566913,1.4081297056929136
2024-12-23,1474.6656105257716,6096.38,-0.06574621288113824,-0.027961892613704298,-0.03808432026743395,1.3545020430032173
2024-12-24,1472.8561751850968,6164.36,-0.001227013994060444,0.011150879702380712,-0.012677893696441156,1.3373298100904103
2024-12-25,1429.0518610196807,6094.69,-0.029741066984976472,-0.011302065421227803,-0.01873900156374867,1.3122695846878785
2024-12-26,1454.672648557514,6160.45,0.017928521865925973,0.010789720231874078,0.006838801634051895,1.3212439360679586
2024-12-27,1475.4952497934437,6171.57,0.014314286624264039,0.0018050629418304709,0.012209223682433568,1.3373752988224714
2024-12-30,1452.3948320408747,6145.93,-0.015656043457817237,-0.004154534421549005,-0.011801509036268231,1.3215922521485362
2024-12-31,1428.2544704606305,5957.72,-0.016621073724369162,-0.03062351832838972,0.013702444604020559,1.3397012967727042
2025-01-02,1414.4220119049044,5797.09,-0.009684869777627947,-0.026961656472610396,0.016976786694982447,1.3624451199230057
2025-01-03,1347.3304295399096,5625.21,-0.04743392127688806,-0.029649358557483185,-0.018084562719404874,1.337805895700011
2025-01-06,1340.5145192164646,5608.03,-0.00505882608601993,-0.0030541082021827703,-0.0023047178838371592,1.3347226305270885
2025-01-07,1388.3597736113445,5692.04,0.035691709197484656,0.014980305026899066,0.02041140417058559,1.361966193594404
2025-01-08,1385.869424516167,5661.78,-0.001793734695078042,-0.005316195950836655,0.0032224612557586133,1.3663550768849149
2025-01-09,1391.480413502701,5672.78,0.004048714032703904,0.0019428518946338347,0.0018058621380700694,1.3688225257854212
2025-01-10,1350.7088714780991,5544.92,-0.02930083789104132,-0.022539213577822403,-0.007061624313218917,1.3591564153568532
2025-01-13,1362.1731261082582,5559.47,0.008487583721585867,0.0026240234304553134,0.005563560291130554,1.366718164018768
2025-01-14,1435.2628367127245,5811.05,0.05365669693784403,0.0452525150778762,0.00810418185996783,1.3777942965712975
2025-01-15,1434.5146662137215,5775.57,-0.0005212776920473505,-0.0061056091412051705,0.00528433144915782,1.3850750183031393
2025-01-16,1444.1412506938495,5801.31,0.0067106908746612515,0.00445670297477152,0.0019539878998897312,1.3877814381293432
2025-01-17,1438.905269128389,5841.57,-0.0036256713551704456,0.006939811870077417,-0.010865483225247862,1.3727025221930385
2025-01-20,1466.810141520214,5879.15,0.019393126837827568,0.006433202033015117,0.01265992480481245,1.3900808329033787
2025-01-21,1456.761789862811,5908.02,-0.006850478717708497,0.004910573807438201,-0.012061052525146698,1.3733149949635315
2025-01-22,1443.9999188573704,5855.74,-0.008760437769748441,-0.008848988324345664,-0.00021144944540277792,1.3730246082694832
2025-01-23,1448.9736908778978,5829.03,0.00344444065098215,-0.004561336398132387,0.0077057770491145375,1.3836048297837555
2025-01-24,1465.0893670400844,5938.13,0.011122131660252998,0.018716664693782636,-0.007894533033529638,1.3726819157496766
2025-01-27,1464.7733209574158,5846.07,-0.00021571795535391125,-0.015503197134451474,0.014987479179097563,1.3932549573814987
2025-02-05,1492.0163475768263,5881.44,0.018598800394318937,0.00605021835181585,0.012248582042503087,1.4103203550331103
2025-02-06,1514.2353017471423,6041.83,0.014891897268016985,0.027270532386626467,-0.012678635118609482,1.3924394178512978
2025-02-07,1527.5503770015678,6134.05,0.008793266963900814,0.01526358735681077,-0.006770320392909956,1.3830121568647276
2025-02-10,1561.6214619673458,6210.55,0.02230439367417536,0.012471368834619856,0.009533024839555504,1.3961964461095262
2025-02-11,1563.6504816879717,6190.17,0.0012993031730428317,-0.0032815129094846407,0.0042808160825274725,1.4021733063103994
2025-02-12,1572.3788544092156,6284.61,0.005582048433113718,0.015256446915028032,-0.009974398481914315,1.3881874710125561
2025-02-13,1550.3160774752787,6212.5,-0.014031463773548691,-0.011474061238485711,-0.0028574025350629802,1.3842208606137423
2025-02-14,1556.4587235469178,6248.83,0.0039621894921211265,0.00584788732394359,-0.0021856978318224637,1.3811953720799355
2025-02-17,1588.454202312922,6281.57,0.020556586745257066,0.005239380812088079,0.015017205933168987,1.4019370674163998
2025-02-18,1548.9944501199984,6142.14,-0.024841605213085094,-0.022196680129330626,-0.002944925083754468,1.39780846778072
2025-02-19,1580.7548164934549,6288.53,0.020503860663281248,0.023833712679945274,-0.0036298520166640254,1.3927346298950363
2025-02-20,1601.7565827314231,6334.41,0.013285910008837387,0.00729582271214424,0.005690087296693147,1.4006594115202666
2025-02-21,1597.9381677158287,6449.23,-0.002383892194832149,0.018126392197536978,-0.02081028439236913,1.3715112908296816
2025-02-24,1612.8942341452205,6464.02,0.00935960272528602,0.002293297029257957,0.0067663056960280635,1.3807913554889892
2025-02-25,1605.7250570116753,6435.43,-0.004444914602441119,-0.0044229442359399185,-0.0003219703665012005,1.3803467815902009
2025-02-26,1625.957142895374,6524.41,0.012599968964395192,0.013826581906725588,-0.0015266129423303961,1.3782395263285212
2025-02-27,1622.798170439282,6499.53,-0.0019428386965149036,-0.003813371630538298,0.0015705329340233946,1.380404096895593
2025-02-28,1578.7757641732435,6270.42,-0.027127468509606456,-0.03525024117128461,0.007822772661678157,1.3912026843268566
2025-03-03,1591.5148427917825,6273.67,0.008068960081364152,0.0005183065887133242,0.007250653492650827,1.4012898129289564
2025-03-04,1618.418682003599,6357.63,0.01690454809998676,0.013382916219692786,0.003221631880293974,1.4058042528638195
2025-03-05,1614.992868746053,6398.24,-0.002116765763791606,0.0063876004108449624,-0.008804366174636568,1.393427037451745
2025-03-06,1643.5362785751197,6534.97,0.017674016016695493,0.021369939233289337,-0.003995923216593844,1.387859010002162
2025-03-07,1638.6496872944967,6507.76,-0.0029732177770115387,-0.004163752855789737,0.0008905350787781988,1.3890949471349674
2025-03-10,1660.4227461853377,6520.97,0.013287195585280687,0.0020298843227162244,0.010957311262564462,1.4043156928439808
2025-03-11,1672.1772411791426,6551.73,0.007079218241745844,0.004717089635437599,0.002062128606308245,1.407211572406482
2025-03-12,1684.2666216591924,6566.97,0.007229724327263876,0.002326103181907735,0.004603621145356141,1.4136898413572023
2025-03-13,1674.2290470438788,6466.85,-0.005959611433387857,-0.01524599625093459,0.008986384817546733,1.4263938022842946
2025-03-14,1705.921029361568,6571.17,0.018929299054777582,0.01613150142650599,0.0024977976282715923,1.4299566453406216
2025-03-17,1721.5184285387943,6589.57,0.009143095670181012,0.0028001101782482163,0.0060429854919327956,1.4385978526025078
2025-03-18,1734.832138011256,6611.93,0.007733701395088888,0.003393241137130465,0.004040460257958423,1.4444104500531327
2025-03-19,1728.6423640357489,6564.68,-0.003567938269003257,-0.00714617365882575,0.003278235389822493,1.4491455675079263
2025-03-20,1735.9698226746966,6535.06,0.004238851708945113,-0.00451202495780445,0.008450876666749563,1.4613921179711025
2025-03-21,1713.9097334137484,6405.61,-0.01270764558969062,-0.019808540395956697,0.006800894806266078,1.4713308920361303
2025-03-24,1655.2825801565602,6360.34,-0.03420667501573449,-0.00706724262014069,-0.0274394323955938,1.4309584074925563
2025-03-25,1652.17514645537,6310.76,-0.00187728291135425,-0.007795180760776899,0.005617897849422649,1.438997385652622
2025-03-26,1691.3126094797135,6334.91,0.0236884467777585,0.0038267974063346255,0.01956164937142387,1.4671465479571542
2025-03-27,1675.3805085613235,6328.77,-0.009419962240623914,-0.0009692323963559346,-0.008750729844267979,1.4543079448740308
2025-03-28,1641.8957886487135,6268.32,-0.019986337277711264,-0.009551619034978476,-0.010734718242732788,1.4386963588476405
2025-03-31,1624.9786274388784,6226.65,-0.010303431756626846,-0.006647714220078149,-0.003955717536548697,1.433005282431178
2025-04-01,1658.9024766915209,6259.48,0.020876489499501716,0.005272498052725005,0.01530399144677671,1.4549359830166908
2025-04-02,1666.6534358008007,6277.25,0.004672341634414989,0.0028388939656329715,0.001533447668782018,1.4571670512080748
2025-04-03,1668.2781796081624,6203.26,0.000974854023314764,-0.011787008642319408,0.012461862665634172,1.4753260668811168
2025-04-07,1452.5306840157343,5496.44,-0.12932345350408037,-0.11394331367700217,-0.0156801398270782,1.4521927478618877
2025-04-08,1458.4972873413158,5530.02,0.004107729627498058,0.006109408999279697,-0.0023016793717816394,1.448850265770283
2025-04-09,1505.1697228669352,5652.33,0.0320003581293582,0.02211746069634457,0.009582897433013627,1.4627344492629544
2025-04-10,1559.1655869482745,5784.59,0.03587360499020131,0.02339919997593909,0.012174405014262224,1.4805423708765955
2025-04-11,1566.8947286868358,5862.19,0.004957229561286969,0.01341495248582869,-0.008757722924541722,1.4675761910144143
2025-04-14,1604.9790622531125,5938.53,0.024305610880568818,0.013022437007329968,0.01098317387323885,1.4836948354925512
2025-04-15,1618.0281678538795,5914.03,0.008130389926986448,-0.004125600106423599,0.011955990033410047,1.5014338761583221
2025-04-16,1594.8201828509923,5835.35,-0.01434337514264028,-0.013303956861902888,-0.0013394182807373919,1.4994228281772772
2025-04-17,1617.567457423402,5839.56,0.014263222159469624,0.0007214648650037958,0.013241757294465828,1.5192778213497824
2025-04-18,1611.75636586806,5831.69,-0.0035924879229447537,-0.001347704279089701,-0.0025447836438550527,1.5154115879995398
2025-04-21,1636.83660740955,5952.64,0.015560814321947669,0.020740128504773248,-0.005479314182825578,1.5071081717925958
2025-04-22,1650.9854587319455,5949.31,0.00864402180299928,-0.0005594156542306772,0.008903437457229957,1.5205266151414312
2025-04-23,1661.1218570092806,5984.58,0.006139604818276467,0.00592841858971882,-8.881377144235285e-05,1.520391571438162
2025-04-24,1651.4874083224347,5920.48,-0.0057999650333853126,-0.010710860244160902,0.00461089521077559,1.5274019376534096
2025-04-25,1655.3945163102292,5939.5,0.0023658115515172717,0.0032125773585927053,-0.0011467658070754335,1.5256503653376479
2025-04-28,1639.5272676467744,5877.06,-0.009585176528687511,-0.010512669416617548,0.0006274928879300371,1.526607700091365
2025-04-29,1676.062937902768,5903.38,0.022284271190215366,0.004478429691035846,0.01750584149917952,1.5533322525205915
2025-04-30,1697.170368777939,5950.12,0.012593459587849631,0.00791749811125153,0.004375961476598101,1.560129574617979
2025-05-06,1749.9866246138092,6102.92,0.031120184989972932,0.025680154349828177,0.005140030640144755,1.5681486884341116
2025-05-07,1770.44512310061,6111.49,0.01169065991650986,0.0014042458364191823,0.009986414080090678,1.5838088705759659
2025-05-08,1799.7692054235097,6158.08,0.01656311282416012,0.007623345534395032,0.008639767289765088,1.597492610649208
2025-05-09,1786.7593101367945,6082.08,-0.007228646455062382,-0.01234150904177922,0.004812862586716838,1.6051811230675581
2025-05-12,1804.2503799196832,6167.46,0.009789270263575345,0.014037960697656171,-0.004548690434080826,1.5978796510480937
2025-05-13,1803.0178959719383,6151.01,-0.0006831002844515099,-0.002667224432748583,0.001684124148297073,1.6005706787544962
2025-05-14,1800.5831746333915,6160.37,-0.001350358942074914,0.0015217013140931268,-0.0031720602561680408,1.5954935721172312
2025-05-15,1807.733036276505,6057.04,0.003970858854975834,-0.0167733431595829,0.02044420201455873,1.628112165018526
2025-05-16,1818.825379367556,6068.12,0.006136051545475363,0.0018292763462020023,0.004006775199273361,1.6346356444629575
2025-05-19,1845.1466805853104,6095.34,0.01447159332409731,0.004485738581306853,0.009685854742790457,1.6504684878726135
2025-05-20,1875.6356619248893,6146.02,0.016523879461933788,0.008314548491142437,0.007909330970791351,1.6635225894000596
2025-05-21,1860.81839681504,6132.18,-0.007899863182726508,-0.002251863807797627,-0.00594799937492888,1.6536279580781281
2025-05-22,1833.2283755718636,6066.1,-0.014826820978553923,-0.01077593938860244,-0.004350881589951483,1.646433218638697
2025-05-23,1816.5375388459488,5989.68,-0.009104613995901234,-0.012597880021760322,0.0031932660258590876,1.6516907178996219
2025-05-26,1836.7751437749569,6028.79,0.011140757895851117,0.006529564183729297,0.0043111937121218195,1.6588114765370008
2025-05-27,1851.3758351033216,6008.46,0.007949090218172916,-0.003372152621006874,0.01102124283917979,1.6770936406443335
2025-05-28,1841.5282590685772,5984.46,-0.005319058317618586,-0.003994367941202892,-0.0016246903764156936,1.6743688827460308
2025-05-29,1874.9075564595107,6089.58,0.0181258675920708,0.01756549463109458,0.0002603729609762187,1.674804843129798
2025-05-30,1852.6161034414229,6026.56,-0.011889361126786402,-0.01034882537055093,-0.0018405357562354726,1.6717223049313013
2025-06-03,1880.0899363326373,6070.04,0.014829749585021368,0.007214729464238179,0.007315020120783189,1.6839509872282359
2025-06-04,1904.1950366768892,6123.17,0.012821248536265317,0.008752825352057014,0.003768423184208303,1.6902968271695773
2025-06-05,1908.5861003493992,6167.01,0.0023059947053392094,0.007159690160488896,-0.005153695455149687,1.6815855520935397
2025-06-06,1927.993801614679,6152.84,0.01016862758338588,-0.0022977099112860833,0.012166337494671964,1.7020442894464738
2025-06-09,1952.926608720242,6218.96,0.01293199546838908,0.010746257013021676,0.0018857384553674032,1.7052538998158215
2025-06-10,1936.8408800899865,6161.69,-0.008236729715509705,-0.009208935256055706,0.0006722055405460007,1.7064001809353153
2025-06-11,1949.187645688712,6186.51,0.006374692792601611,0.00402811566307304,0.002046577129528571,1.709892460519441
2025-06-12,1959.999925072675,6192.22,0.0055470695229769,0.0009229759589817199,0.00432409356399518,1.7172861955030971
2025-06-13,1924.9477949500504,6106.01,-0.0178837405421457,-0.013922308961890839,-0.004261431580254859,1.7099680978772445
2025-06-16,1950.8823543537085,6147.46,0.013472863768926757,0.0067883937301118635,0.006384470038814894,1.7208853379654712
2025-06-17,1945.537803176696,6141.47,-0.002739555855372555,-0.0009743861692470546,-0.0020651696861255005,1.717331417732207
2025-06-18,1934.590127341669,6135.39,-0.005627069192462586,-0.0009899909956411213,-0.004937078196821465,1.708852818233005
2025-06-19,1893.5056152182967,6048.22,-0.021236804397335884,-0.014207735775557895,-0.0073290686217779896,1.6963285186636565
2025-06-20,1881.943130065536,5999.59,-0.006106390738866541,-0.008040382128956969,0.0016339913900904283,1.6991003048579179
2025-06-23,1927.5269018371653,6078.22,0.024221652101698687,0.013105895569530679,0.010815756532168009,1.7174773600789937
2025-06-24,1972.5017814962,6194.67,0.023332945245105652,0.019158569449608587,0.003874375795497065,1.724131512792198
2025-06-25,1978.9029836188247,6276.16,0.003245219944880917,0.01315485732089039,-0.010209637376009472,1.706528755258039
2025-06-26,1981.666913037476,6247.79,0.0013966977873756115,-0.004520279916381931,0.005616977703757542,1.7161142892271446
2025-06-27,1993.2588376167112,6276.94,0.005849582744189341,0.00466564977376005,0.0008839329704292912,1.7176312192284173
2025-06-30,2024.3092670876688,6356.18,0.015577720707905529,0.012623985572588037,0.0026537351353174924,1.722189357544402
2025-07-01,2034.8112166738067,6373.77,0.005187917556316313,0.002767385442199677,0.002120532114116636,1.725841315383665
2025-07-02,2040.2668447073663,6309.48,0.002681147021824204,-0.010086652012859076,0.01246779903468328,1.747358758069622
2025-07-03,2052.7579651415635,6342.64,0.006122297417418876,0.005255583661411212,0.0005667137560076644,1.7483490103145005
2025-07-04,2024.1055129892209,6312.2,-0.013958027511717264,-0.004799263398206466,-0.009458764113510798,1.7318117894378457
2025-07-07,2057.255156401868,6327.14,0.016377428548026485,0.002366845156997588,0.013710583391028897,1.7555559393945004
2025-07-08,2076.1846126446344,6407.7,0.009201316707779572,0.012732450996816747,-0.0038311342890371743,1.7488301688387633
2025-07-09,2079.381974731757,6390.47,0.0015400181985982808,-0.002688952354198748,0.003928970552797029,1.7557012710739737
2025-07-10,2085.185913567156,6406.57,0.002791184547104475,0.00251937650908296,-2.81919619784851e-05,1.755651774410494
2025-07-11,2084.99939389439,6461.1,-8.944990063131097e-05,0.008511574836457036,-0.008901024737088347,1.7400246745367531
2025-07-14,2113.60303780754,6462.31,0.013718778047087987,0.00018727461268208678,0.0132315034344059,1.7630478169938373
2025-07-15,2080.2723343443395,6442.83,-0.015769613719790576,-0.003014401970812375,-0.013055211748978201,1.740030854419409
2025-07-16,2102.7464476172872,6462.06,0.010803447655343135,0.0029847132393685527,0.007518734415974582,1.75311368428939
2025-07-17,2117.193285442705,6535.67,0.006870461173190012,0.011391104384669948,-0.0048206432114799354,1.7446625487082679
2025-07-18,2128.7347095852874,6552.07,0.005451285067801015,0.0025093066204382453,0.0026419784473627698,1.749271909559876
2025-07-21,2168.897167142666,6612.26,0.018866821392320432,0.0091864097911043,0.009380411601216132,1.7656808000739932
2025-07-22,2166.5561689704987,6637.1,-0.0010793495457654956,0.0037566580866450483,-0.005136007632410544,1.7566122500084125
2025-07-23,2158.4088547125866,6607.22,-0.0037604906692926265,-0.004501966220186504,0.00044147555089387754,1.757387751369192
2025-07-24,2188.1021571096444,6701.12,0.013757033257265627,0.014211725960388666,-0.0007546927031230385,1.756061463656676
2025-07-25,2204.3833570751467,6706.61,0.0074407860312193375,0.0008192660331407531,0.0063215199980785845,1.7671624413170368
2025-07-28,2229.0418125827982,6729.98,0.011186101287014472,0.0034846218879582835,0.007401479399056188,1.7802420577212308
2025-07-29,2226.82518573338,6773.88,-0.00099443035877822,0.006523050588560508,-0.007817480947338728,1.766325049353344
2025-07-30,2224.525731389191,6718.48,-0.001032615563592798,-0.00817847378459624,0.006845858221003443,1.7784170602134237
2025-07-31,2194.8440184099,6661.19,-0.013342939827787559,-0.008527226396446763,-0.005115713431340796,1.7693191881719643
2025-08-01,2232.354560932318,6670.47,0.01709029990641109,0.0013931444681807292,0.01539715543823036,1.7965616707320917
2025-08-04,2265.7321088646736,6739.69,0.01495172340294193,0.010377079875930617,0.004274643527011313,1.8042413314487633
2025-08-05,2293.921173781253,6787.48,0.012441481853167735,0.007090830587163532,0.005050651266004203,1.8133539252136222
2025-08-06,2308.326615066657,6861.31,0.0062798327379567365,0.010877380117510604,-0.004897547379553868,1.8044729384489886
2025-08-07,2308.9654424364494,6862.15,0.00027674912450548206,0.00012242560094199995,-0.00014567647643651786,1.8042100691894905
2025-08-08,2328.2810913800504,6838.13,0.008365499365472928,-0.0035003606741326188,0.011565860039605547,1.8250773103317832
2025-08-11,2364.810605736061,6943.94,0.015689477740146174,0.015473528581644302,-8.405084149812862e-05,1.8249239110480509
2025-08-12,2357.828432578519,6963.61,-0.002952529534756887,0.0028326857662941407,-0.006085215301051028,1.8138188561412874
2025-08-13,2350.69803081244,7064.33,-0.003024139359572242,0.01446376233017066,-0.017787901689742903,1.7815548246452442
2025-08-14,2289.6200356067184,6976.49,-0.025982918437470248,-0.012434300209644866,-0.013848618227825382,1.7568827520267918
2025-08-15,2313.9200141904253,7117.5,0.010613105321323646,0.020212169730050578,-0.009899064408726932,1.7394912565058973
2025-08-18,2337.21755192385,7237.6,0.010068428290757492,0.016873902353354397,-0.007105474062596906,1.7271313465006806
2025-08-19,2372.6270244668267,7242.85,0.01515026810997111,0.0007253785785343858,0.014124889531436724,1.7515268859762843
2025-08-20,2388.763444383858,7305.46,0.006801077350392815,0.008644387223261552,-0.002143309872868737,1.7477728211089762
2025-08-21,2397.062463816584,7253.34,0.003474190570120106,-0.007134389894681514,0.01030858046480162,1.7657898778695713
2025-08-22,2388.2714427261944,7362.94,-0.0036674142718803315,0.015110280229521766,-0.0190776945014021,1.7321026780259077
2025-08-25,2393.7126283828866,7477.73,0.002278294485019261,0.015590239768353387,-0.013611945283334126,1.7085253911475025
2025-08-26,2417.4366264237733,7476.47,0.00991096331263197,-0.00016850033365733985,0.00977946364628931,1.7252338530989917
2025-08-27,2328.6807209750928,7336.5,-0.03671488405467793,-0.018721401945035576,-0.018293482109642357,1.693673318472376
2025-08-28,2319.431027029698,7447.11,-0.003972074772672918,0.015076671437333822,-0.01934874621000674,1.6609028632705942
2025-08-29,2297.564509415968,7438.68,-0.009427535183804236,-0.0011319827422986428,-0.008595552441505594,1.646626485609105
2025-09-01,2330.5577505894807,7501.15,0.014360093498266613,0.008397995343259801,0.005662098155006812,1.6559498463952578
2025-09-02,2305.5350150190256,7313.88,-0.010736801336129087,-0.02496550528918895,0.013928703953059863,1.6790150815668121
2025-09-03,2249.982077370132,7206.88,-0.02409546473465074,-0.014629717742156045,-0.009765746992494695,1.6626182450836477
2025-09-04,2271.123752203768,7041.15,0.009396374773948057,-0.022996081522101197,0.03209245629604925,1.7159757484510088
2025-09-05,2308.878775892906,7245.67,0.016623939427564238,0.029046391569558905,-0.012722452141994666,1.6941443291145173
2025-09-08,2355.0331758588504,7311.03,0.01998996242152007,0.009020559865409172,0.010669402556110897,1.7122198369499926
2025-09-09,2342.6950060844724,7226.03,-0.005239064103578217,-0.011626268802070294,0.006087204698492077,1.722642469586326
2025-09-10,2360.1749361197258,7230.17,0.007461462115151196,0.0005729287035896036,0.006588533411561593,1.7339921570533705
2025-09-11,2376.897391486284,7399.89,0.007085260973939134,0.023473860227352983,-0.01668859925341385,1.7050542568357443
2025-09-12,2368.409020799093,7422.88,-0.0035711977797591166,0.003106802938962483,-0.006978000718721599,1.6931563870060853
2025-09-15,2367.577802708576,7415.57,-0.00035096053224636936,-0.0009847929644558606,0.0003338324322094913,1.6937216175208707
2025-09-16,2403.5323991389646,7483.63,0.01518623649421591,0.00917798631797706,0.00570825017623885,1.703389804242584
2025-09-17,2400.531354893229,7554.81,-0.0012485973756004576,0.009511426941203771,-0.011060024316804229,1.6845502715866645
2025-09-18,2355.643351859858,7476.4,-0.018699194635334315,-0.01037881826280218,-0.008620376372532134,1.6700288142271362
2025-09-19,2336.902550585908,7438.19,-0.00795570401570056,-0.005110748488577399,-0.0031449555271231607,1.6647766478773778
2025-09-22,2323.3606593174427,7489.48,-0.005794803580949526,0.006895494737295005,-0.01299029831824453,1.6431507025882035
2025-09-23,2296.024904284201,7408.07,-0.011765609839185398,-0.010869913532047581,-0.0011956963071378165,1.641185993361048
2025-09-24,2347.583878822213,7534.22,0.0224557557898466,0.01702872678038947,0.0051270290094571295,1.6496004015589247
2025-09-25,2325.026429041784,7506.51,-0.009608793953614247,-0.0036778857001786847,-0.006230908253435563,1.6393218928019806
2025-09-26,2333.618101228552,7397.59,0.0036953008703255463,-0.014510071924236478,0.017905372794562023,1.668674562422887
2025-09-29,2363.93589701112,7497.83,0.012991755491871926,0.013550358968258625,-0.0008586034763866986,1.6672418326426326
2025-09-30,2365.319272290309,7574.96,0.0005851999967250165,0.010286976365161626,-0.01000177636843661,1.6505664526804387
2025-10-09,2362.2047913991305,7648.05,-0.0013167274826973996,0.00964889583575368,-0.011265623318451079,1.6319717927624688
2025-10-10,2379.3629254681014,7533.82,0.007263609883209288,-0.014935833316989333,0.02189944320019862,1.6677110663423969
2025-10-13,2375.776286021832,7519.76,-0.0015073948609851673,-0.0018662511182905295,5.885625730536222e-05,1.6678092215740286
2025-10-14,2371.176542676968,7373.15,-0.0019361012111819287,-0.01949663287126191,0.01726053166007998,1.6965964954459805
2025-10-15,2394.740612701803,7483.45,0.009937712186639747,0.014959684802289486,-0.005321972615649739,1.6875672553574097
2025-10-16,2368.2776989418417,7401.84,-0.011050430104872722,-0.010905397911391113,-0.000445032193481609,1.6868162336001102
2025-10-17,2344.523749052212,7185.48,-0.010030052599086181,-0.02923056969618376,0.01890051709709758,1.7186979326629308
2025-10-20,2395.3870831840536,7239.18,0.021694527151794984,0.007473404699477326,0.013921122452317658,1.7426241370420767
2025-10-21,2448.70712491108,7344.05,0.02225946783354571,0.014486447360060106,0.0074730204734856035,1.7556468028957823
2025-10-22,2465.203284511292,7312.21,0.006736681341918738,-0.004335482465397167,0.010772163807315905,1.7745589178443661
2025-10-23,2480.8441414299327,7308.1,0.00634465198748968,-0.0005620735728322224,0.0066067255603219025,1.7862829416051857
2025-10-24,2490.5008767211957,7419.24,0.003892519941094408,0.015207783144729703,-0.011615263203635295,1.7655347950822777
2025-10-27,2498.8596205941453,7495.38,0.0033562501226476193,0.010262506671842475,-0.007206256549194856,1.7528118984023848
2025-10-28,2510.133015508523,7479.22,0.004511415856044421,-0.0021559947594385065,0.006367410615482927,1.763972771491217
2025-10-29,2479.466650162989,7569.12,-0.012217028004518404,0.012019969996871271,-0.024536998001389677,1.7206901751226313
2025-10-30,2462.5794796197865,7485.08,-0.006810807696119858,-0.011103008011499327,0.003992200315379469,1.727559514982426
2025-10-31,2505.031317554523,7506.67,0.017238768651353764,0.0028844047091012293,0.014054363942252535,1.7518392651378905
2025-11-03,2538.286422072735,7538.12,0.01327532485728633,0.004189607375840287,0.008785717481446043,1.767230429994296
2025-11-04,2544.719514779202,7435.73,0.0025344234797639587,-0.013582962330130122,0.01581738580989408,1.7951833955205008
2025-11-05,2576.0352318299056,7464.86,0.01230615667810464,0.003917570971511797,0.008088585706592844,1.8097038902742208
2025-11-06,2577.810997479792,7551.83,0.0006893405912873352,0.011650586883076297,-0.011261246291788962,1.7893243690506342
2025-11-07,2582.900241508213,7541.88,0.0019742502586095334,-0.001317561438750614,0.0029918116973601475,1.7946776906283315
2025-11-10,2602.102392526444,7563.25,0.007434337071809738,0.0028335110078654413,0.004300826063944297,1.8023962872165653
2025-11-11,2621.888570882329,7540.79,0.007603919973600437,-0.0029696228473209407,0.010273542820921378,1.8209132826535543
2025-11-12,2614.293631752528,7486.38,-0.0028967436732999507,-0.007215424378612778,0.004018680705312827,1.8282309517286022
2025-11-13,2641.2292117529983,7590.58,0.010303196118950586,0.013918609528236647,-0.003915413409286061,1.8210726717449321
2025-11-14,2662.9720965782503,7502.76,0.008232108265537885,-0.011569603376817006,0.01950171164235489,1.8565867058690744
2025-11-17,2680.906589229231,7523.08,0.006734765517830699,0.0027083366654403473,0.0037264288523903514,1.8635051441367894
2025-11-18,2655.1781364162684,7448.1,-0.00959692251730393,-0.009966662590321973,6.974007301804337e-05,1.8636351051216111
2025-11-19,2599.297863244777,7387.21,-0.021045771809086178,-0.008175239322780303,-0.013170532486305874,1.839090038426987
2025-11-20,2579.622430105877,7340.41,-0.0075695184523172365,-0.0063352740750567405,-0.001534244377260496,1.8362684248762546
2025-11-21,2451.0851047284896,7067.7,-0.049827960819875394,-0.03715187571266454,-0.012976085107210855,1.8124408495153763
2025-11-24,2500.511649911312,7156.41,0.02016516892353981,0.012551466530837496,0.007313702392702315,1.8256965024931084
2025-11-25,2542.23133599543,7249.95,0.01668445979269806,0.013070799465094929,0.00331366032760313,1.8317462405636638
2025-11-26,2517.980720678198,7248.45,-0.009539106443173684,-0.00020689797860673487,-0.009632208464566949,1.814102478920368
2025-11-27,2545.7270799819703,7257.45,0.011019289812631783,0.001241644765432648,0.009477645047199135,1.8312958982948193
2025-11-28,2587.7589848070284,7334.21,0.016510766277960887,0.01057671771765567,0.005634048560305216,1.8416135083141
2025-12-01,2584.8714741685785,7386.68,-0.001115834455759912,0.00715414475451337,-0.008569979210273282,1.82583091883449
2025-12-02,2576.119511669067,7313.18,-0.003385840490319425,-0.009950343049922261,0.006264502559602836,1.8372688412989306
2025-12-03,2554.048850170228,7248.27,-0.00856740589823779,-0.008875755827150389,8.349928912599074e-06,1.8372841823631487
2025-12-04,2509.7771999892598,7248.66,-0.01733390893365938,5.380594265935734e-05,-0.01768771487631874,1.804786823598739
2025-12-05,2553.221137091419,7342.49,0.017309877985322908,0.012944461459083456,0.004065416526239452,1.8121240337777367
2025-12-08,2581.871103874515,7423.05,0.011221106690246785,0.010971754813421608,-5.0648123174823186e-05,1.8120322530964659
2025-12-09,2559.034355732541,7380.58,-0.008845038045355524,-0.005721367901334373,-0.003423670144021151,1.8058284523715362
2025-12-10,2533.1511989890078,7408.24,-0.010114423311883947,0.0037476729471126458,-0.014162096258996592,1.7802541360018158
2025-12-11,2464.091992078284,7312.0,-0.027262173271885848,-0.012990939818364411,-0.014571233453521437,1.7543136373795363
2025-12-12,2430.4636838282195,7370.94,-0.013647342858211009,0.008060722100656337,-0.022008064958867347,1.7157045888898605
2025-12-15,2445.0941219856704,7309.08,0.00601960780356392,-0.008392416706688666,0.014112024510252586,1.7399166541006272
2025-12-16,2401.611112417741,7181.62,-0.01778377739201986,-0.017438583241666583,-0.0006451941503532784,1.7387940700532993
2025-12-17,2405.2282421370446,7288.74,0.0015061263251994195,0.014915854640039417,-0.013709728314839997,1.7149556757574138
2025-12-18,2447.434816322881,7272.4,0.017547845749697366,-0.0022418140858365687,0.019489659835533933,1.748379578510944
2025-12-19,2505.877310569982,7329.81,0.023879081010585335,0.007894230240360844,0.01568485077022449,1.7758026512895961
2025-12-22,2504.7465843543528,7408.35,-0.0004512296794658699,0.010715148141629882,-0.011466377821095752,1.7554406271542062
2025-12-23,2486.3717464409806,7392.42,-0.007336006775355508,-0.0021502763773310063,-0.005485730398024502,1.7458107531438993
2025-12-24,2513.02952586854,7506.38,0.010721558216593152,0.015415790769463866,-0.004994232552870714,1.7370917682493965
2025-12-25,2537.68669954096,7579.38,0.009811732579583676,0.009725060548493314,-0.0002133279689096376,1.7367211979906663
2025-12-26,2520.533704676163,7605.53,-0.006759303608242839,0.0034501502761439262,-0.010509453884386765,1.7184692066503464
2025-12-29,2526.247401615944,7594.16,0.002266859962705814,-0.0014949648479462008,0.0034618248106520148,1.72441824598627
2025-12-30,2504.8364019968067,7597.3,-0.008475416780415745,0.00041347561810667344,-0.009188892398522419,1.7085727522738534
2025-12-31,2514.254697634327,7595.28,0.0037600442208569618,-0.00026588393244975084,0.0037259281533067127,1.7149387715935231
2026-01-05,2548.2369076397003,7753.88,0.013515818440091865,0.020881389494528335,-0.0076655710544364705,1.701792786585865
2026-01-06,2555.4563304590984,7864.9,0.0028331050373511246,0.014317993056379485,-0.01178488801902836,1.6817373491643606
2026-01-07,2544.168307753801,7906.42,-0.004417223871428622,0.005279151673892812,-0.009996375545321434,1.6649260710535203
2026-01-08,2592.399674232636,7971.59,0.01895761625983683,0.008242668616137205,0.010414947643699624,1.6822661889141732
2026-01-09,2623.5854689058115,8129.18,0.012029701663346604,0.01976895449966687,-0.008039252836320265,1.6687420256834993
2026-01-12,2667.833097883536,8357.01,0.016865327812696895,0.028026196984197727,-0.011460869171500831,1.6496167916461555
2026-01-13,2670.535639049226,8203.13,0.0010130098347733707,-0.018413284176996392,0.01912629401176976,1.6811678474099323
2026-01-14,2683.489310100876,8257.17,0.004850589096149216,0.006587729317955482,-0.002037140221806266,1.6777430727683662
2026-01-15,2679.5978455992054,8240.78,-0.001450150923658633,-0.00198494157199125,0.00023479064833261705,1.678136991152157
2026-01-16,2671.74386573088,8232.73,-0.0029310293263686837,-0.0009768492788305716,-0.002254180047538112,1.6743541682296663
2026-01-19,2717.401459321622,8265.65,0.01708906088505313,0.003998673587011892,0.01279038729804124,1.6957698065154134
2026-01-20,2723.8482798795394,8182.75,0.002372421099503974,-0.01002945926817611,0.012101880367680085,1.7162918098449869
2026-01-21,2755.47974020635,8247.68,0.011612783487415568,0.007934985182243226,0.003377798305172342,1.7220890974114624
2026-01-22,2788.1338796746386,8309.35,0.011850618602567975,0.0074772542096686045,0.0040733643928993705,1.7291037938222587
2026-01-23,2815.308067506073,8470.74,0.0097463712304251,0.019422698526358806,-0.009976327295933706,1.7118536884464473
2026-01-26,2792.349401731217,8365.43,-0.008154939077482104,-0.012432207811832185,0.0039772687343500816,1.718662190599287
2026-01-27,2781.261721394822,8382.15,-0.0039707352989281075,0.001998701800146385,-0.006269437099074493,1.7078871461007672
2026-01-28,2750.769854576853,8399.79,-0.010963321640466428,0.0021044720030065633,-0.013367793643472991,1.6850564631653522
2026-01-29,2737.838160124487,8332.21,-0.004701118281796535,-0.008045439231219031,0.003044320949422497,1.6901863158571262
2026-01-30,2778.724705047573,8254.86,0.014933879408426165,-0.00928325138228614,0.023917130790712303,1.7306107230341532
2026-02-02,2741.1053175144584,7975.43,-0.01353836436721445,-0.03385036208972658,0.02001199772251213,1.7652437008820678
2026-02-03,2790.5621049177903,8209.1,0.018042643997413954,0.029298733735986682,-0.011556089738572728,1.7448443862642244
2026-02-04,2815.318271993809,8207.12,0.00887139083283306,-0.00024119574618408635,0.008812586579017146,1.76022097848509
2026-02-05,2818.720697723573,8068.08,0.0012085403499881853,-0.01694138747818974,0.017849927828177924,1.7916407959126934
2026-02-06,2845.520999647777,8051.57,0.009507966484883834,-0.002046335683334899,0.011254302168218733,1.8118044628068029
2026-02-09,2893.776628528958,8233.78,0.016958451154341914,0.022630368983937332,-0.005971917829595419,1.8009845154316264
2026-02-10,2899.1791907604284,8250.3,0.0018669589691919786,0.00200636888525052,-0.00043940991605854156,1.800193144976878
2026-02-11,2893.2078492118176,8239.51,-0.002059666255759929,-0.0013078312303793638,-0.001051835025380565,1.7982996387745414
2026-02-12,2863.565296192883,8314.83,-0.010245566362268033,0.009141320296959465,-0.0196868866592275,1.7628967176066572
2026-02-13,2865.829533933153,8204.83,0.0007907058181213511,-0.013229374503146762,0.013720080321268114,1.7870838021703204
2026-02-24,2926.8951611310067,8299.77,0.021308185457229678,0.011571233042001028,0.00943695241522865,1.8039484269734276
2026-02-25,2941.78198953089,8426.33,0.005086218528623565,0.015248615323075088,-0.010462396794451522,1.7850748027337051
2026-02-26,2936.675762424473,8490.62,-0.001735759864119446,0.007629656089899184,-0.00966541595401863,1.767821312256246
2026-02-27,2953.625784183665,8560.84,0.005771839702588988,0.00827030299318543,-0.002798463290596442,1.7628741292095629
2026-03-02,2864.340232732986,8476.97,-0.03022913462118093,-0.009796935814709862,-0.02073219880647107,1.7263258722920056
2026-03-03,2789.960651267215,8142.45,-0.025967439417908245,-0.039462213503173804,0.01319477408526556,1.7491043521744476
2026-03-04,2771.172694643104,8094.52,-0.006734129607016914,-0.005886434672610741,-0.0011476949344061734,1.7470969139697092
2026-03-05,2806.752030669174,8171.12,0.012839090142179765,0.009463192382006547,0.003075897760173219,1.7524708054541942
2026-03-06,2901.578201743747,8248.86,0.033785019138995676,0.009513995633401606,0.023971023505594068,1.7944793243246042
2026-03-09,2875.4877684337416,8203.87,-0.008991807732194101,-0.00545408698898997,-0.0038377207432041312,1.7875926137983928
2026-03-10,2951.4242214113688,8350.09,0.026408198918887793,0.017823295590983168,0.008284903327904625,1.802402645793389
2026-03-11,2929.405303737163,8363.53,-0.00746043808764163,0.0016095634897348443,-0.009370001577376474,1.7855141301592374
2026-03-12,2892.999726499133,8335.91,-0.012427634097468943,-0.0033024333026845376,-0.009425200794784405,1.7686853009605619
2026-03-13,2888.8470041671085,8214.29,-0.0014354382041541491,-0.014589888806380902,0.012854450602226753,1.791420778792644
2026-03-16,2896.5708552110696,8211.35,0.002673679510482696,-0.00035791285674113826,0.0027315923672238344,1.79631421011848
2026-03-17,2829.885008135186,8019.86,-0.023022342766417236,-0.023320160509538668,-2.182256878568696e-06,1.7963102900994388
2026-03-18,2877.587400232727,8096.59,0.016856653878305483,0.009567498684515785,0.006989155193789698,1.8088649814931452
