date,close,daily_return,holding_count,holding_effective
2023-01-03,1000.0,,0,False
2023-01-04,1010.5837800385414,0.010583780038541435,400,True
2023-01-05,1013.6894213113935,0.003073116088142337,400,True
2023-01-06,1009.2275963798877,-0.004401569985542237,400,True
2023-01-09,1016.2307152868159,0.0069390878054152285,400,True
2023-01-10,1011.6108285788387,-0.004546100249167648,400,True
2023-01-11,998.962567067382,-0.012503090273584276,400,True
2023-01-12,1001.0413008174469,0.0020808925365113713,400,True
2023-01-13,1002.3510034017274,0.0013083402085519505,400,True
2023-01-16,1015.7901290743547,0.013407604349193346,400,True
2023-01-17,1013.2954490617934,-0.0024559010184855693,400,True
2023-01-18,1024.426019607154,0.010984526335005709,400,True
2023-01-19,1030.8991518829264,0.006318789401946746,400,True
2023-01-20,1038.3557953504362,0.007233145408928009,400,True
2023-01-30,1059.642466646298,0.020500363547042082,400,True
2023-01-31,1066.3467493259864,0.00632692902626572,400,True
2023-02-01,1088.0270927867841,0.020331419844906287,400,True
2023-02-02,1092.825472617405,0.004410165760055499,400,True
2023-02-03,1095.6316473552117,0.002567816003671363,400,True
2023-02-06,1102.265488821773,0.00605481001080505,400,True
2023-02-07,1112.1754514182103,0.008990540570248862,400,True
2023-02-08,1110.9174857237358,-0.001131085650982733,400,True
2023-02-09,1121.7265497936057,0.009729853214820922,400,True
2023-02-10,1124.0426182014662,0.002064735303168694,400,True
2023-02-13,1135.2538345154105,0.009974013558207444,400,True
2023-02-14,1135.1186231997003,-0.0001191022761599303,400,True
2023-02-15,1142.2197804577606,0.006255872393357089,400,True
2023-02-16,1111.6941132933937,-0.02672486301378292,400,True
2023-02-17,1112.6757111357626,0.0008829747595416054,400,True
2023-02-20,1120.2338455233707,0.0067927557975478526,400,True
2023-02-21,1123.214723991441,0.0026609430521871208,400,True
2023-02-22,1129.8284137941673,0.005888179402798423,400,True
2023-02-23,1130.5972180938772,0.0006804611127878626,400,True
2023-02-24,1130.0197309930481,-0.0005107805782529423,400,True
2023-02-27,1116.1794080341094,-0.01224785955443093,400,True
2023-02-28,1129.60250335412,0.012025929902839159,400,True
2023-03-01,1144.3969011801707,0.013096994546419381,400,True
2023-03-02,1144.4350188037272,3.3308045064782134e-05,400,True
2023-03-03,1141.3724784916988,-0.0026760281376478623,400,True
2023-03-06,1141.7195435013487,0.00030407690406940665,400,True
2023-03-07,1120.9072567257529,-0.01822889596141113,400,True
2023-03-08,1141.03118002716,0.01795324562371954,400,True
2023-03-09,1154.5041730334638,0.011807734303968009,400,True
2023-03-10,1142.7096913952807,-0.010216058039178,400,True
2023-03-13,1137.9831239031892,-0.004136280218574432,400,True
2023-03-14,1119.152357099356,-0.0165474921449142,400,True
2023-03-15,1134.9306740939821,0.01409845307882893,400,True
2023-03-16,1118.3985502617368,-0.014566637601405133,400,True
2023-03-17,1124.497265597833,0.005453078721059529,400,True
2023-03-20,1118.025660894379,-0.005755109328801521,400,True
2023-03-21,1140.308800932088,0.019930794808308297,400,True
2023-03-22,1153.827965142451,0.011855704524346774,400,True
2023-03-23,1148.9318071640582,-0.0042434038056863785,400,True
2023-03-24,1152.6161651713994,0.0032067682210272937,400,True
2023-03-27,1151.2891847814703,-0.0011512769211698413,400,True
2023-03-28,1141.15355821369,-0.008803719084448906,400,True
2023-03-29,1128.9249030233925,-0.010716047023013889,400,True
2023-03-30,1114.1099883853115,-0.013123029351558336,400,True
2023-03-31,1124.6499968515138,0.00946047389941999,400,True
2023-04-03,1133.7266825145055,0.00807067593331437,400,True
2023-04-04,1114.8567666769827,-0.016644149007475816,400,True
2023-04-06,1107.6572701551574,-0.0064577771217056105,400,True
2023-04-07,1117.5717633578843,0.008950867267217165,400,True
2023-04-10,1098.1579138014206,-0.0173714567538216,400,True
2023-04-11,1096.880459637946,-0.0011632700064534852,400,True
2023-04-12,1110.4165964744027,0.012340576147125939,400,True
2023-04-13,1110.1745541184227,-0.00021797436813213777,400,True
2023-04-14,1112.5531726355844,0.0021425626342611095,400,True
2023-04-17,1112.1632650385843,-0.0003504619883257612,400,True
2023-04-18,1101.448323063885,-0.00963432466394897,400,True
2023-04-19,1095.4107092454974,-0.0054815225480509535,400,True
2023-04-20,1083.2877224893693,-0.011067069779222845,400,True
2023-04-21,1051.6767452719919,-0.029180592155827342,400,True
2023-04-24,1051.0496640641727,-0.0005962680173715948,400,True
2023-04-25,1026.6250615363433,-0.02323829535645831,400,True
2023-04-26,1044.1746277522805,0.017094426069897705,400,True
2023-04-27,1049.7904053882812,0.005378197752314213,400,True
2023-04-28,1079.1310415105643,0.027949041991321196,400,True
2023-05-04,1097.6428619230269,0.017154376716427135,400,True
2023-05-05,1092.4047734908681,-0.004772124535098609,400,True
2023-05-08,1093.6010343303174,0.001095071047361313,400,True
2023-05-09,1073.8218197679028,-0.01808631661959493,400,True
2023-05-10,1085.3485964068948,0.010734347567535541,400,True
2023-05-11,1100.2130596081631,0.0136955658766945,400,True
2023-05-12,1091.7489403978523,-0.007693163734418296,400,True
2023-05-15,1101.2637613508057,0.008715209697832151,400,True
2023-05-16,1097.0726222910653,-0.0038057540861960735,400,True
2023-05-17,1118.4397515134485,0.019476494799187956,400,True
2023-05-18,1127.5245286789523,0.00812272377945291,400,True
2023-05-19,1127.7054072464935,0.0001604209602012609,400,True
2023-05-22,1137.4208758701839,0.00861525409141439,400,True
2023-05-23,1133.979631663875,-0.003025480083330013,400,True
2023-05-24,1140.633565930278,0.005867772295556926,400,True
2023-05-25,1142.719021661402,0.001828331020070451,400,True
2023-05-26,1142.8114032347617,8.084364713334791e-05,400,True
2023-05-29,1129.6689504759172,-0.011500106423198483,400,True
2023-05-30,1132.4828108835914,0.0024908716898774893,400,True
2023-05-31,1124.51476639218,-0.007035907666620149,400,True
2023-06-01,1125.601564693445,0.0009664597866968883,400,True
2023-06-02,1134.980783472488,0.008332627701701342,400,True
2023-06-05,1144.8277617308374,0.008675898659907281,400,True
2023-06-06,1123.5392594121565,-0.01859537568035169,400,True
2023-06-07,1132.322050783059,0.007817075636055274,400,True
2023-06-08,1129.6107848725183,-0.0023944300198568713,400,True
2023-06-09,1128.1416279830116,-0.0013005868120073883,400,True
2023-06-12,1141.963510690472,0.012251903807655975,400,True
2023-06-13,1151.4942423514074,0.008345916110027558,400,True
2023-06-14,1149.8726629253263,-0.0014082392828727312,400,True
2023-06-15,1143.486619591256,-0.005553696109118745,400,True
2023-06-16,1144.4895186152949,0.0008770535718184056,400,True
2023-06-19,1138.327275964312,-0.005384271809180309,400,True
2023-06-20,1129.1604821143249,-0.008052863217409818,400,True
2023-06-21,1117.5062512727134,-0.010321146574124845,400,True
2023-06-26,1102.739939221554,-0.0132136281424306,400,True
2023-06-27,1133.3059061490633,0.02771820067484491,400,True
2023-06-28,1140.01787401265,0.005922467911946163,400,True
2023-06-29,1159.771499584343,0.017327470052872163,400,True
2023-06-30,1177.3457713264227,0.015153219188761065,400,True
2023-07-03,1181.1246464913568,0.0032096562088780103,400,True
2023-07-04,1191.7556942458907,0.009000783944450282,400,True
2023-07-05,1188.2596654945098,-0.002933511262635964,400,True
2023-07-06,1192.7237053757979,0.003756788192781412,400,True
2023-07-07,1191.258548860882,-0.0012284123375028812,400,True
2023-07-10,1191.87108550732,0.0005141928652043948,400,True
2023-07-11,1202.8937626219565,0.009248212536295125,400,True
2023-07-12,1192.7096008313893,-0.008466385068261369,400,True
2023-07-13,1202.2651442604354,0.008011626151399562,400,True
2023-07-14,1204.3411810127695,0.0017267711388332413,400,True
2023-07-17,1207.7081183814619,0.002795667392076517,400,True
2023-07-18,1210.6545922838366,0.0024397235205502734,400,True
2023-07-19,1213.141709688004,0.0020543575517073653,400,True
2023-07-20,1201.9312536746436,-0.009240846245607753,400,True
2023-07-21,1196.2869329023595,-0.004696042935091287,400,True
2023-07-24,1202.0933407681177,0.0048536916236903245,400,True
2023-07-25,1223.782526037909,0.01804284620355046,400,True
2023-07-26,1228.5178824174827,0.0038694427145522137,400,True
2023-07-27,1224.589368231716,-0.003197767197361576,400,True
2023-07-28,1229.37093336633,0.003904627345833118,400,True
2023-07-31,1236.2697057593994,0.005611628033354263,400,True
2023-08-01,1230.3076457574912,-0.00482262080364238,400,True
2023-08-02,1232.9576003524087,0.002153895900798087,400,True
2023-08-03,1222.1661464226268,-0.008752493943585187,400,True
2023-08-04,1216.992626376168,-0.0042330742523037194,400,True
2023-08-07,1209.9485844142355,-0.005788072835664919,400,True
2023-08-08,1213.7840182098787,0.0031699146931107986,400,True
2023-08-09,1201.892998791,-0.009796651826422824,400,True
2023-08-10,1212.0452602379662,0.008446892907420704,400,True
2023-08-11,1198.095487218559,-0.011509283916236424,400,True
2023-08-14,1206.020115889953,0.006614354828922453,400,True
2023-08-15,1205.80694707482,-0.0001767539465754911,400,True
2023-08-16,1198.2593970271937,-0.006259335348777025,400,True
2023-08-17,1221.368119161705,0.019285241736340608,400,True
2023-08-18,1218.9752579102246,-0.0019591646563712362,400,True
2023-08-21,1220.6882315553246,0.0014052571075450712,400,True
2023-08-22,1211.7241776753922,-0.007343442533652442,400,True
2023-08-23,1202.4010773749064,-0.007694077969436426,400,True
2023-08-24,1192.2690773025174,-0.00842647288250052,400,True
2023-08-25,1171.2526462660949,-0.01762725498506729,400,True
2023-08-28,1184.1797674411503,0.01103700488213749,400,True
2023-08-29,1242.1449241967828,0.048949626019102854,400,True
2023-08-30,1257.3725045391243,0.012259101209295964,400,True
2023-08-31,1252.531696459746,-0.003849939506314033,400,True
2023-09-01,1251.8312472627338,-0.0005592267237562475,400,True
2023-09-04,1269.4107463072587,0.014043026232940332,400,True
2023-09-05,1264.579801082957,-0.0038056596246368647,400,True
2023-09-06,1273.1960935107707,0.006813561643507949,400,True
2023-09-07,1256.2721419882685,-0.01329249406965677,400,True
2023-09-08,1256.886215165439,0.0004888058539597292,400,True
2023-09-11,1261.441050189139,0.0036239040326339444,400,True
2023-09-12,1255.8371852756325,-0.004442431069344417,400,True
2023-09-13,1245.3801510184192,-0.00832674360961699,400,True
2023-09-14,1232.5104502130512,-0.010333953688633683,400,True
2023-09-15,1233.2985975278284,0.0006394650160092108,400,True
2023-09-18,1256.741797353326,0.019008535218064976,400,True
2023-09-19,1242.7473499406685,-0.011135499306324974,400,True
2023-09-20,1237.3274378955323,-0.004361234039561664,400,True
2023-09-21,1230.6282253405961,-0.00541426008165661,400,True
2023-09-22,1253.5562372696986,0.018631144205031303,400,True
2023-09-25,1249.5555161977509,-0.0031914970808662175,400,True
2023-09-26,1246.5351298712233,-0.0024171685750452713,400,True
2023-09-27,1249.9014100328106,0.002700509661476695,400,True
2023-09-28,1267.0086812336317,0.013686896473196168,400,True
2023-10-09,1255.4955488303112,-0.009086861498147416,400,True
2023-10-10,1250.6748019360577,-0.0038397164360675826,400,True
2023-10-11,1248.955599745255,-0.0013746196758272697,400,True
2023-10-12,1251.9167404598793,0.002370893501120553,400,True
2023-10-13,1234.1479618471203,-0.014193259055096488,400,True
2023-10-16,1237.4791877097473,0.002699211087819085,400,True
2023-10-17,1238.766172369507,0.0010400050946647677,400,True
2023-10-18,1216.0414620703446,-0.018344632591714136,400,True
2023-10-19,1211.0683536422173,-0.004089587882686468,400,True
2023-10-20,1205.7543987281035,-0.004387824104339285,400,True
2023-10-23,1177.1328108574228,-0.023737494054238858,400,True
2023-10-24,1226.5253648909675,0.04196005206716416,400,True
2023-10-25,1250.1534095626748,0.01926421201554848,400,True
2023-10-26,1248.5395594019635,-0.0012909216967826897,400,True
2023-10-27,1262.7161856175105,0.011354567109060904,400,True
2023-10-30,1275.354700412987,0.01000899088760458,400,True
2023-10-31,1276.347006879338,0.0007780631270890996,400,True
2023-11-01,1290.248177346128,0.010891372324191182,400,True
2023-11-02,1283.1380017668973,-0.005510703835176339,400,True
2023-11-03,1295.480328476905,0.009618861488797058,400,True
2023-11-06,1314.2134782400326,0.014460389209577543,400,True
2023-11-07,1325.1822479082118,0.008346261737376392,400,True
2023-11-08,1327.2141059532014,0.0015332668757045823,400,True
2023-11-09,1322.2573872094035,-0.003734679070667429,400,True
2023-11-10,1324.310788322257,0.0015529511369847195,400,True
2023-11-13,1344.8737748514889,0.015527311799130267,400,True
2023-11-14,1342.2163569981121,-0.0019759607950345427,400,True
2023-11-15,1349.1606359865887,0.005173740397567079,400,True
2023-11-16,1344.8997718638057,-0.0031581592355510346,400,True
2023-11-17,1356.7582785744794,0.008817390677552045,400,True
2023-11-20,1373.947060498988,0.012669008323699667,400,True
2023-11-21,1367.3558190131473,-0.004797303822934124,400,True
2023-11-22,1360.8225095020841,-0.004778060999351501,400,True
2023-11-23,1369.6931188728884,0.006518564551118377,400,True
2023-11-24,1354.0601594711893,-0.011413475899304495,400,True
2023-11-27,1355.0127162334406,0.0007034818620048885,400,True
2023-11-28,1372.898457571151,0.013199685230576802,400,True
2023-11-29,1367.5703532838595,-0.003880916507632908,400,True
2023-11-30,1361.258390250417,-0.004615457638640671,400,True
2023-12-01,1366.0145050910846,0.0034939103955073858,400,True
2023-12-04,1374.3203988195355,0.006080384723218766,400,True
2023-12-05,1358.3262872605842,-0.011637833195730331,400,True
2023-12-06,1370.991573828941,0.009324185718219156,400,True
2023-12-07,1362.8968250039654,-0.005904302389232349,400,True
2023-12-08,1327.3465295991787,-0.026084362919169088,400,True
2023-12-11,1341.087208121617,0.01035199039288393,400,True
2023-12-12,1354.0073018782239,0.009634044436754658,400,True
2023-12-13,1353.8713040469815,-0.00010044098806083812,400,True
2023-12-14,1357.7871138728374,0.0028923058005223766,400,True
2023-12-15,1361.4819848495001,0.0027212446921254696,400,True
2023-12-18,1345.722663294763,-0.011575123086538124,400,True
2023-12-19,1352.2085952964603,0.004819664689169868,400,True
2023-12-20,1352.0044366336124,-0.0001509816337198902,400,True
2023-12-21,1360.723272043559,0.00644882159681055,400,True
2023-12-22,1333.8721962080967,-0.019732943785944704,400,True
2023-12-25,1318.5909682489612,-0.01145629094194835,400,True
2023-12-26,1304.202221322253,-0.010912214077892392,400,True
2023-12-27,1314.6109118164627,0.007980886954522154,400,True
2023-12-28,1339.072130396851,0.018607192714222166,400,True
2023-12-29,1361.5025899104194,0.016750747778553766,400,True
2024-01-02,1382.0939124700496,0.01512396870356676,400,True
2024-01-03,1375.150008114639,-0.0050241914046207205,400,True
2024-01-04,1379.389713331716,0.003083085621247866,400,True
2024-01-05,1358.4906922287023,-0.015150918483026136,400,True
2024-01-08,1338.5001867053747,-0.014715231865543138,400,True
2024-01-09,1355.0249773385297,0.012345751459198147,400,True
2024-01-10,1339.4377722233994,-0.011503260364798483,400,True
2024-01-11,1356.3714379067806,0.01264236833882319,400,True
2024-01-12,1345.144935908943,-0.008276864053671625,400,True
2024-01-15,1344.2053923042013,-0.0006984701645603025,400,True
2024-01-16,1336.078870804739,-0.0060455950749698905,400,True
2024-01-17,1310.561404228239,-0.019098772635428436,400,True
2024-01-18,1287.0938767391547,-0.017906469253078518,400,True
2024-01-19,1268.7742865456828,-0.014233297605210136,400,True
2024-01-22,1184.4462046974363,-0.06646421096524191,400,True
2024-01-23,1160.9390565188307,-0.019846530881164365,400,True
2024-01-24,1182.898797013657,0.01891549808021308,400,True
2024-01-25,1240.0631050174263,0.04832561174978446,400,True
2024-01-26,1246.4578582417118,0.0051567966165686156,400,True
2024-01-29,1193.4510061162641,-0.042525988163146324,400,True
2024-01-30,1144.094463442066,-0.04135615322393038,400,True
2024-01-31,1071.0043793360248,-0.06388465851512469,400,True
2024-02-01,1043.1496099302794,-0.026008081706457756,400,True
2024-02-02,980.94613041147,-0.05963044890844277,400,True
2024-02-05,850.1959886003656,-0.1332898288270526,400,True
2024-02-06,819.3810192680303,-0.036244548016586615,400,True
2024-02-07,749.7350275098221,-0.08499829764231594,400,True
2024-02-08,829.0023912343884,0.10572717135525302,400,True
2024-02-19,877.9965812415804,0.05910017935441583,400,True
2024-02-20,895.7972756280818,0.02027421833616867,400,True
2024-02-21,929.7026282321578,0.037849358919185824,400,True
2024-02-22,968.0023723780492,0.04119569309889855,400,True
2024-02-23,1014.5362355311645,0.04807205486366488,400,True
2024-02-26,1045.6859463819503,0.030703399011152568,400,True
2024-02-27,1080.0975869616725,0.03290819839243858,400,True
2024-02-28,972.6060411966679,-0.09952021656430096,400,True
2024-02-29,1014.9473510119584,0.04353387499340943,400,True
2024-03-01,1028.3769131407707,0.013231782038174078,400,True
2024-03-04,1022.2400088398707,-0.005967563276150691,400,True
2024-03-05,992.4070478437902,-0.029183910567086448,400,True
2024-03-06,1017.5698601533645,0.02535533414866994,400,True
2024-03-07,1021.0135554252907,0.0033842347408042615,400,True
2024-03-08,1028.7064558047819,0.007534572228364558,400,True
2024-03-11,1050.7854937726838,0.021462913781977698,400,True
2024-03-12,1076.7589254201923,0.024718110215106722,400,True
2024-03-13,1076.3543549653705,-0.00037572983633623686,400,True
2024-03-14,1073.4398382670527,-0.00270776690303964,400,True
2024-03-15,1095.9451685432296,0.02096561863449118,400,True
2024-03-18,1128.985545724196,0.030147837801853882,400,True
2024-03-19,1130.7451712336424,0.0015585899359922255,400,True
2024-03-20,1153.6396880492957,0.02024728240994863,400,True
2024-03-21,1160.7098702387057,0.006128587862094933,400,True
2024-03-22,1139.008451845292,-0.018696677739933953,400,True
2024-03-25,1106.6215018009377,-0.028434336893536312,400,True
2024-03-26,1109.8115115296575,0.002882656557394161,400,True
2024-03-27,1075.5600921979765,-0.030862375255481047,400,True
2024-03-28,1109.6067367827618,0.03165480462854366,400,True
2024-03-29,1129.8693326863072,0.018261060636938418,400,True
2024-04-01,1158.1907063591568,0.025066061051072622,400,True
2024-04-02,1170.1661690751869,0.01033980211572897,400,True
2024-04-03,1162.2305383091968,-0.006781627238686729,400,True
2024-04-08,1111.9111142217928,-0.04329556179156021,400,True
2024-04-09,1134.211191561961,0.020055629496765755,400,True
2024-04-10,1103.8816694878858,-0.026740630228050576,400,True
2024-04-11,1108.4717440708678,0.004158121934492561,400,True
2024-04-12,1105.4598551130407,-0.0027171544732081817,400,True
2024-04-15,1014.5877842327199,-0.0822029587596634,400,True
2024-04-16,913.5995668705868,-0.09953620468484659,400,True
2024-04-17,993.1848956502673,0.08711182849209247,400,True
2024-04-18,986.0801180301946,-0.007153529671251181,400,True
2024-04-19,978.8383809484926,-0.007343964196507821,400,True
2024-04-22,963.4465358187082,-0.01572460319227538,400,True
2024-04-23,990.4238620871922,0.028000854500514236,400,True
2024-04-24,1021.2897136454529,0.03116428504985212,400,True
2024-04-25,1036.7474463613287,0.01513550220798752,400,True
2024-04-26,1043.0090396360624,0.0060396515050123644,400,True
2024-04-29,1083.7597224729695,0.039070306477042877,400,True
2024-04-30,1080.6595215948626,-0.0028605979847940374,400,True
2024-05-06,1112.5632683550623,0.029522477822723773,400,True
2024-05-07,1127.5174888029612,0.013441231499588207,400,True
2024-05-08,1111.1150221263158,-0.014547416638352375,400,True
2024-05-09,1128.2006923904025,0.01537704911179245,400,True
2024-05-10,1110.8057992663303,-0.015418261344279404,400,True
2024-05-13,1078.8341335536406,-0.028782407990493385,400,True
2024-05-14,1095.8019592857468,0.01572792814425948,400,True
2024-05-15,1095.9597886399176,0.00014403091072570317,400,True
2024-05-16,1116.157455591088,0.01842920439283229,400,True
2024-05-17,1134.0099606594938,0.015994611673271205,400,True
2024-05-20,1130.029601071209,-0.003509986443126005,400,True
2024-05-21,1115.0671588976438,-0.01324075241868136,400,True
2024-05-22,1122.3440483551688,0.006525965184661084,400,True
2024-05-23,1097.3259690990694,-0.02229091809482496,400,True
2024-05-24,1088.9997109386734,-0.007587770995005318,400,True
2024-05-27,1092.507363401362,0.0032209856691928444,400,True
2024-05-28,1077.4234208993532,-0.013806719302144723,400,True
2024-05-29,1085.3641156346876,0.007370078078222868,400,True
2024-05-30,1070.1435952105287,-0.014023423296299471,400,True
2024-05-31,1078.0947152420129,0.007429956191925721,400,True
2024-06-03,1041.4067324096836,-0.03403038927251725,400,True
2024-06-04,1011.8273275557771,-0.02840331633488057,400,True
2024-06-05,987.0797912974082,-0.024458260401159868,400,True
2024-06-06,927.0611598752548,-0.0608042348261081,400,True
2024-06-07,973.8330246289679,0.05045175742235465,400,True
2024-06-11,972.257165114266,-0.0016182029925534182,400,True
2024-06-12,999.0183261898386,0.02752477640257618,400,True
2024-06-13,998.8665190035697,-0.0001519563578457248,400,True
2024-06-14,998.1826751957244,-0.0006846198113911917,400,True
2024-06-17,983.7013479100015,-0.014507692475110735,400,True
2024-06-18,1008.089036110613,0.024791760479363205,400,True
2024-06-19,1014.4582533531806,0.006318109824049927,400,True
2024-06-20,997.9044098381623,-0.016317914966240646,400,True
2024-06-21,991.5319226857008,-0.006385869317377815,400,True
2024-06-24,949.7198900734161,-0.04216912401471759,400,True
2024-06-25,960.0249592497569,0.01085064057734341,400,True
2024-06-26,993.4801559184576,0.034848257169110955,400,True
2024-06-27,983.3181696588479,-0.01022867562987725,400,True
2024-06-28,984.678610139357,0.0013835201285675375,400,True
2024-07-01,988.2960780336247,0.0036737549257373978,400,True
2024-07-02,1002.9278262059216,0.01480502502995781,400,True
2024-07-03,997.8226029350054,-0.005090319699503416,400,True
2024-07-04,959.9359830581283,-0.03796929410642433,400,True
2024-07-05,978.0721893764245,0.018893141457744452,400,True
2024-07-08,947.1748110536003,-0.03159007960600848,400,True
2024-07-09,956.8106361488275,0.010173227774616076,400,True
2024-07-10,942.3362976247905,-0.015127694004632188,400,True
2024-07-11,982.2752861154215,0.042382946079122005,400,True
2024-07-12,980.5465758614467,-0.0017599040497203752,400,True
2024-07-15,959.8529594902259,-0.021104164636994195,400,True
2024-07-16,959.8532514614184,3.041832497391317e-07,400,True
2024-07-17,947.5978125372376,-0.012768033973444733,400,True
2024-07-18,942.4105209920884,-0.0054741489232230075,400,True
2024-07-19,952.4252866872047,0.010626754977834506,400,True
2024-07-22,966.0329199635853,0.014287349849468613,400,True
2024-07-23,955.3445049593594,-0.011064234751574366,400,True
2024-07-24,939.0512407707247,-0.017054857283475767,400,True
2024-07-25,949.3459379538263,0.01096287054011269,400,True
2024-07-26,966.1623724627959,0.017713705654247493,400,True
2024-07-29,975.1756574530878,0.009328954684207547,400,True
2024-07-30,983.5272584982124,0.008564201722320426,400,True
2024-07-31,1009.2979025338598,0.02620226721016109,400,True
2024-08-01,1016.2571518773202,0.006895139012960628,400,True
2024-08-02,1003.9640810873505,-0.012096417493604777,400,True
2024-08-05,983.1911403619154,-0.020690920239832582,400,True
2024-08-06,1009.32673044797,0.026582410086032775,400,True
2024-08-07,1009.1087193207281,-0.00021599658531305715,400,True
2024-08-08,1011.6185089218025,0.002487134986568845,400,True
2024-08-09,1006.1019710589509,-0.005453180041882827,400,True
2024-08-12,998.8246420159129,-0.007233192312881043,400,True
2024-08-13,1009.7466026155815,0.010934812919337875,400,True
2024-08-14,1010.0488215357033,0.0002993017449515245,400,True
2024-08-15,1016.7695275731697,0.006653842759054134,400,True
2024-08-16,1010.5674928643497,-0.006099744869049338,400,True
2024-08-19,1008.8185780694631,-0.0017306264126203607,400,True
2024-08-20,989.1802490370513,-0.01946666076470653,400,True
2024-08-21,987.557170214624,-0.0016408322184025053,400,True
2024-08-22,975.2395764308209,-0.012472790594114333,400,True
2024-08-23,961.9853416279456,-0.013590747466774302,400,True
2024-08-26,982.6655089378028,0.02149738297972474,400,True
2024-08-27,973.3008705252819,-0.009529833221320082,400,True
2024-08-28,984.2046544237636,0.01120289134499286,400,True
2024-08-29,996.8029831216901,0.012800517292110035,400,True
2024-08-30,1017.2049851705257,0.020467436789707874,400,True
2024-09-02,1007.9544891547666,-0.0090940333075622,400,True
2024-09-03,1015.6121078225312,0.007597186926748969,400,True
2024-09-04,1001.0173434902682,-0.014370411912038184,400,True
2024-09-05,1016.1978556166541,0.015165084026871757,400,True
2024-09-06,994.6191230455133,-0.021234774755597385,400,True
2024-09-09,1000.0677300196886,0.005478083869423038,400,True
2024-09-10,1013.5511401417082,0.01348249695223553,400,True
2024-09-11,1005.5684003334892,-0.007876010881012727,400,True
2024-09-12,1006.036512972773,0.0004655204351375813,400,True
2024-09-13,992.8706792016667,-0.01308683492232517,400,True
2024-09-18,976.2414282792442,-0.016748657474499575,400,True
2024-09-19,1006.8687143246688,0.03137265553195095,400,True
2024-09-20,1001.6276510137203,-0.005205309526837174,400,True
2024-09-23,1004.769622201522,0.0031368654655469135,400,True
2024-09-24,1035.441305536667,0.03052608544030328,400,True
2024-09-25,1051.3282137210435,0.01534312770741007,400,True
2024-09-26,1080.1632133580313,0.02742720994324873,400,True
2024-09-27,1128.3915924008472,0.04464915898485627,400,True
2024-09-30,1255.1356772653462,0.11232278379071323,400,True
2024-10-08,1361.1502189775224,0.08446460700022307,400,True
2024-10-09,1230.891509712221,-0.09569752658391364,400,True
2024-10-10,1248.8568016445745,0.014595349623098573,400,True
2024-10-11,1205.8143616133407,-0.03446547272237519,400,True
2024-10-14,1243.4400542201438,0.031203553220630977,400,True
2024-10-15,1230.6016266523065,-0.010324926822378509,400,True
2024-10-16,1243.9398913443742,0.01083881607433979,400,True
2024-10-17,1236.8516865511483,-0.005698189150896471,400,True
2024-10-18,1267.029573539536,0.024398953663180185,400,True
2024-10-21,1285.492864994625,0.014572107739766822,400,True
2024-10-22,1305.6285857159457,0.01566381367772492,400,True
2024-10-23,1313.1965857121418,0.005796441713204452,400,True
2024-10-24,1318.1438155029305,0.003767318499465735,400,True
2024-10-25,1355.9415289202018,0.028674954107985293,400,True
2024-10-28,1409.5382860570514,0.03952733653606088,400,True
2024-10-29,1377.7001036324195,-0.02258766770620602,400,True
2024-10-30,1376.1836148375212,-0.001100739406856434,400,True
2024-10-31,1407.0103326573292,0.022400148851828526,400,True
2024-11-01,1352.125628615387,-0.03900803197250508,400,True
2024-11-04,1382.5690533888983,0.022515233887465087,400,True
2024-11-05,1415.7090659392888,0.02396987873347754,400,True
2024-11-06,1428.921335050997,0.009332616022305505,400,True
2024-11-07,1470.3557964807949,0.028997020629074232,400,True
2024-11-08,1474.2628897237378,0.002657243404823659,400,True
2024-11-11,1513.4714837392166,0.02659538830474539,400,True
2024-11-12,1511.799650325393,-0.0011046348951968747,400,True
2024-11-13,1521.5850089080448,0.006472655672691497,400,True
2024-11-14,1479.7902906683628,-0.027467882500811187,400,True
2024-11-15,1456.7659089037993,-0.015559219377067368,400,True
2024-11-18,1415.0657564547005,-0.028625156721629748,400,True
2024-11-19,1447.9858757732254,0.02326402088974508,400,True
2024-11-20,1492.8350033199106,0.030973456507464674,400,True
2024-11-21,1508.142129920741,0.010253729693361135,400,True
2024-11-22,1456.9258695270553,-0.03395983666100298,400,True
2024-11-25,1502.67437957969,0.031400712287088184,400,True
2024-11-26,1491.4882639754755,-0.0074441381021903225,400,True
2024-11-27,1505.2240928397396,0.009209478341889154,400,True
2024-11-28,1521.85864304201,0.011051211764015823,400,True
2024-11-29,1539.2781162116614,0.01144618342136685,400,True
2024-12-02,1572.0842141827636,0.021312651447187272,400,True
2024-12-03,1582.8761227447153,0.006864714030324237,400,True
2024-12-04,1560.4336565180256,-0.014178283381882347,400,True
2024-12-05,1586.3915119016951,0.016635026599972437,400,True
2024-12-06,1598.699206425576,0.007758295749532137,400,True
2024-12-09,1611.4248380366444,0.007959991197794426,400,True
2024-12-10,1613.2299666093402,0.0011202064968138922,400,True
2024-12-11,1636.1195409330533,0.014188661751567846,400,True
2024-12-12,1665.7905806729461,0.018135007251959,400,True
2024-12-13,1644.5830191737903,-0.012731229090386794,400,True
2024-12-16,1651.9463515732798,0.004477324837750612,400,True
2024-12-17,1556.5102321232137,-0.05777192422694275,400,True
2024-12-18,1555.290991215851,-0.0007833169883499638,400,True
2024-12-19,1552.9786233496775,-0.001486775066038101,400,True
2024-12-20,1578.4422079502422,0.01639660985522227,400,True
2024-12-23,1474.6656105257716,-0.06574621288113827,400,True
2024-12-24,1472.8561751850968,-0.0012270139940604551,400,True
2024-12-25,1429.0518610196807,-0.029741066984976333,400,True
2024-12-26,1454.6726485575139,0.017928521865925803,400,True
2024-12-27,1475.4952497934435,0.014314286624264073,400,True
2024-12-30,1452.3948320408747,-0.015656043457817095,400,True
2024-12-31,1428.2544704606303,-0.01662107372436931,400,True
2025-01-02,1414.4220119049044,-0.009684869777627678,400,True
2025-01-03,1347.3304295399096,-0.04743392127688804,400,True
2025-01-06,1340.5145192164646,-0.005058826086019884,400,True
2025-01-07,1388.3597736113445,0.03569170919748458,400,True
2025-01-08,1385.8694245161673,-0.0017937346950779548,400,True
2025-01-09,1391.4804135027007,0.004048714032703546,400,True
2025-01-10,1350.7088714780991,-0.02930083789104108,400,True
2025-01-13,1362.1731261082582,0.008487583721585822,400,True
2025-01-14,1435.2628367127243,0.0536566969378437,400,True
2025-01-15,1434.5146662137217,-0.0005212776920471082,400,True
2025-01-16,1444.1412506938495,0.006710690874661127,400,True
2025-01-17,1438.905269128389,-0.003625671355170355,400,True
2025-01-20,1466.810141520214,0.01939312683782749,400,True
2025-01-21,1456.761789862811,-0.006850478717708485,400,True
2025-01-22,1443.9999188573704,-0.008760437769748445,400,True
2025-01-23,1448.9736908778978,0.003444440650982101,400,True
2025-01-24,1465.0893670400844,0.01112213166025297,400,True
2025-01-27,1464.7733209574158,-0.00021571795535393985,400,True
2025-02-05,1492.0163475768263,0.018598800394318844,400,True
2025-02-06,1514.2353017471423,0.014891897268017066,400,True
2025-02-07,1527.5503770015678,0.008793266963900922,400,True
2025-02-10,1561.6214619673458,0.022304393674175447,400,True
2025-02-11,1563.6504816879715,0.0012993031730426192,400,True
2025-02-12,1572.3788544092156,0.005582048433113888,400,True
2025-02-13,1550.3160774752787,-0.014031463773548707,400,True
2025-02-14,1556.4587235469178,0.0039621894921211785,400,True
2025-02-17,1588.454202312922,0.020556586745257045,400,True
2025-02-18,1548.9944501199984,-0.024841605213085077,400,True
2025-02-19,1580.7548164934549,0.020503860663281238,400,True
2025-02-20,1601.7565827314231,0.013285910008837299,400,True
2025-02-21,1597.9381677158287,-0.0023838921948321633,400,True
2025-02-24,1612.8942341452203,0.009359602725286038,400,True
2025-02-25,1605.7250570116753,-0.004444914602441018,400,True
2025-02-26,1625.957142895374,0.01259996896439513,400,True
2025-02-27,1622.798170439282,-0.0019428386965148602,400,True
2025-02-28,1578.7757641732435,-0.027127468509606477,400,True
2025-03-03,1591.5148427917825,0.008068960081364256,400,True
2025-03-04,1618.4186820035993,0.016904548099986896,400,True
2025-03-05,1614.9928687460533,-0.0021167657637916333,400,True
2025-03-06,1643.5362785751197,0.01767401601669518,400,True
2025-03-07,1638.6496872944967,-0.002973217777011528,400,True
2025-03-10,1660.4227461853377,0.013287195585280723,400,True
2025-03-11,1672.1772411791426,0.00707921824174582,400,True
2025-03-12,1684.2666216591924,0.00722972432726384,400,True
2025-03-13,1674.2290470438788,-0.005959611433387767,400,True
2025-03-14,1705.9210293615681,0.018929299054777915,400,True
2025-03-17,1721.5184285387943,0.009143095670180856,400,True
2025-03-18,1734.832138011256,0.007733701395088967,400,True
2025-03-19,1728.6423640357489,-0.0035679382690032837,400,True
2025-03-20,1735.9698226746966,0.00423885170894512,400,True
2025-03-21,1713.9097334137484,-0.012707645589690567,400,True
2025-03-24,1655.2825801565602,-0.034206675015734475,400,True
2025-03-25,1652.17514645537,-0.0018772829113542725,400,True
2025-03-26,1691.3126094797137,0.02368844677775873,400,True
2025-03-27,1675.3805085613235,-0.009419962240623993,400,True
2025-03-28,1641.8957886487135,-0.01998633727771122,400,True
2025-03-31,1624.9786274388784,-0.010303431756626841,400,True
2025-04-01,1658.9024766915209,0.020876489499501702,400,True
2025-04-02,1666.6534358008007,0.004672341634415099,400,True
2025-04-03,1668.2781796081624,0.0009748540233148461,400,True
2025-04-07,1452.5306840157343,-0.1293234535040803,400,True
2025-04-08,1458.4972873413158,0.0041077296274981455,400,True
2025-04-09,1505.1697228669352,0.03200035812935817,400,True
2025-04-10,1559.1655869482745,0.035873604990201285,400,True
2025-04-11,1566.8947286868358,0.004957229561286908,400,True
2025-04-14,1604.9790622531125,0.02430561088056891,400,True
2025-04-15,1618.0281678538797,0.008130389926986684,400,True
2025-04-16,1594.8201828509923,-0.014343375142640488,400,True
2025-04-17,1617.567457423402,0.014263222159469579,400,True
2025-04-18,1611.75636586806,-0.0035924879229447043,400,True
2025-04-21,1636.83660740955,0.015560814321947765,400,True
2025-04-22,1650.9854587319455,0.008644021802999306,400,True
2025-04-23,1661.1218570092806,0.00613960481827645,400,True
2025-04-24,1651.4874083224347,-0.005799965033385295,400,True
2025-04-25,1655.3945163102292,0.002365811551517295,400,True
2025-04-28,1639.5272676467744,-0.009585176528687494,400,True
2025-04-29,1676.062937902768,0.022284271190215404,400,True
2025-04-30,1697.170368777939,0.01259345958784968,400,True
2025-05-06,1749.9866246138092,0.03112018498997287,400,True
2025-05-07,1770.4451231006099,0.011690659916509569,400,True
2025-05-08,1799.7692054235097,0.01656311282416044,400,True
2025-05-09,1786.7593101367943,-0.007228646455062534,400,True
2025-05-12,1804.2503799196832,0.009789270263575659,400,True
2025-05-13,1803.0178959719383,-0.0006831002844515614,400,True
2025-05-14,1800.5831746333915,-0.0013503589420749,400,True
2025-05-15,1807.7330362765047,0.003970858854975682,400,True
2025-05-16,1818.825379367556,0.006136051545475381,400,True
2025-05-19,1845.1466805853106,0.01447159332409758,400,True
2025-05-20,1875.6356619248895,0.01652387946193374,400,True
2025-05-21,1860.8183968150402,-0.0078998631827265,400,True
2025-05-22,1833.2283755718634,-0.014826820978554103,400,True
2025-05-23,1816.5375388459488,-0.009104613995900982,400,True
2025-05-26,1836.7751437749569,0.011140757895851122,400,True
2025-05-27,1851.3758351033216,0.007949090218172847,400,True
2025-05-28,1841.5282590685774,-0.005319058317618447,400,True
2025-05-29,1874.9075564595107,0.01812586759207057,400,True
2025-05-30,1852.6161034414229,-0.011889361126786376,400,True
2025-06-03,1880.0899363326375,0.014829749585021618,400,True
2025-06-04,1904.1950366768895,0.012821248536265244,400,True
2025-06-05,1908.5861003493992,0.002305994705338929,400,True
2025-06-06,1927.9938016146787,0.010168627583385617,400,True
2025-06-09,1952.926608720242,0.012931995468389126,400,True
2025-06-10,1936.8408800899863,-0.008236729715509771,400,True
2025-06-11,1949.187645688712,0.006374692792601699,400,True
2025-06-12,1959.999925072675,0.0055470695229769005,400,True
2025-06-13,1924.9477949500504,-0.017883740542145653,400,True
2025-06-16,1950.8823543537083,0.013472863768926792,400,True
2025-06-17,1945.5378031766961,-0.0027395558553722256,400,True
2025-06-18,1934.590127341669,-0.0056270691924627195,400,True
2025-06-19,1893.5056152182967,-0.021236804397335867,400,True
2025-06-20,1881.943130065536,-0.006106390738866419,400,True
2025-06-23,1927.5269018371653,0.024221652101698795,400,True
2025-06-24,1972.5017814961996,0.023332945245105458,400,True
2025-06-25,1978.9029836188251,0.0032452199448812506,400,True
2025-06-26,1981.6669130374758,0.0013966977873752539,400,True
2025-06-27,1993.2588376167112,0.0058495827441895345,400,True
2025-06-30,2024.3092670876692,0.015577720707905746,400,True
2025-07-01,2034.8112166738067,0.005187917556316065,400,True
2025-07-02,2040.2668447073665,0.00268114702182444,400,True
2025-07-03,2052.7579651415635,0.006122297417418569,400,True
2025-07-04,2024.1055129892209,-0.013958027511717253,400,True
2025-07-07,2057.2551564018677,0.01637742854802625,400,True
2025-07-08,2076.1846126446344,0.009201316707779844,400,True
2025-07-09,2079.381974731757,0.0015400181985983793,400,True
2025-07-10,2085.185913567156,0.0027911845471044823,400,True
2025-07-11,2084.99939389439,-8.944990063117184e-05,400,True
2025-07-14,2113.60303780754,0.013718778047088048,400,True
2025-07-15,2080.2723343443395,-0.01576961371979048,400,True
2025-07-16,2102.7464476172872,0.010803447655343103,400,True
2025-07-17,2117.193285442705,0.006870461173189935,400,True
2025-07-18,2128.7347095852874,0.005451285067801062,400,True
2025-07-21,2168.897167142666,0.01886682139232043,400,True
2025-07-22,2166.5561689704987,-0.001079349545765372,400,True
2025-07-23,2158.4088547125866,-0.0037604906692926,400,True
2025-07-24,2188.1021571096444,0.013757033257265688,400,True
2025-07-25,2204.3833570751467,0.007440786031219237,400,True
2025-07-28,2229.0418125827982,0.011186101287014437,400,True
2025-07-29,2226.82518573338,-0.0009944303587782605,400,True
2025-07-30,2224.525731389191,-0.001032615563592824,400,True
2025-07-31,2194.8440184099,-0.01334293982778768,400,True
2025-08-01,2232.354560932318,0.017090299906411036,400,True
2025-08-04,2265.7321088646736,0.014951723402941965,400,True
2025-08-05,2293.921173781253,0.012441481853167714,400,True
2025-08-06,2308.326615066657,0.006279832737956657,400,True
2025-08-07,2308.9654424364494,0.00027674912450543874,400,True
2025-08-08,2328.2810913800504,0.008365499365472932,400,True
2025-08-11,2364.8106057360606,0.015689477740145907,400,True
2025-08-12,2357.828432578519,-0.002952529534756637,400,True
2025-08-13,2350.69803081244,-0.003024139359572251,400,True
2025-08-14,2289.6200356067184,-0.025982918437470214,400,True
2025-08-15,2313.9200141904253,0.0106131053213236,400,True
2025-08-18,2337.21755192385,0.010068428290757487,400,True
2025-08-19,2372.6270244668267,0.015150268109971133,400,True
2025-08-20,2388.763444383858,0.006801077350392787,400,True
2025-08-21,2397.0624638165837,0.003474190570120026,400,True
2025-08-22,2388.2714427261944,-0.003667414271880168,400,True
2025-08-25,2393.7126283828866,0.0022782944850191964,400,True
2025-08-26,2417.4366264237733,0.009910963312632023,400,True
2025-08-27,2328.6807209750928,-0.03671488405467784,400,True
2025-08-28,2319.431027029698,-0.003972074772672957,400,True
2025-08-29,2297.5645094159677,-0.009427535183804448,400,True
2025-09-01,2330.5577505894807,0.014360093498266897,400,True
2025-09-02,2305.5350150190256,-0.01073680133612907,400,True
2025-09-03,2249.982077370132,-0.02409546473465082,400,True
2025-09-04,2271.1237522037677,0.009396374773947828,400,True
2025-09-05,2308.878775892906,0.016623939427564367,400,True
2025-09-08,2355.0331758588504,0.019989962421520024,400,True
2025-09-09,2342.6950060844724,-0.0052390641035781884,400,True
2025-09-10,2360.1749361197258,0.0074614621151512005,400,True
2025-09-11,2376.897391486284,0.007085260973939167,400,True
2025-09-12,2368.4090207990935,-0.003571197779758886,400,True
2025-09-15,2367.5778027085757,-0.0003509605322468176,400,True
2025-09-16,2403.5323991389646,0.015186236494216103,400,True
2025-09-17,2400.5313548932295,-0.00124859737560024,400,True
2025-09-18,2355.643351859858,-0.01869919463533458,400,True
2025-09-19,2336.902550585908,-0.007955704015700575,400,True
2025-09-22,2323.3606593174427,-0.005794803580949559,400,True
2025-09-23,2296.024904284201,-0.011765609839185481,400,True
2025-09-24,2347.583878822213,0.022455755789846547,400,True
2025-09-25,2325.026429041784,-0.00960879395361426,400,True
2025-09-26,2333.618101228552,0.003695300870325553,400,True
2025-09-29,2363.93589701112,0.012991755491871839,400,True
2025-09-30,2365.3192722903095,0.0005851999967252902,400,True
2025-10-09,2362.2047913991305,-0.0013167274826976383,400,True
2025-10-10,2379.3629254681014,0.007263609883209376,400,True
2025-10-13,2375.7762860218318,-0.0015073948609853152,400,True
2025-10-14,2371.176542676968,-0.0019361012111818406,400,True
2025-10-15,2394.740612701803,0.009937712186639842,400,True
2025-10-16,2368.2776989418417,-0.01105043010487273,400,True
2025-10-17,2344.5237490522118,-0.010030052599086276,400,True
2025-10-20,2395.3870831840536,0.021694527151795134,400,True
2025-10-21,2448.70712491108,0.02225946783354577,400,True
2025-10-22,2465.2032845112917,0.006736681341918801,400,True
2025-10-23,2480.8441414299327,0.0063446519874898934,400,True
2025-10-24,2490.5008767211953,0.003892519941094239,400,True
2025-10-27,2498.8596205941453,0.003356250122647945,400,True
2025-10-28,2510.133015508523,0.004511415856044347,400,True
2025-10-29,2479.4666501629886,-0.01221702800451864,400,True
2025-10-30,2462.5794796197865,-0.006810807696119643,400,True
2025-10-31,2505.031317554523,0.017238768651353813,400,True
2025-11-03,2538.286422072735,0.01327532485728627,400,True
2025-11-04,2544.719514779202,0.002534423479763971,400,True
2025-11-05,2576.0352318299056,0.012306156678104698,400,True
2025-11-06,2577.8109974797917,0.0006893405912870823,400,True
2025-11-07,2582.900241508213,0.0019742502586097546,400,True
2025-11-10,2602.102392526444,0.00743433707180968,400,True
2025-11-11,2621.888570882329,0.007603919973600326,400,True
2025-11-12,2614.2936317525277,-0.0028967436733001502,400,True
2025-11-13,2641.2292117529983,0.010303196118950768,400,True
2025-11-14,2662.9720965782503,0.008232108265537962,400,True
2025-11-17,2680.906589229231,0.006734765517830634,400,True
2025-11-18,2655.1781364162684,-0.009596922517303907,400,True
2025-11-19,2599.297863244777,-0.02104577180908623,400,True
2025-11-20,2579.622430105877,-0.0075695184523172365,400,True
2025-11-21,2451.0851047284896,-0.04982796081987539,400,True
2025-11-24,2500.511649911312,0.02016516892353981,400,True
2025-11-25,2542.23133599543,0.016684459792698045,400,True
2025-11-26,2517.980720678198,-0.009539106443173802,400,True
2025-11-27,2545.7270799819703,0.011019289812631828,400,True
2025-11-28,2587.7589848070284,0.016510766277960987,400,True
2025-12-01,2584.8714741685785,-0.0011158344557597908,400,True
2025-12-02,2576.119511669067,-0.003385840490319437,400,True
2025-12-03,2554.048850170228,-0.008567405898237708,400,True
2025-12-04,2509.7771999892593,-0.01733390893365963,400,True
2025-12-05,2553.221137091419,0.017309877985323224,400,True
2025-12-08,2581.871103874515,0.011221106690246776,400,True
2025-12-09,2559.034355732541,-0.008845038045355575,400,True
2025-12-10,2533.1511989890073,-0.010114423311884014,400,True
2025-12-11,2464.091992078284,-0.02726217327188574,400,True
2025-12-12,2430.4636838282195,-0.013647342858211037,400,True
2025-12-15,2445.0941219856704,0.006019607803564018,400,True
2025-12-16,2401.611112417741,-0.017783777392019817,400,True
2025-12-17,2405.2282421370446,0.0015061263251994316,400,True
2025-12-18,2447.434816322881,0.01754784574969741,400,True
2025-12-19,2505.877310569982,0.023879081010585414,400,True
2025-12-22,2504.7465843543528,-0.0004512296794657861,400,True
2025-12-23,2486.3717464409806,-0.007336006775355498,400,True
2025-12-24,2513.02952586854,0.010721558216593065,400,True
2025-12-25,2537.6866995409596,0.009811732579583374,400,True
2025-12-26,2520.533704676163,-0.0067593036082426615,400,True
2025-12-29,2526.247401615944,0.002266859962705836,400,True
2025-12-30,2504.8364019968067,-0.008475416780415582,400,True
2025-12-31,2514.254697634327,0.003760044220856934,400,True
2026-01-05,2548.2369076397003,0.013515818440091814,400,True
2026-01-06,2555.4563304590984,0.0028331050373512122,400,True
2026-01-07,2544.168307753801,-0.004417223871428593,400,True
2026-01-08,2592.399674232636,0.018957616259836777,400,True
2026-01-09,2623.5854689058115,0.012029701663346623,400,True
2026-01-12,2667.833097883536,0.016865327812696916,400,True
2026-01-13,2670.535639049226,0.0010130098347734331,400,True
2026-01-14,2683.489310100876,0.004850589096149197,400,True
2026-01-15,2679.5978455992054,-0.00145015092365858,400,True
2026-01-16,2671.74386573088,-0.0029310293263686057,400,True
2026-01-19,2717.401459321622,0.017089060885053135,400,True
2026-01-20,2723.8482798795394,0.002372421099504009,400,True
2026-01-21,2755.47974020635,0.011612783487415628,400,True
2026-01-22,2788.1338796746386,0.011850618602567961,400,True
2026-01-23,2815.308067506073,0.009746371230425026,400,True
2026-01-26,2792.349401731217,-0.008154939077482118,400,True
2026-01-27,2781.261721394822,-0.00397073529892808,400,True
2026-01-28,2750.769854576853,-0.010963321640466548,400,True
2026-01-29,2737.838160124487,-0.0047011182817966,400,True
2026-01-30,2778.7247050475726,0.014933879408426004,400,True
2026-02-02,2741.1053175144584,-0.01353836436721438,400,True
2026-02-03,2790.5621049177903,0.018042643997414044,400,True
2026-02-04,2815.3182719938095,0.008871390832833118,400,True
2026-02-05,2818.720697723573,0.0012085403499882516,400,True
2026-02-06,2845.520999647777,0.00950796648488384,400,True
2026-02-09,2893.776628528958,0.01695845115434181,400,True
2026-02-10,2899.1791907604284,0.0018669589691920495,400,True
2026-02-11,2893.2078492118176,-0.0020596662557599657,400,True
2026-02-12,2863.565296192883,-0.010245566362268014,400,True
2026-02-13,2865.829533933153,0.0007907058181212667,400,True
2026-02-24,2926.8951611310067,0.021308185457229612,400,True
2026-02-25,2941.78198953089,0.0050862185286234705,400,True
2026-02-26,2936.675762424473,-0.0017357598641193834,400,True
2026-02-27,2953.625784183665,0.005771839702588937,400,True
2026-03-02,2864.340232732986,-0.030229134621180875,400,True
2026-03-03,2789.960651267215,-0.02596743941790821,400,True
2026-03-04,2771.172694643104,-0.006734129607017063,400,True
2026-03-05,2806.752030669174,0.01283909014217966,400,True
2026-03-06,2901.578201743747,0.03378501913899565,400,True
2026-03-09,2875.4877684337416,-0.008991807732194063,400,True
2026-03-10,2951.4242214113688,0.02640819891888777,400,True
2026-03-11,2929.405303737163,-0.007460438087641783,400,True
2026-03-12,2892.9997264991334,-0.012427634097468743,400,True
2026-03-13,2888.8470041671085,-0.0014354382041543738,400,True
2026-03-16,2896.5708552110696,0.0026736795104827155,400,True
2026-03-17,2829.885008135186,-0.023022342766417205,400,True
2026-03-18,2877.587400232727,0.016856653878305494,400,True
