symbol,year_query,retrieved_at_utc,url,http_status,body_sha256,rows
sh600385,2010,2026-09-26T12:44:28+00:00,https://proxy.finance.qq.com/ifzqgtimg/appstock/app/newfqkline/get?_var=kline_day2010&param=sh600385%2Cday%2C2010-01-01%2C2011-12-31%2C640%2C&r=0.8205512681390605,200,e992977f02c0b482d0aa20118c68fdd5cd0b32a981b53b0fbe67e9e02e03ea22,640
sh600385,2011,2026-09-26T12:44:30+00:00,https://proxy.finance.qq.com/ifzqgtimg/appstock/app/newfqkline/get?_var=kline_day2011&param=sh600385%2Cday%2C2011-01-01%2C2012-12-31%2C640%2C&r=0.8205512681390605,200,cbced09eaf4030e234bc80a87f4d084251d539ee9857f9ee75fc5ba0c59e079d,640
sh600385,2012,2026-09-26T12:44:30+00:00,https://proxy.finance.qq.com/ifzqgtimg/appstock/app/newfqkline/get?_var=kline_day2012&param=sh600385%2Cday%2C2012-01-01%2C2013-12-31%2C640%2C&r=0.8205512681390605,200,3ef7c4222f1a0a09454e4b9e07be73f7e9720f95444814f617d890d87c7df34e,640
sh600385,2013,2026-09-26T12:44:31+00:00,https://proxy.finance.qq.com/ifzqgtimg/appstock/app/newfqkline/get?_var=kline_day2013&param=sh600385%2Cday%2C2013-01-01%2C2014-12-31%2C640%2C&r=0.8205512681390605,200,3bf7fb5abc4a1b3f1f393d565786ce4ff7641555c4fdbbab60bf8a7c90a83d95,640
sh600385,2014,2026-09-26T12:44:31+00:00,https://proxy.finance.qq.com/ifzqgtimg/appstock/app/newfqkline/get?_var=kline_day2014&param=sh600385%2Cday%2C2014-01-01%2C2015-12-31%2C640%2C&r=0.8205512681390605,200,d1bbbef7dd31eb000eb4eecbce95c3564b8ddb062a8dc8e8ff37bf0528be73f4,640
sh600385,2015,2026-09-26T12:44:32+00:00,https://proxy.finance.qq.com/ifzqgtimg/appstock/app/newfqkline/get?_var=kline_day2015&param=sh600385%2Cday%2C2015-01-01%2C2016-12-31%2C640%2C&r=0.8205512681390605,200,877146213d7ca99cfe603e58fcdbda4982d2dcaba935d80fa58041419cb7c1ac,640
sh600385,2016,2026-09-26T12:44:32+00:00,https://proxy.finance.qq.com/ifzqgtimg/appstock/app/newfqkline/get?_var=kline_day2016&param=sh600385%2Cday%2C2016-01-01%2C2017-12-31%2C640%2C&r=0.8205512681390605,200,9078c38f3e2132236a5e6ef26ae1de65025b8930d9930f960c691adfd1e715b5,640
sh600385,2017,2026-09-26T12:44:33+00:00,https://proxy.finance.qq.com/ifzqgtimg/appstock/app/newfqkline/get?_var=kline_day2017&param=sh600385%2Cday%2C2017-01-01%2C2018-12-31%2C640%2C&r=0.8205512681390605,200,b15036f66933c462c01ab067d38e4f40c877a48562c224cb29a142241e91c5fd,640
sh600385,2018,2026-09-26T12:44:33+00:00,https://proxy.finance.qq.com/ifzqgtimg/appstock/app/newfqkline/get?_var=kline_day2018&param=sh600385%2Cday%2C2018-01-01%2C2019-12-31%2C640%2C&r=0.8205512681390605,200,771c78f6716f88c018eefd9e67bb142c547a5327cb717ee649abf5fb38fc9d8f,640
sh600385,2019,2026-09-26T12:44:34+00:00,https://proxy.finance.qq.com/ifzqgtimg/appstock/app/newfqkline/get?_var=kline_day2019&param=sh600385%2Cday%2C2019-01-01%2C2020-12-31%2C640%2C&r=0.8205512681390605,200,e867475abce49b50043e810981f07f4b9b30233d1aebe577c367dacb0867e916,640
sh600385,2020,2026-09-26T12:44:34+00:00,https://proxy.finance.qq.com/ifzqgtimg/appstock/app/newfqkline/get?_var=kline_day2020&param=sh600385%2Cday%2C2020-01-01%2C2021-12-31%2C640%2C&r=0.8205512681390605,200,a125702f9b91f7efdae0bc315747746740e842790a40732daa0e760e7df873fe,640
sh600385,2021,2026-09-26T12:44:35+00:00,https://proxy.finance.qq.com/ifzqgtimg/appstock/app/newfqkline/get?_var=kline_day2021&param=sh600385%2Cday%2C2021-01-01%2C2022-12-31%2C640%2C&r=0.8205512681390605,200,3bfd6cd4f53389d6bdf1fd919d453a19c0cb4da89927e1f6c369226ba8a3f5bc,640
sh600385,2022,2026-09-26T12:44:35+00:00,https://proxy.finance.qq.com/ifzqgtimg/appstock/app/newfqkline/get?_var=kline_day2022&param=sh600385%2Cday%2C2022-01-01%2C2023-12-31%2C640%2C&r=0.8205512681390605,200,f974336de872dab9dd9e116d4673d0d22bcd5526b819b01861eaefb84b883240,640
sh600385,2023,2026-09-26T12:44:36+00:00,https://proxy.finance.qq.com/ifzqgtimg/appstock/app/newfqkline/get?_var=kline_day2023&param=sh600385%2Cday%2C2023-01-01%2C2024-12-31%2C640%2C&r=0.8205512681390605,200,87e01b909af669f9ace4c97dcfee8ae39bfb3039366067fa08766f5ed09173f7,640
sz000023,2010,2026-09-26T12:44:28+00:00,https://proxy.finance.qq.com/ifzqgtimg/appstock/app/newfqkline/get?_var=kline_day2010&param=sz000023%2Cday%2C2010-01-01%2C2011-12-31%2C640%2C&r=0.8205512681390605,200,2874cad450508190d211cc7c16921eb414500d9bbe639da76f886534b567bcaa,640
sz000023,2011,2026-09-26T12:44:30+00:00,https://proxy.finance.qq.com/ifzqgtimg/appstock/app/newfqkline/get?_var=kline_day2011&param=sz000023%2Cday%2C2011-01-01%2C2012-12-31%2C640%2C&r=0.8205512681390605,200,8a95ff1e65501140dc1a299fe164296926e11d8dee5ce7d73ee64bf2d0ef2ae0,640
sz000023,2012,2026-09-26T12:44:30+00:00,https://proxy.finance.qq.com/ifzqgtimg/appstock/app/newfqkline/get?_var=kline_day2012&param=sz000023%2Cday%2C2012-01-01%2C2013-12-31%2C640%2C&r=0.8205512681390605,200,84d1ec02a8281b16425b29139b310624f463b69a2b199f18470e94de0c3f9273,640
sz000023,2013,2026-09-26T12:44:31+00:00,https://proxy.finance.qq.com/ifzqgtimg/appstock/app/newfqkline/get?_var=kline_day2013&param=sz000023%2Cday%2C2013-01-01%2C2014-12-31%2C640%2C&r=0.8205512681390605,200,8790c4cff5dfb1bceff23bc6d96ebffa75c1a581679cebef6731f0eac859ba5a,640
sz000023,2014,2026-09-26T12:44:31+00:00,https://proxy.finance.qq.com/ifzqgtimg/appstock/app/newfqkline/get?_var=kline_day2014&param=sz000023%2Cday%2C2014-01-01%2C2015-12-31%2C640%2C&r=0.8205512681390605,200,536cbf2cab32794fa66c83c902b254984403de765b596f6cfba412e940b4f6dd,640
sz000023,2015,2026-09-26T12:44:32+00:00,https://proxy.finance.qq.com/ifzqgtimg/appstock/app/newfqkline/get?_var=kline_day2015&param=sz000023%2Cday%2C2015-01-01%2C2016-12-31%2C640%2C&r=0.8205512681390605,200,c13558e148a19601bb3fd005e5cf67e3ffadbe7b39475bf4e2786ef4a98af50f,640
sz000023,2016,2026-09-26T12:44:32+00:00,https://proxy.finance.qq.com/ifzqgtimg/appstock/app/newfqkline/get?_var=kline_day2016&param=sz000023%2Cday%2C2016-01-01%2C2017-12-31%2C640%2C&r=0.8205512681390605,200,06054599d4dfe85519b6d061a3b21c05acf88a23d5dc275cc00c66bff1ab864b,640
sz000023,2017,2026-09-26T12:44:33+00:00,https://proxy.finance.qq.com/ifzqgtimg/appstock/app/newfqkline/get?_var=kline_day2017&param=sz000023%2Cday%2C2017-01-01%2C2018-12-31%2C640%2C&r=0.8205512681390605,200,a0e2fbb2d9bfc86396aa52b04dc1d6be1f4bef75515c725a979c0ba711bf3dd8,640
sz000023,2018,2026-09-26T12:44:33+00:00,https://proxy.finance.qq.com/ifzqgtimg/appstock/app/newfqkline/get?_var=kline_day2018&param=sz000023%2Cday%2C2018-01-01%2C2019-12-31%2C640%2C&r=0.8205512681390605,200,80b9520ab72a70445f3be083c3143bda85017228ba0131a457bd17d600137d3d,640
sz000023,2019,2026-09-26T12:44:34+00:00,https://proxy.finance.qq.com/ifzqgtimg/appstock/app/newfqkline/get?_var=kline_day2019&param=sz000023%2Cday%2C2019-01-01%2C2020-12-31%2C640%2C&r=0.8205512681390605,200,f814e1a9951b61b54594891fa115e00e98130fca8ad44fe9fa8c889cf3efb181,640
sz000023,2020,2026-09-26T12:44:34+00:00,https://proxy.finance.qq.com/ifzqgtimg/appstock/app/newfqkline/get?_var=kline_day2020&param=sz000023%2Cday%2C2020-01-01%2C2021-12-31%2C640%2C&r=0.8205512681390605,200,8fedc1458c249f5c00d773e2e1c2ca9a0254786a93a59c8cf25217a3abcea9f9,640
sz000023,2021,2026-09-26T12:44:35+00:00,https://proxy.finance.qq.com/ifzqgtimg/appstock/app/newfqkline/get?_var=kline_day2021&param=sz000023%2Cday%2C2021-01-01%2C2022-12-31%2C640%2C&r=0.8205512681390605,200,ff41f6d3994fe4269de2fdd0d9dde9a431f38b312bb3e8b23106928f1c4edf9f,640
sz000023,2022,2026-09-26T12:44:35+00:00,https://proxy.finance.qq.com/ifzqgtimg/appstock/app/newfqkline/get?_var=kline_day2022&param=sz000023%2Cday%2C2022-01-01%2C2023-12-31%2C640%2C&r=0.8205512681390605,200,7b6588d24aea9afb301a2c277030f21794bb356430e973dd020e8e06675c0040,640
sz000023,2023,2026-09-26T12:44:36+00:00,https://proxy.finance.qq.com/ifzqgtimg/appstock/app/newfqkline/get?_var=kline_day2023&param=sz000023%2Cday%2C2023-01-01%2C2024-12-31%2C640%2C&r=0.8205512681390605,200,c5d76959e04201c5cde7c6517c1912fd447f7485b27c3aec0cd3fc4d7ced7503,640
sz000023,2024,2026-09-26T12:44:36+00:00,https://proxy.finance.qq.com/ifzqgtimg/appstock/app/newfqkline/get?_var=kline_day2024&param=sz000023%2Cday%2C2024-01-01%2C2025-12-31%2C640%2C&r=0.8205512681390605,200,9f88295cb9cbf4e8eeea64400652ce5ea36c531c17639b847a6ad1dd2f2b3285,640
sz000023,2025,2026-09-26T12:44:37+00:00,https://proxy.finance.qq.com/ifzqgtimg/appstock/app/newfqkline/get?_var=kline_day2025&param=sz000023%2Cday%2C2025-01-01%2C2026-12-31%2C640%2C&r=0.8205512681390605,200,005ed75c7a2fc092adfc98ef8a0d5c82a2715f6aa2c441dff9aa825092a0593d,640
sh600898,2010,2026-09-26T12:44:28+00:00,https://proxy.finance.qq.com/ifzqgtimg/appstock/app/newfqkline/get?_var=kline_day2010&param=sh600898%2Cday%2C2010-01-01%2C2011-12-31%2C640%2C&r=0.8205512681390605,200,02f11050996dc2a4830c73fa534cd523d00917f3eab08a271f0411691f6f2244,640
sh600898,2011,2026-09-26T12:44:30+00:00,https://proxy.finance.qq.com/ifzqgtimg/appstock/app/newfqkline/get?_var=kline_day2011&param=sh600898%2Cday%2C2011-01-01%2C2012-12-31%2C640%2C&r=0.8205512681390605,200,761fb3af60c4ead4dd547f0c339dc327917e5e64849d13aace77205a458f3166,640
sh600898,2012,2026-09-26T12:44:30+00:00,https://proxy.finance.qq.com/ifzqgtimg/appstock/app/newfqkline/get?_var=kline_day2012&param=sh600898%2Cday%2C2012-01-01%2C2013-12-31%2C640%2C&r=0.8205512681390605,200,a789af22f33f6f909c3d4bad68e957cd08efcfb2a7ccb2bbdc9363ad260ad73e,640
sh600898,2013,2026-09-26T12:44:31+00:00,https://proxy.finance.qq.com/ifzqgtimg/appstock/app/newfqkline/get?_var=kline_day2013&param=sh600898%2Cday%2C2013-01-01%2C2014-12-31%2C640%2C&r=0.8205512681390605,200,08ea8c07be9f6c0fbcfb020ef7fb21b1baed175dced8c676d3a1751f06350b12,640
sh600898,2014,2026-09-26T12:44:31+00:00,https://proxy.finance.qq.com/ifzqgtimg/appstock/app/newfqkline/get?_var=kline_day2014&param=sh600898%2Cday%2C2014-01-01%2C2015-12-31%2C640%2C&r=0.8205512681390605,200,4a4c4cd391fb74f02c0d1211fd1e3236d26e131081c5e4be96be21fce542356f,640
sh600898,2015,2026-09-26T12:44:32+00:00,https://proxy.finance.qq.com/ifzqgtimg/appstock/app/newfqkline/get?_var=kline_day2015&param=sh600898%2Cday%2C2015-01-01%2C2016-12-31%2C640%2C&r=0.8205512681390605,200,35e8f2a732c731b9e958574115b7985253cb7f6042eeb1707a6b301e744d90be,640
sh600898,2016,2026-09-26T12:44:32+00:00,https://proxy.finance.qq.com/ifzqgtimg/appstock/app/newfqkline/get?_var=kline_day2016&param=sh600898%2Cday%2C2016-01-01%2C2017-12-31%2C640%2C&r=0.8205512681390605,200,1ce5e9d119fe0742e98356b725dbef011a7cef369d9a9d66333f1372710fb0cb,640
sh600898,2017,2026-09-26T12:44:33+00:00,https://proxy.finance.qq.com/ifzqgtimg/appstock/app/newfqkline/get?_var=kline_day2017&param=sh600898%2Cday%2C2017-01-01%2C2018-12-31%2C640%2C&r=0.8205512681390605,200,bd802c76ff89e268f48573061ac529d2ba9d5c327403e99e88042e2774dfb3ae,640
sh600898,2018,2026-09-26T12:44:33+00:00,https://proxy.finance.qq.com/ifzqgtimg/appstock/app/newfqkline/get?_var=kline_day2018&param=sh600898%2Cday%2C2018-01-01%2C2019-12-31%2C640%2C&r=0.8205512681390605,200,3f5805b0e111246a1501a0c763130d4c96b7a597a4ba6efef2518c7f215e1826,640
sh600898,2019,2026-09-26T12:44:34+00:00,https://proxy.finance.qq.com/ifzqgtimg/appstock/app/newfqkline/get?_var=kline_day2019&param=sh600898%2Cday%2C2019-01-01%2C2020-12-31%2C640%2C&r=0.8205512681390605,200,851952de78072dd4167f849ec60f9e340d822f357ea87e04e9138d719f764624,640
sh600898,2020,2026-09-26T12:44:34+00:00,https://proxy.finance.qq.com/ifzqgtimg/appstock/app/newfqkline/get?_var=kline_day2020&param=sh600898%2Cday%2C2020-01-01%2C2021-12-31%2C640%2C&r=0.8205512681390605,200,9f57a6075b29c27aa2d51444fabfe6b1c15c8ba9e49d38e184f1100ea4974f03,640
sh600898,2021,2026-09-26T12:44:35+00:00,https://proxy.finance.qq.com/ifzqgtimg/appstock/app/newfqkline/get?_var=kline_day2021&param=sh600898%2Cday%2C2021-01-01%2C2022-12-31%2C640%2C&r=0.8205512681390605,200,581643e477cfaaebda750f6e80162866b4ad405653c90a4b1d917e9a5db94bdf,640
sh600898,2022,2026-09-26T12:44:35+00:00,https://proxy.finance.qq.com/ifzqgtimg/appstock/app/newfqkline/get?_var=kline_day2022&param=sh600898%2Cday%2C2022-01-01%2C2023-12-31%2C640%2C&r=0.8205512681390605,200,057c8b4ec439f978dfd7bc4dc380af8e100ac29b4d37e45e986b2b82e30b379a,640
sh600898,2023,2026-09-26T12:44:36+00:00,https://proxy.finance.qq.com/ifzqgtimg/appstock/app/newfqkline/get?_var=kline_day2023&param=sh600898%2Cday%2C2023-01-01%2C2024-12-31%2C640%2C&r=0.8205512681390605,200,0388dffc6865fc86f8ee5d69f793df2f0723cf709c5bc4c56a804500d3987846,640
sh600898,2024,2026-09-26T12:44:37+00:00,https://proxy.finance.qq.com/ifzqgtimg/appstock/app/newfqkline/get?_var=kline_day2024&param=sh600898%2Cday%2C2024-01-01%2C2025-12-31%2C640%2C&r=0.8205512681390605,200,3d65a9ee1cc3c9d8e756d06589abab3dc547789d2ab4b7bbae2ccf5ab9e3d4d9,640
sh600898,2025,2026-09-26T12:44:37+00:00,https://proxy.finance.qq.com/ifzqgtimg/appstock/app/newfqkline/get?_var=kline_day2025&param=sh600898%2Cday%2C2025-01-01%2C2026-12-31%2C640%2C&r=0.8205512681390605,200,376f7521ce6d712d8c51145c205f34df4dff52a2857101985eba2bd99fc9b841,640
sh600898,2026,2026-09-26T12:44:38+00:00,https://proxy.finance.qq.com/ifzqgtimg/appstock/app/newfqkline/get?_var=kline_day2026&param=sh600898%2Cday%2C2026-01-01%2C2027-12-31%2C640%2C&r=0.8205512681390605,200,798a889497d24c9e487110ee6135bec04f86abc0ed8361372a76887d85179967,640
