symbol,status,retrieved_started_utc,retrieved_finished_utc,sina_source_url,sina_file_sha256,tencent_file_sha256,tencent_first_request_url,tencent_last_request_url,tencent_request_count,sina_rows,tencent_rows,overlap_rows,sina_only_dates,tencent_only_dates,nonzero_price_difference_dates,over_0p01_price_difference_dates,max_abs_price_difference,first_price_difference_date,first_over_0p01_difference_date,price_difference_on_rebalance_dates
000018,checked,2026-09-26T12:44:53+00:00,2026-09-26T12:45:01+00:00,https://money.finance.sina.com.cn/quotes_service/api/json_v2.php/CN_MarketData.getKLineData?symbol=sz000018&scale=240&ma=no&datalen=6000,d23300dbee67eb0ed89999c921552b1ae5e4fb4c20b708adc2ac2e6b0c38e272,8060c272bd28206313c4c2866879618700f7b6df935475db6a680991b75f5d1c,https://proxy.finance.qq.com/ifzqgtimg/appstock/app/newfqkline/get?_var=kline_day2010&param=sz000018%2Cday%2C2010-01-01%2C2011-12-31%2C640%2C&r=0.8205512681390605,https://proxy.finance.qq.com/ifzqgtimg/appstock/app/newfqkline/get?_var=kline_day2021&param=sz000018%2Cday%2C2021-01-01%2C2022-12-31%2C640%2C&r=0.8205512681390605,12,2298,2298,2298,0,0,0,0,0.0,,,0
000023,checked,2026-09-26T12:44:53+00:00,2026-09-26T12:45:08+00:00,https://money.finance.sina.com.cn/quotes_service/api/json_v2.php/CN_MarketData.getKLineData?symbol=sz000023&scale=240&ma=no&datalen=6000,2e38369b37eb7cbd0caf60771954132c18f92dbf067198a78d83c7954bec1b29,49bb68bb93c8a7de19bb50243df36b7e7040431944889d1cee54f0cf1b455b15,https://proxy.finance.qq.com/ifzqgtimg/appstock/app/newfqkline/get?_var=kline_day2010&param=sz000023%2Cday%2C2010-01-01%2C2011-12-31%2C640%2C&r=0.8205512681390605,https://proxy.finance.qq.com/ifzqgtimg/appstock/app/newfqkline/get?_var=kline_day2025&param=sz000023%2Cday%2C2025-01-01%2C2026-12-31%2C640%2C&r=0.8205512681390605,16,3241,3241,3241,0,0,0,0,0.0,,,0
000502,checked,2026-09-26T12:44:53+00:00,2026-09-26T12:45:02+00:00,https://money.finance.sina.com.cn/quotes_service/api/json_v2.php/CN_MarketData.getKLineData?symbol=sz000502&scale=240&ma=no&datalen=6000,a3436f4a6c494a0c7420408b0c29135d0bd7c25efbd76e34fed8a9796e6a900f,b1560c5e525b32e765bccc81f5dcc5a981061514b77c3b06f6df5ec22e550f23,https://proxy.finance.qq.com/ifzqgtimg/appstock/app/newfqkline/get?_var=kline_day2010&param=sz000502%2Cday%2C2010-01-01%2C2011-12-31%2C640%2C&r=0.8205512681390605,https://proxy.finance.qq.com/ifzqgtimg/appstock/app/newfqkline/get?_var=kline_day2023&param=sz000502%2Cday%2C2023-01-01%2C2024-12-31%2C640%2C&r=0.8205512681390605,14,2707,2707,2707,0,0,0,0,0.0,,,0
000673,checked,2026-09-26T12:44:53+00:00,2026-09-26T12:45:03+00:00,https://money.finance.sina.com.cn/quotes_service/api/json_v2.php/CN_MarketData.getKLineData?symbol=sz000673&scale=240&ma=no&datalen=6000,40377f95ac6362b8e31e12241ddd3c189abae9f311d3117a69320663d5a7182c,cf787552c48e4ddc3e8fc82b9d4cb10e149c2afe65308cc5c22d380ed8709f53,https://proxy.finance.qq.com/ifzqgtimg/appstock/app/newfqkline/get?_var=kline_day2010&param=sz000673%2Cday%2C2010-01-01%2C2011-12-31%2C640%2C&r=0.8205512681390605,https://proxy.finance.qq.com/ifzqgtimg/appstock/app/newfqkline/get?_var=kline_day2023&param=sz000673%2Cday%2C2023-01-01%2C2024-12-31%2C640%2C&r=0.8205512681390605,14,2684,2684,2684,0,0,0,0,0.0,,,0
000971,checked,2026-09-26T12:44:53+00:00,2026-09-26T12:45:03+00:00,https://money.finance.sina.com.cn/quotes_service/api/json_v2.php/CN_MarketData.getKLineData?symbol=sz000971&scale=240&ma=no&datalen=6000,a1a12f9ca07e0ca52fea79d2c5933b7fb7a35fed24bd44c30a3339228bcc6e4c,c2ec60f17226d433c9f215b57748ce26721a36329d01576d8bb159cffaca37cd,https://proxy.finance.qq.com/ifzqgtimg/appstock/app/newfqkline/get?_var=kline_day2010&param=sz000971%2Cday%2C2010-01-01%2C2011-12-31%2C640%2C&r=0.8205512681390605,https://proxy.finance.qq.com/ifzqgtimg/appstock/app/newfqkline/get?_var=kline_day2025&param=sz000971%2Cday%2C2025-01-01%2C2026-12-31%2C640%2C&r=0.8205512681390605,16,3218,3218,3218,0,0,0,0,0.0,,,0
000979,checked,2026-09-26T12:44:53+00:00,2026-09-26T12:45:00+00:00,https://money.finance.sina.com.cn/quotes_service/api/json_v2.php/CN_MarketData.getKLineData?symbol=sz000979&scale=240&ma=no&datalen=6000,5f7e3329171ce5db0f92a2dc032bdf9490ffe216fda8d1e41b749a971fa96e47,ecc6fe907c8c34a5f55cc8778021825f728f6a6a82de0c86da5d4583c991afaa,https://proxy.finance.qq.com/ifzqgtimg/appstock/app/newfqkline/get?_var=kline_day2010&param=sz000979%2Cday%2C2010-01-01%2C2011-12-31%2C640%2C&r=0.8205512681390605,https://proxy.finance.qq.com/ifzqgtimg/appstock/app/newfqkline/get?_var=kline_day2019&param=sz000979%2Cday%2C2019-01-01%2C2020-12-31%2C640%2C&r=0.8205512681390605,10,1858,1858,1858,0,0,0,0,0.0,,,0
000982,checked,2026-09-26T12:44:53+00:00,2026-09-26T12:45:02+00:00,https://money.finance.sina.com.cn/quotes_service/api/json_v2.php/CN_MarketData.getKLineData?symbol=sz000982&scale=240&ma=no&datalen=6000,7b5bfd4be596e0fe8a35e1ab9912111a18ebda4308d610ef82a56e5ffa3d677d,78c2f3a86b615f351b70b9165eda1d55f7c985809467bb5870e7f80cbe1b0596,https://proxy.finance.qq.com/ifzqgtimg/appstock/app/newfqkline/get?_var=kline_day2010&param=sz000982%2Cday%2C2010-01-01%2C2011-12-31%2C640%2C&r=0.8205512681390605,https://proxy.finance.qq.com/ifzqgtimg/appstock/app/newfqkline/get?_var=kline_day2025&param=sz000982%2Cday%2C2025-01-01%2C2026-12-31%2C640%2C&r=0.8205512681390605,16,2906,2906,2906,0,0,0,0,0.0,,,0
002002,checked,2026-09-26T12:44:53+00:00,2026-09-26T12:45:04+00:00,https://money.finance.sina.com.cn/quotes_service/api/json_v2.php/CN_MarketData.getKLineData?symbol=sz002002&scale=240&ma=no&datalen=6000,6585e57b85455fadb74e1495bd59fee6fa6b7580d80be4712a25820db5465fa0,4d7ff784cd93c3922fde2d69bde0f059536a088d702a968544644dec53091023,https://proxy.finance.qq.com/ifzqgtimg/appstock/app/newfqkline/get?_var=kline_day2010&param=sz002002%2Cday%2C2010-01-01%2C2011-12-31%2C640%2C&r=0.8205512681390605,https://proxy.finance.qq.com/ifzqgtimg/appstock/app/newfqkline/get?_var=kline_day2025&param=sz002002%2Cday%2C2025-01-01%2C2026-12-31%2C640%2C&r=0.8205512681390605,16,3104,3104,3104,0,0,0,0,0.0,,,0
002013,checked,2026-09-26T12:45:00+00:00,2026-09-26T12:45:10+00:00,https://money.finance.sina.com.cn/quotes_service/api/json_v2.php/CN_MarketData.getKLineData?symbol=sz002013&scale=240&ma=no&datalen=6000,feabed18d5f93b33f2f45126875ea0bbd2aaeda086ac2c48ab864ae633d39846,2eba918dfa66cf7623d5862b33b7ff8e3bffc336fb5d19ad5334fd02d98e9fc9,https://proxy.finance.qq.com/ifzqgtimg/appstock/app/newfqkline/get?_var=kline_day2010&param=sz002013%2Cday%2C2010-01-01%2C2011-12-31%2C640%2C&r=0.8205512681390605,https://proxy.finance.qq.com/ifzqgtimg/appstock/app/newfqkline/get?_var=kline_day2024&param=sz002013%2Cday%2C2024-01-01%2C2025-12-31%2C640%2C&r=0.8205512681390605,15,3019,3019,3019,0,0,0,0,0.0,,,0
002071,checked,2026-09-26T12:45:01+00:00,2026-09-26T12:45:08+00:00,https://money.finance.sina.com.cn/quotes_service/api/json_v2.php/CN_MarketData.getKLineData?symbol=sz002071&scale=240&ma=no&datalen=6000,a51eaf925db71175dc8ca239c5281111971e9438d141808a06b9dde25637145a,1e8c2d74bb5f5159abd31113cc909cfb586c13aedec80a4bb958813794c72b02,https://proxy.finance.qq.com/ifzqgtimg/appstock/app/newfqkline/get?_var=kline_day2010&param=sz002071%2Cday%2C2010-01-01%2C2011-12-31%2C640%2C&r=0.8205512681390605,https://proxy.finance.qq.com/ifzqgtimg/appstock/app/newfqkline/get?_var=kline_day2022&param=sz002071%2Cday%2C2022-01-01%2C2023-12-31%2C640%2C&r=0.8205512681390605,13,2360,2360,2360,0,0,0,0,0.0,,,0
002113,checked,2026-09-26T12:45:02+00:00,2026-09-26T12:45:13+00:00,https://money.finance.sina.com.cn/quotes_service/api/json_v2.php/CN_MarketData.getKLineData?symbol=sz002113&scale=240&ma=no&datalen=6000,836fcfeb28a4f9f170375b7db1e2dee8caf7b54491db273a0cdd7699459d8d04,941fc04c743ae0589a0a77b2f5f9e74b5f950138b8e106e2b2697e77173144a2,https://proxy.finance.qq.com/ifzqgtimg/appstock/app/newfqkline/get?_var=kline_day2010&param=sz002113%2Cday%2C2010-01-01%2C2011-12-31%2C640%2C&r=0.8205512681390605,https://proxy.finance.qq.com/ifzqgtimg/appstock/app/newfqkline/get?_var=kline_day2024&param=sz002113%2Cday%2C2024-01-01%2C2025-12-31%2C640%2C&r=0.8205512681390605,15,2745,2745,2745,0,0,0,0,0.0,,,0
002260,checked,2026-09-26T12:45:02+00:00,2026-09-26T12:45:11+00:00,https://money.finance.sina.com.cn/quotes_service/api/json_v2.php/CN_MarketData.getKLineData?symbol=sz002260&scale=240&ma=no&datalen=6000,559eca19fda7d0a37eeccf37083494625e9684ef1a35c1e6f29e5c062794b61e,69c1db8e620857d6f31253c944b36ce81cac37e0d7477838c5a641d3eb9a2718,https://proxy.finance.qq.com/ifzqgtimg/appstock/app/newfqkline/get?_var=kline_day2010&param=sz002260%2Cday%2C2010-01-01%2C2011-12-31%2C640%2C&r=0.8205512681390605,https://proxy.finance.qq.com/ifzqgtimg/appstock/app/newfqkline/get?_var=kline_day2023&param=sz002260%2Cday%2C2023-01-01%2C2024-12-31%2C640%2C&r=0.8205512681390605,14,1885,1885,1885,0,0,0,0,0.0,,,0
600070,checked,2026-09-26T12:45:03+00:00,2026-09-26T12:45:16+00:00,https://money.finance.sina.com.cn/quotes_service/api/json_v2.php/CN_MarketData.getKLineData?symbol=sh600070&scale=240&ma=no&datalen=6000,2d91357b37bc00af8b8c34770f0c0d8a5e52923cc64a6b76686716e62c319389,ce0ef20f7cdc0a3e7084a0c7fed427ed7b4f267c14aa676fb95ded3b7a3fba84,https://proxy.finance.qq.com/ifzqgtimg/appstock/app/newfqkline/get?_var=kline_day2010&param=sh600070%2Cday%2C2010-01-01%2C2011-12-31%2C640%2C&r=0.8205512681390605,https://proxy.finance.qq.com/ifzqgtimg/appstock/app/newfqkline/get?_var=kline_day2026&param=sh600070%2Cday%2C2026-01-01%2C2027-12-31%2C640%2C&r=0.8205512681390605,17,3593,3593,3593,0,0,2,1,0.03000000000000025,2018-08-16,2018-08-16,1
600077,checked,2026-09-26T12:45:03+00:00,2026-09-26T12:45:14+00:00,https://money.finance.sina.com.cn/quotes_service/api/json_v2.php/CN_MarketData.getKLineData?symbol=sh600077&scale=240&ma=no&datalen=6000,76a609cf131b29f368613e6c3d55ed00ca2743c16ee7a6f92f59b6065cee25e7,c36b861a930e4fdf5006be63ebcaf0b5fd5974347c9ca6b1dfe646e7b0c8de61,https://proxy.finance.qq.com/ifzqgtimg/appstock/app/newfqkline/get?_var=kline_day2010&param=sh600077%2Cday%2C2010-01-01%2C2011-12-31%2C640%2C&r=0.8205512681390605,https://proxy.finance.qq.com/ifzqgtimg/appstock/app/newfqkline/get?_var=kline_day2024&param=sh600077%2Cday%2C2024-01-01%2C2025-12-31%2C640%2C&r=0.8205512681390605,15,3217,3217,3217,0,0,0,0,0.0,,,0
600083,checked,2026-09-26T12:45:04+00:00,2026-09-26T12:45:14+00:00,https://money.finance.sina.com.cn/quotes_service/api/json_v2.php/CN_MarketData.getKLineData?symbol=sh600083&scale=240&ma=no&datalen=6000,aa41bd0bcdc26b3dd714b3ed56bc234ff7d437b62ff20c11e3c13f5f4c298402,3bc0f5a1da23fd8d852af7010d74907df44fa98909cb30cdc972ed713ee41c8d,https://proxy.finance.qq.com/ifzqgtimg/appstock/app/newfqkline/get?_var=kline_day2010&param=sh600083%2Cday%2C2010-01-01%2C2011-12-31%2C640%2C&r=0.8205512681390605,https://proxy.finance.qq.com/ifzqgtimg/appstock/app/newfqkline/get?_var=kline_day2026&param=sh600083%2Cday%2C2026-01-01%2C2027-12-31%2C640%2C&r=0.8205512681390605,17,3514,3514,3514,0,0,2,1,0.08999999999999986,2015-12-07,2017-10-25,0
600213,checked,2026-09-26T12:45:08+00:00,2026-09-26T12:45:18+00:00,https://money.finance.sina.com.cn/quotes_service/api/json_v2.php/CN_MarketData.getKLineData?symbol=sh600213&scale=240&ma=no&datalen=6000,96479facaa51883185bcf8aeeeddcae0c9bab456c2fff05bd1e4b642fbc2630e,392bfd59619e6c7c65f72e9ba7dc89869fe1baaa82c7eff6b3ae4ad9983e3f74,https://proxy.finance.qq.com/ifzqgtimg/appstock/app/newfqkline/get?_var=kline_day2010&param=sh600213%2Cday%2C2010-01-01%2C2011-12-31%2C640%2C&r=0.8205512681390605,https://proxy.finance.qq.com/ifzqgtimg/appstock/app/newfqkline/get?_var=kline_day2025&param=sh600213%2Cday%2C2025-01-01%2C2026-12-31%2C640%2C&r=0.8205512681390605,16,3529,3529,3529,0,0,1,1,0.019999999999999574,2015-12-03,2015-12-03,0
600242,checked,2026-09-26T12:45:08+00:00,2026-09-26T12:45:17+00:00,https://money.finance.sina.com.cn/quotes_service/api/json_v2.php/CN_MarketData.getKLineData?symbol=sh600242&scale=240&ma=no&datalen=6000,3b1a82b1f23d25290a3a3505612547fca81a9d473cec91a2ef35a312c616cd53,6a9ecaef2bf82c969d356bc41b2b8e4528d00dc32d96540891ab917055b1961a,https://proxy.finance.qq.com/ifzqgtimg/appstock/app/newfqkline/get?_var=kline_day2010&param=sh600242%2Cday%2C2010-01-01%2C2011-12-31%2C640%2C&r=0.8205512681390605,https://proxy.finance.qq.com/ifzqgtimg/appstock/app/newfqkline/get?_var=kline_day2024&param=sh600242%2Cday%2C2024-01-01%2C2025-12-31%2C640%2C&r=0.8205512681390605,15,2906,2906,2906,0,0,4,2,0.0600000000000005,2017-09-15,2017-10-18,0
600306,checked,2026-09-26T12:45:10+00:00,2026-09-26T12:45:19+00:00,https://money.finance.sina.com.cn/quotes_service/api/json_v2.php/CN_MarketData.getKLineData?symbol=sh600306&scale=240&ma=no&datalen=6000,a97d64e9bb0483a335839de8da79cec66c5eb53e0c030ba6fea0ec86c64d97bd,4a1de8c2abbb7e1f549e157a1ba6870e5fe4ab8444a5f64bcff82ee0674fc003,https://proxy.finance.qq.com/ifzqgtimg/appstock/app/newfqkline/get?_var=kline_day2010&param=sh600306%2Cday%2C2010-01-01%2C2011-12-31%2C640%2C&r=0.8205512681390605,https://proxy.finance.qq.com/ifzqgtimg/appstock/app/newfqkline/get?_var=kline_day2025&param=sh600306%2Cday%2C2025-01-01%2C2026-12-31%2C640%2C&r=0.8205512681390605,16,3200,3200,3200,0,0,4,1,0.019999999999999574,2017-02-17,2017-02-17,0
600355,checked,2026-09-26T12:45:11+00:00,2026-09-26T12:45:21+00:00,https://money.finance.sina.com.cn/quotes_service/api/json_v2.php/CN_MarketData.getKLineData?symbol=sh600355&scale=240&ma=no&datalen=6000,fd9c658a6bafe8ad1b9c7f67477fb0d96c9456aa38774ff4084919e5a643c975,d1f9c831f95e11895921f987f4409f70f125ab34e04102661da9bba41fbe466a,https://proxy.finance.qq.com/ifzqgtimg/appstock/app/newfqkline/get?_var=kline_day2010&param=sh600355%2Cday%2C2010-01-01%2C2011-12-31%2C640%2C&r=0.8205512681390605,https://proxy.finance.qq.com/ifzqgtimg/appstock/app/newfqkline/get?_var=kline_day2026&param=sh600355%2Cday%2C2026-01-01%2C2027-12-31%2C640%2C&r=0.8205512681390605,17,3850,3850,3850,0,0,0,0,0.0,,,0
600385,checked,2026-09-26T12:45:13+00:00,2026-09-26T12:45:22+00:00,https://money.finance.sina.com.cn/quotes_service/api/json_v2.php/CN_MarketData.getKLineData?symbol=sh600385&scale=240&ma=no&datalen=6000,9d04d9594cadbbaa485bd5aa6d09051af7755350f9db7eaa0d202c8a0ebbe667,6adee25979837d7141d7ef883e1b5008adbf1e130183043047fce61565859e73,https://proxy.finance.qq.com/ifzqgtimg/appstock/app/newfqkline/get?_var=kline_day2010&param=sh600385%2Cday%2C2010-01-01%2C2011-12-31%2C640%2C&r=0.8205512681390605,https://proxy.finance.qq.com/ifzqgtimg/appstock/app/newfqkline/get?_var=kline_day2023&param=sh600385%2Cday%2C2023-01-01%2C2024-12-31%2C640%2C&r=0.8205512681390605,14,2591,2591,2591,0,0,0,0,0.0,,,0
600466,checked,2026-09-26T12:45:14+00:00,2026-09-26T12:45:26+00:00,https://money.finance.sina.com.cn/quotes_service/api/json_v2.php/CN_MarketData.getKLineData?symbol=sh600466&scale=240&ma=no&datalen=6000,75448ac53618d57bd05ce887103a14f0ff871c4178bf98011e48a4f372dbc512,313bf2c4170d7939f4523926ba19e2590356c9fc8eb4a2a6a70771aed983fe72,https://proxy.finance.qq.com/ifzqgtimg/appstock/app/newfqkline/get?_var=kline_day2010&param=sh600466%2Cday%2C2010-01-01%2C2011-12-31%2C640%2C&r=0.8205512681390605,https://proxy.finance.qq.com/ifzqgtimg/appstock/app/newfqkline/get?_var=kline_day2024&param=sh600466%2Cday%2C2024-01-01%2C2025-12-31%2C640%2C&r=0.8205512681390605,15,3072,3072,3072,0,0,2,1,0.019999999999999574,2017-07-11,2017-07-11,0
600532,checked,2026-09-26T12:45:14+00:00,2026-09-26T12:45:25+00:00,https://money.finance.sina.com.cn/quotes_service/api/json_v2.php/CN_MarketData.getKLineData?symbol=sh600532&scale=240&ma=no&datalen=6000,08bccff7d35fa36705338b383ab662b6ac93499810a59bfb8edf6fad57e7d408,0a391aea8c0d8607f5de81169ffb22e58578003a63cd86f1883c541d0aaf637c,https://proxy.finance.qq.com/ifzqgtimg/appstock/app/newfqkline/get?_var=kline_day2010&param=sh600532%2Cday%2C2010-01-01%2C2011-12-31%2C640%2C&r=0.8205512681390605,https://proxy.finance.qq.com/ifzqgtimg/appstock/app/newfqkline/get?_var=kline_day2024&param=sh600532%2Cday%2C2024-01-01%2C2025-12-31%2C640%2C&r=0.8205512681390605,15,3022,3022,3022,0,0,0,0,0.0,,,0
600634,checked,2026-09-26T12:45:16+00:00,2026-09-26T12:45:24+00:00,https://money.finance.sina.com.cn/quotes_service/api/json_v2.php/CN_MarketData.getKLineData?symbol=sh600634&scale=240&ma=no&datalen=6000,24ef77ed1cf88a01bbe007b616f0193fc9988578de95c340650ce67c62194d4b,4061d230905ec027c6f04ff750ac75d2ad1dd00e3703bfa6518ae4a573be6a19,https://proxy.finance.qq.com/ifzqgtimg/appstock/app/newfqkline/get?_var=kline_day2010&param=sh600634%2Cday%2C2010-01-01%2C2011-12-31%2C640%2C&r=0.8205512681390605,https://proxy.finance.qq.com/ifzqgtimg/appstock/app/newfqkline/get?_var=kline_day2022&param=sh600634%2Cday%2C2022-01-01%2C2023-12-31%2C640%2C&r=0.8205512681390605,13,1865,1865,1865,0,0,2,0,0.009999999999999787,2018-04-10,,0
600647,checked,2026-09-26T12:45:17+00:00,2026-09-26T12:45:27+00:00,https://money.finance.sina.com.cn/quotes_service/api/json_v2.php/CN_MarketData.getKLineData?symbol=sh600647&scale=240&ma=no&datalen=6000,851e72e681141d7fcf6ae19f4875c4b45d136c480a64e8b1dc4d7c62344600c3,9acc39781b4cb1f55949120768b758b1f428d6a22db48c54bcfa00581b6d6ce6,https://proxy.finance.qq.com/ifzqgtimg/appstock/app/newfqkline/get?_var=kline_day2010&param=sh600647%2Cday%2C2010-01-01%2C2011-12-31%2C640%2C&r=0.8205512681390605,https://proxy.finance.qq.com/ifzqgtimg/appstock/app/newfqkline/get?_var=kline_day2025&param=sh600647%2Cday%2C2025-01-01%2C2026-12-31%2C640%2C&r=0.8205512681390605,16,3348,3348,3348,0,0,1,0,0.00999999999999801,2015-12-03,,0
600656,checked,2026-09-26T12:45:18+00:00,2026-09-26T12:45:23+00:00,https://money.finance.sina.com.cn/quotes_service/api/json_v2.php/CN_MarketData.getKLineData?symbol=sh600656&scale=240&ma=no&datalen=6000,11ab4c12d309ce0391e6d49f51fc83e8b329dbb25721cee67803636e96b48cf1,4d5ddc95aa42c799a18f91d3fb8c09c6215ebeb6f7a04be698cee2d9ee76d9be,https://proxy.finance.qq.com/ifzqgtimg/appstock/app/newfqkline/get?_var=kline_day2010&param=sh600656%2Cday%2C2010-01-01%2C2011-12-31%2C640%2C&r=0.8205512681390605,https://proxy.finance.qq.com/ifzqgtimg/appstock/app/newfqkline/get?_var=kline_day2017&param=sh600656%2Cday%2C2017-01-01%2C2018-12-31%2C640%2C&r=0.8205512681390605,8,1144,1144,1144,0,0,0,0,0.0,,,0
600687,checked,2026-09-26T12:45:19+00:00,2026-09-26T12:45:27+00:00,https://money.finance.sina.com.cn/quotes_service/api/json_v2.php/CN_MarketData.getKLineData?symbol=sh600687&scale=240&ma=no&datalen=6000,3b3b98cd6fcf59ec43b9f21611e2990d05618ad3733da6f7c94ffdcc5c40669a,0376b056c60b0240bedc1e4969b6ae4936f06170d539edc3c32120566c599f43,https://proxy.finance.qq.com/ifzqgtimg/appstock/app/newfqkline/get?_var=kline_day2010&param=sh600687%2Cday%2C2010-01-01%2C2011-12-31%2C640%2C&r=0.8205512681390605,https://proxy.finance.qq.com/ifzqgtimg/appstock/app/newfqkline/get?_var=kline_day2022&param=sh600687%2Cday%2C2022-01-01%2C2023-12-31%2C640%2C&r=0.8205512681390605,13,2179,2179,2179,0,0,2,1,0.029999999999997584,2015-12-03,2015-12-03,0
600766,checked,2026-09-26T12:45:21+00:00,2026-09-26T12:45:33+00:00,https://money.finance.sina.com.cn/quotes_service/api/json_v2.php/CN_MarketData.getKLineData?symbol=sh600766&scale=240&ma=no&datalen=6000,257cf172fb2924b411b063dc0e45dc38197de11713abf4a57bbf7ae10f7cfa0b,cace3bc3f7c12a1c46130216bb061a336855547d3a6c5bb947c3e0c8350468a9,https://proxy.finance.qq.com/ifzqgtimg/appstock/app/newfqkline/get?_var=kline_day2010&param=sh600766%2Cday%2C2010-01-01%2C2011-12-31%2C640%2C&r=0.8205512681390605,https://proxy.finance.qq.com/ifzqgtimg/appstock/app/newfqkline/get?_var=kline_day2025&param=sh600766%2Cday%2C2025-01-01%2C2026-12-31%2C640%2C&r=0.8205512681390605,16,3216,3216,3216,0,0,2,1,0.07000000000000028,2015-12-03,2015-12-03,0
600856,checked,2026-09-26T12:45:22+00:00,2026-09-26T12:45:32+00:00,https://money.finance.sina.com.cn/quotes_service/api/json_v2.php/CN_MarketData.getKLineData?symbol=sh600856&scale=240&ma=no&datalen=6000,56c7d26a97f87d80697e3049e7b697ab27e26a5560cad4e3f477d383823657dc,c1450c1c9d4d862dab1e20ad57643651755cdc834adb2dfaac6d9726b8b46888,https://proxy.finance.qq.com/ifzqgtimg/appstock/app/newfqkline/get?_var=kline_day2010&param=sh600856%2Cday%2C2010-01-01%2C2011-12-31%2C640%2C&r=0.8205512681390605,https://proxy.finance.qq.com/ifzqgtimg/appstock/app/newfqkline/get?_var=kline_day2023&param=sh600856%2Cday%2C2023-01-01%2C2024-12-31%2C640%2C&r=0.8205512681390605,14,2678,2678,2678,0,0,1,0,0.00999999999999801,2015-12-07,,0
600898,checked,2026-09-26T12:45:24+00:00,2026-09-26T12:45:33+00:00,https://money.finance.sina.com.cn/quotes_service/api/json_v2.php/CN_MarketData.getKLineData?symbol=sh600898&scale=240&ma=no&datalen=6000,d0ad0e7f40bc2fbff781787005db9d88ffc9aae7202ad53698e64dbd62763d62,a30e652b48f50ecb1a10bc5b83ec63826849b646663e0a4190fa47b0ab1e07e1,https://proxy.finance.qq.com/ifzqgtimg/appstock/app/newfqkline/get?_var=kline_day2010&param=sh600898%2Cday%2C2010-01-01%2C2011-12-31%2C640%2C&r=0.8205512681390605,https://proxy.finance.qq.com/ifzqgtimg/appstock/app/newfqkline/get?_var=kline_day2026&param=sh600898%2Cday%2C2026-01-01%2C2027-12-31%2C640%2C&r=0.8205512681390605,17,3218,3218,3218,0,0,0,0,0.0,,,0
